tenure_months,contract,internet_service,monthly_charges,churn
6,Month-to-month,Fiber optic,47.22,1
56,Month-to-month,DSL,34.85,0
47,One year,No,13.07,0
32,Month-to-month,Fiber optic,61.96,1
31,Month-to-month,DSL,48.6,0
62,Month-to-month,DSL,,0
6,One year,No,12.92,0
50,Two year,Fiber optic,60.52,0
14,One year,Fiber optic,83.0,0
6,Two year,Fiber optic,90.46,1
38,One year,DSL,60.07,0
71,One year,DSL,25.24,0
53,Month-to-month,Fiber optic,84.27,0
55,One year,Fiber optic,92.24,0
52,Month-to-month,Fiber optic,49.65,0
57,Month-to-month,DSL,57.99,0
37,Month-to-month,No,27.7,0
9,Two year,Fiber optic,66.07,1
61,One year,DSL,46.27,0
32,Two year,DSL,50.32,0
36,Two year,DSL,58.89,0
27,Two year,DSL,58.27,0
13,Month-to-month,Fiber optic,51.92,0
67,Two year,DSL,37.22,0
57,Two year,DSL,46.12,0
47,Two year,No,43.87,0
29,Month-to-month,DSL,12.27,0
60,Month-to-month,Fiber optic,62.67,0
39,Two year,DSL,26.67,0
32,Month-to-month,DSL,28.57,0
32,Month-to-month,Fiber optic,81.83,1
16,Month-to-month,No,18.62,0
6,Month-to-month,Fiber optic,42.0,1
40,Month-to-month,No,23.1,1
64,Two year,Fiber optic,94.43,0
4,Two year,Fiber optic,48.32,1
62,Two year,DSL,51.4,0
60,Month-to-month,DSL,63.81,0
20,Month-to-month,DSL,44.41,1
46,Month-to-month,DSL,68.14,0
12,Month-to-month,Fiber optic,62.08,0
55,Month-to-month,No,42.35,0
51,One year,DSL,59.52,0
25,Two year,Fiber optic,69.61,0
4,Month-to-month,DSL,27.15,0
70,Month-to-month,Fiber optic,57.98,0
32,Month-to-month,Fiber optic,41.87,0
65,Month-to-month,DSL,52.13,0
49,Month-to-month,DSL,50.69,0
56,Month-to-month,DSL,45.95,0
55,Month-to-month,No,23.53,0
14,Month-to-month,Fiber optic,86.29,0
26,Two year,No,28.57,0
34,Month-to-month,Fiber optic,63.34,1
36,Month-to-month,Fiber optic,71.77,0
3,Month-to-month,Fiber optic,94.57,1
39,Month-to-month,Fiber optic,77.47,0
11,One year,Fiber optic,65.32,1
54,Two year,DSL,44.47,0
49,Two year,DSL,50.56,0
67,One year,DSL,39.95,0
54,Month-to-month,Fiber optic,63.89,0
26,Month-to-month,DSL,44.86,0
70,Month-to-month,Fiber optic,88.23,1
29,Month-to-month,DSL,54.49,1
23,Two year,DSL,40.09,0
66,Month-to-month,Fiber optic,80.43,0
27,Month-to-month,DSL,45.1,0
5,Month-to-month,No,29.14,1
34,Month-to-month,Fiber optic,73.04,1
58,Two year,DSL,19.68,0
13,Month-to-month,No,-11.57,0
33,Month-to-month,Fiber optic,72.72,1
9,Month-to-month,Fiber optic,59.77,0
50,Two year,Fiber optic,50.33,0
34,Month-to-month,DSL,35.14,0
24,One year,Fiber optic,81.1,0
16,Month-to-month,DSL,49.29,0
41,Month-to-month,Fiber optic,79.26,1
48,Two year,No,30.44,0
68,Month-to-month,DSL,33.97,0
31,Month-to-month,DSL,54.32,0
11,One year,No,32.03,0
60,Month-to-month,DSL,43.59,0
45,Month-to-month,No,25.71,0
51,Two year,Fiber optic,79.51,0
7,Month-to-month,Fiber optic,61.01,0
22,Month-to-month,DSL,58.05,0
56,Month-to-month,Fiber optic,76.78,0
60,One year,Fiber optic,70.03,0
31,Month-to-month,DSL,63.37,0
58,Month-to-month,DSL,29.47,0
61,One year,Fiber optic,64.48,0
28,One year,Fiber optic,61.81,0
65,Two year,Fiber optic,74.3,0
21,Month-to-month,Fiber optic,84.19,0
17,Month-to-month,Fiber optic,58.2,0
49,Month-to-month,DSL,84.67,0
46,One year,DSL,37.05,0
10,Month-to-month,Fiber optic,74.33,1
60,One year,Fiber optic,70.03,0
14,Month-to-month,DSL,45.55,0
58,Two year,Fiber optic,60.49,0
0,Two year,Fiber optic,82.81,0
58,Month-to-month,Fiber optic,59.75,0
57,Two year,DSL,23.77,0
56,Two year,Fiber optic,56.54,0
48,Month-to-month,Fiber optic,87.34,1
34,Month-to-month,DSL,60.01,0
51,One year,DSL,20.91,0
20,Month-to-month,DSL,54.76,0
56,Month-to-month,No,1.22,0
40,Month-to-month,DSL,44.67,0
33,Two year,Fiber optic,55.51,0
36,Month-to-month,Fiber optic,80.69,0
41,One year,Fiber optic,76.66,1
2,Month-to-month,Fiber optic,81.75,0
10,Month-to-month,Fiber optic,66.46,1
17,Two year,Fiber optic,67.7,1
8,Month-to-month,DSL,27.01,0
32,Month-to-month,DSL,32.63,0
48,Month-to-month,Fiber optic,81.38,0
47,One year,DSL,49.41,0
34,Month-to-month,Fiber optic,71.25,0
62,Month-to-month,DSL,60.15,0
41,Month-to-month,DSL,29.4,0
5,Month-to-month,Fiber optic,78.64,1
55,Month-to-month,Fiber optic,55.85,0
41,Month-to-month,No,42.73,0
46,Month-to-month,DSL,51.53,0
41,Month-to-month,DSL,56.57,0
40,One year,Fiber optic,61.58,0
6,One year,Fiber optic,96.19,0
40,Month-to-month,Fiber optic,93.98,0
58,Month-to-month,No,30.16,0
22,Month-to-month,Fiber optic,84.1,1
44,Two year,Fiber optic,66.38,0
2,Month-to-month,No,9.78,1
25,Month-to-month,DSL,54.55,0
31,Month-to-month,Fiber optic,58.97,1
71,Month-to-month,DSL,60.72,0
15,Month-to-month,DSL,57.57,0
20,Month-to-month,No,27.82,0
29,One year,Fiber optic,72.15,0
72,One year,DSL,56.87,0
62,One year,Fiber optic,73.29,0
2,One year,DSL,40.15,0
17,Month-to-month,DSL,26.83,0
59,Two year,DSL,56.51,0
4,One year,DSL,49.4,0
62,Two year,DSL,78.07,0
20,One year,Fiber optic,68.85,1
66,Month-to-month,Fiber optic,73.62,0
21,Month-to-month,Fiber optic,73.91,0
31,Month-to-month,DSL,52.81,1
48,Month-to-month,Fiber optic,58.4,1
9,Month-to-month,DSL,44.07,1
40,Month-to-month,DSL,54.93,0
36,Month-to-month,No,21.01,0
57,Two year,Fiber optic,79.48,0
72,One year,DSL,46.16,0
48,One year,DSL,49.82,0
29,Month-to-month,No,38.81,0
29,One year,DSL,42.27,0
30,Two year,Fiber optic,52.58,0
59,One year,Fiber optic,66.8,0
23,One year,No,15.09,1
12,Month-to-month,DSL,19.49,1
24,Month-to-month,DSL,43.72,1
1,One year,DSL,47.39,0
7,Two year,DSL,57.25,0
6,Month-to-month,DSL,31.33,1
56,Month-to-month,No,,0
52,Month-to-month,No,38.54,0
50,Month-to-month,Fiber optic,63.1,0
33,Two year,Fiber optic,76.43,0
52,One year,Fiber optic,89.17,0
11,Month-to-month,Fiber optic,47.65,1
65,Month-to-month,DSL,48.27,0
36,Month-to-month,DSL,58.95,0
68,Month-to-month,Fiber optic,65.79,0
11,Month-to-month,Fiber optic,86.64,1
36,Two year,DSL,52.61,0
50,One year,DSL,66.23,0
36,Month-to-month,DSL,51.99,0
32,One year,Fiber optic,92.23,0
12,One year,Fiber optic,73.6,0
27,Month-to-month,DSL,,0
17,One year,DSL,37.43,0
22,One year,DSL,57.22,0
49,Two year,No,36.98,0
46,Month-to-month,Fiber optic,66.27,0
44,Month-to-month,Fiber optic,91.65,1
26,Month-to-month,Fiber optic,65.75,1
70,Month-to-month,Fiber optic,75.54,1
6,Month-to-month,Fiber optic,75.21,0
25,One year,Fiber optic,54.03,0
8,Month-to-month,Fiber optic,68.67,0
24,Month-to-month,DSL,73.56,0
70,Two year,Fiber optic,58.93,0
26,Month-to-month,DSL,52.5,0
66,Month-to-month,Fiber optic,56.15,0
36,One year,Fiber optic,58.81,0
51,Month-to-month,Fiber optic,53.03,0
33,Month-to-month,Fiber optic,81.29,0
19,One year,Fiber optic,59.54,0
55,Month-to-month,DSL,60.21,0
70,Month-to-month,No,18.62,0
19,Month-to-month,Fiber optic,71.54,0
56,Two year,Fiber optic,74.94,0
19,Month-to-month,Fiber optic,50.6,0
52,One year,DSL,47.44,0
57,Month-to-month,Fiber optic,74.2,0
32,One year,Fiber optic,83.68,1
53,Month-to-month,DSL,33.49,1
19,Month-to-month,DSL,35.2,1
5,Month-to-month,DSL,52.91,0
7,One year,Fiber optic,86.95,1
32,Month-to-month,Fiber optic,62.89,0
65,Month-to-month,Fiber optic,55.18,1
9,Month-to-month,DSL,41.2,0
33,Month-to-month,DSL,32.84,0
51,One year,Fiber optic,74.77,0
14,Month-to-month,DSL,32.04,1
52,Month-to-month,Fiber optic,81.67,1
22,Month-to-month,DSL,47.55,0
59,Month-to-month,Fiber optic,82.05,0
42,Month-to-month,Fiber optic,40.92,1
39,Month-to-month,Fiber optic,48.9,1
12,Month-to-month,DSL,60.51,0
33,Two year,Fiber optic,61.37,0
62,Month-to-month,Fiber optic,52.4,0
1,Two year,DSL,42.57,0
55,Month-to-month,DSL,47.91,0
35,Month-to-month,DSL,43.1,0
52,Month-to-month,DSL,50.62,0
48,Month-to-month,DSL,48.99,0
31,One year,DSL,48.36,0
22,Two year,Fiber optic,86.18,0
45,One year,Fiber optic,69.83,0
10,One year,Fiber optic,69.48,1
42,Month-to-month,Fiber optic,79.63,0
6,Month-to-month,Fiber optic,76.63,1
47,One year,Fiber optic,59.17,0
45,Month-to-month,Fiber optic,68.89,0
6,Month-to-month,DSL,50.26,0
55,Two year,DSL,37.96,0
30,Two year,DSL,38.53,0
57,One year,No,8.3,0
3,Month-to-month,Fiber optic,35.41,1
13,Two year,Fiber optic,65.51,0
36,Month-to-month,Fiber optic,71.53,0
13,Month-to-month,DSL,31.86,0
24,Month-to-month,Fiber optic,86.53,1
48,Two year,DSL,32.44,0
10,Two year,Fiber optic,,1
49,One year,DSL,50.02,0
7,Month-to-month,DSL,71.12,0
12,Month-to-month,Fiber optic,76.48,1
42,Month-to-month,DSL,27.64,0
57,Two year,DSL,57.65,0
12,Month-to-month,DSL,65.37,0
21,Month-to-month,DSL,23.73,1
67,One year,Fiber optic,77.67,0
72,Month-to-month,Fiber optic,80.32,1
42,Two year,DSL,42.45,0
32,Month-to-month,Fiber optic,40.94,0
25,Two year,Fiber optic,66.45,0
44,Month-to-month,Fiber optic,63.03,0
43,Month-to-month,DSL,63.36,0
21,Month-to-month,Fiber optic,68.94,1
1,Month-to-month,No,20.05,0
11,One year,Fiber optic,62.96,1
69,Month-to-month,Fiber optic,73.91,1
30,Month-to-month,Fiber optic,70.68,1
35,One year,Fiber optic,60.52,1
34,Month-to-month,Fiber optic,73.17,0
57,One year,DSL,38.31,0
4,One year,Fiber optic,38.89,0
6,Month-to-month,Fiber optic,78.02,1
20,One year,Fiber optic,76.88,0
35,Month-to-month,Fiber optic,72.4,1
48,Month-to-month,No,19.69,1
35,Month-to-month,Fiber optic,69.14,0
32,Two year,DSL,54.83,0
68,One year,Fiber optic,62.42,0
11,Month-to-month,Fiber optic,80.32,0
41,Two year,DSL,27.3,0
39,Month-to-month,Fiber optic,72.02,1
34,Two year,DSL,45.31,0
58,One year,DSL,57.03,0
19,Two year,Fiber optic,58.97,1
69,Two year,No,15.28,0
24,Two year,Fiber optic,53.27,0
39,Month-to-month,No,18.2,0
38,One year,No,28.07,0
62,Two year,Fiber optic,48.43,0
32,One year,Fiber optic,64.69,1
20,Month-to-month,DSL,52.33,0
1,Two year,Fiber optic,68.77,1
26,Month-to-month,DSL,45.9,0
60,Month-to-month,Fiber optic,51.93,0
0,Month-to-month,Fiber optic,68.8,0
65,Month-to-month,DSL,45.34,0
39,One year,DSL,43.04,0
10,Month-to-month,DSL,46.83,1
22,One year,DSL,41.29,0
40,Two year,Fiber optic,64.53,0
23,Month-to-month,Fiber optic,57.52,1
7,One year,Fiber optic,81.69,1
48,Month-to-month,Fiber optic,55.28,1
49,Two year,Fiber optic,71.9,0
8,Two year,DSL,66.76,0
20,Month-to-month,Fiber optic,83.22,0
17,One year,Fiber optic,76.11,0
48,Month-to-month,DSL,48.0,0
53,Month-to-month,Fiber optic,68.47,1
53,One year,No,14.18,0
68,Month-to-month,Fiber optic,66.95,0
56,One year,Fiber optic,76.9,0
23,Month-to-month,DSL,49.68,0
7,Month-to-month,DSL,54.46,1
44,Two year,DSL,59.64,0
66,Month-to-month,Fiber optic,68.1,0
71,One year,Fiber optic,72.3,0
16,Month-to-month,DSL,22.21,0
17,Two year,Fiber optic,97.07,0
2,One year,DSL,40.03,0
10,Month-to-month,Fiber optic,77.82,1
40,Month-to-month,Fiber optic,65.03,0
39,Month-to-month,Fiber optic,64.75,0
27,Two year,DSL,42.16,0
22,Month-to-month,Fiber optic,55.06,0
60,Month-to-month,No,-4.76,0
33,One year,Fiber optic,83.92,0
59,Month-to-month,Fiber optic,76.55,1
70,Month-to-month,Fiber optic,59.01,0
23,Month-to-month,DSL,50.42,1
14,Month-to-month,DSL,54.89,0
69,One year,DSL,36.68,0
46,Two year,Fiber optic,74.94,0
21,Two year,DSL,57.08,0
45,Two year,Fiber optic,52.74,0
37,Month-to-month,DSL,51.4,0
66,Month-to-month,DSL,49.37,0
18,One year,Fiber optic,92.57,0
72,Two year,DSL,51.68,0
68,One year,DSL,40.07,0
13,Month-to-month,Fiber optic,66.46,0
12,One year,Fiber optic,94.28,0
38,One year,Fiber optic,65.74,0
3,Two year,DSL,52.03,0
21,One year,DSL,42.14,0
31,Month-to-month,Fiber optic,82.98,0
70,Month-to-month,Fiber optic,83.57,0
72,Month-to-month,Fiber optic,69.73,1
11,Month-to-month,Fiber optic,65.12,0
65,Two year,Fiber optic,64.83,0
6,Month-to-month,Fiber optic,49.27,1
54,Month-to-month,Fiber optic,71.21,0
61,Month-to-month,DSL,45.96,0
65,One year,DSL,35.21,0
16,Month-to-month,Fiber optic,47.98,0
65,Month-to-month,DSL,47.48,0
8,Two year,Fiber optic,73.99,0
37,Month-to-month,Fiber optic,74.74,1
34,Month-to-month,No,13.12,0
23,Month-to-month,DSL,49.76,0
1,One year,Fiber optic,67.86,0
56,One year,Fiber optic,80.37,0
24,Two year,DSL,33.3,0
48,Month-to-month,Fiber optic,83.8,1
29,Two year,No,43.12,0
27,One year,Fiber optic,71.39,0
64,Month-to-month,Fiber optic,74.84,0
6,Month-to-month,DSL,54.41,0
53,Month-to-month,DSL,32.69,0
54,Two year,Fiber optic,64.16,0
27,Month-to-month,No,27.21,0
19,Month-to-month,No,49.32,0
0,One year,Fiber optic,55.65,0
68,Two year,Fiber optic,89.65,0
69,One year,Fiber optic,67.68,0
17,One year,DSL,44.59,1
2,Month-to-month,DSL,59.62,0
8,Two year,Fiber optic,94.26,0
4,Month-to-month,No,30.07,0
60,Month-to-month,Fiber optic,83.98,0
65,Two year,DSL,33.96,0
11,Month-to-month,DSL,38.65,1
54,Month-to-month,Fiber optic,53.77,1
13,One year,Fiber optic,63.81,0
26,Month-to-month,Fiber optic,76.78,0
43,Month-to-month,No,27.55,0
52,One year,Fiber optic,90.73,0
63,One year,DSL,69.66,0
3,One year,Fiber optic,68.36,1
14,Month-to-month,Fiber optic,61.84,0
20,One year,No,38.92,0
22,Two year,Fiber optic,85.17,0
72,Month-to-month,DSL,50.29,0
56,Month-to-month,Fiber optic,78.47,1
23,Month-to-month,Fiber optic,76.59,0
70,Month-to-month,Fiber optic,58.13,1
36,Month-to-month,Fiber optic,55.38,0
36,One year,DSL,44.39,0
31,Two year,Fiber optic,67.59,0
10,Month-to-month,Fiber optic,73.32,1
68,One year,Fiber optic,68.43,0
1,Month-to-month,DSL,24.56,1
12,Month-to-month,DSL,19.65,0
16,One year,DSL,53.85,0
20,Month-to-month,No,17.05,0
9,Two year,Fiber optic,67.21,1
1,Month-to-month,Fiber optic,63.3,0
49,Month-to-month,DSL,34.04,0
70,Month-to-month,Fiber optic,58.72,0
8,Month-to-month,DSL,57.24,0
21,Two year,DSL,42.13,1
36,One year,Fiber optic,77.62,1
67,Month-to-month,No,34.23,0
50,Month-to-month,Fiber optic,73.8,0
55,One year,DSL,54.62,0
42,One year,Fiber optic,70.17,0
30,Month-to-month,DSL,61.37,0
14,Month-to-month,Fiber optic,79.88,1
63,Month-to-month,No,36.48,0
58,Month-to-month,No,13.74,0
1,Month-to-month,DSL,48.16,0
52,Month-to-month,DSL,22.98,0
6,Month-to-month,DSL,61.81,1
53,Month-to-month,DSL,37.52,0
60,Month-to-month,DSL,39.18,0
9,Two year,DSL,28.59,0
31,One year,DSL,44.56,0
9,Month-to-month,DSL,41.78,0
41,Month-to-month,Fiber optic,91.87,1
67,Month-to-month,No,35.31,0
5,Two year,Fiber optic,63.82,0
29,One year,Fiber optic,50.01,0
71,Month-to-month,No,-2.4,0
21,Two year,Fiber optic,57.68,0
9,Two year,Fiber optic,54.03,0
35,Two year,DSL,49.18,0
37,Month-to-month,DSL,43.26,0
48,Month-to-month,Fiber optic,70.21,0
22,One year,DSL,33.61,0
69,Month-to-month,Fiber optic,71.82,0
38,One year,Fiber optic,52.96,0
20,One year,Fiber optic,,1
70,Month-to-month,Fiber optic,79.96,0
67,Month-to-month,No,20.61,0
36,Month-to-month,DSL,50.32,0
1,Month-to-month,DSL,21.28,0
43,One year,No,0.31,1
40,One year,No,28.93,0
10,Month-to-month,DSL,57.56,0
46,One year,Fiber optic,67.14,0
61,Month-to-month,DSL,70.74,0
7,One year,DSL,27.68,0
52,Month-to-month,Fiber optic,61.84,0
10,One year,Fiber optic,71.68,0
54,One year,Fiber optic,75.57,0
30,Month-to-month,Fiber optic,62.99,0
0,One year,DSL,32.29,0
70,Two year,DSL,52.44,0
12,Month-to-month,Fiber optic,71.6,0
43,One year,Fiber optic,65.86,0
13,Two year,DSL,50.99,0
68,Two year,Fiber optic,68.36,0
53,Month-to-month,Fiber optic,68.32,0
58,One year,DSL,42.88,0
31,Two year,DSL,35.15,0
34,One year,DSL,33.93,0
46,Month-to-month,DSL,38.69,0
57,Month-to-month,Fiber optic,70.38,0
61,One year,No,2.54,1
1,Month-to-month,DSL,56.34,0
48,Month-to-month,DSL,45.22,0
7,Month-to-month,Fiber optic,57.22,1
21,One year,DSL,64.4,0
60,Month-to-month,Fiber optic,70.5,0
18,Two year,Fiber optic,53.98,0
58,One year,DSL,63.86,0
33,Two year,DSL,61.26,0
16,Two year,Fiber optic,59.09,1
24,Month-to-month,DSL,41.12,0
38,One year,Fiber optic,64.51,0
55,Month-to-month,DSL,22.33,0
44,Two year,Fiber optic,73.9,0
68,Month-to-month,Fiber optic,80.14,0
63,One year,DSL,52.88,0
54,Two year,Fiber optic,70.39,0
44,Month-to-month,No,36.31,1
21,Two year,Fiber optic,56.38,1
30,Month-to-month,DSL,66.82,0
8,Month-to-month,Fiber optic,60.74,1
27,Month-to-month,DSL,37.07,1
67,Month-to-month,No,18.1,0
31,One year,DSL,37.22,0
8,Two year,Fiber optic,,1
47,Month-to-month,DSL,42.22,0
70,One year,DSL,46.56,0
63,Two year,Fiber optic,60.18,0
20,One year,DSL,47.0,0
33,Month-to-month,DSL,31.91,0
38,Two year,DSL,53.79,0
18,Month-to-month,Fiber optic,78.64,1
19,One year,Fiber optic,69.93,1
17,One year,No,17.2,0
72,One year,DSL,48.73,0
54,Month-to-month,DSL,34.35,0
61,Month-to-month,No,25.41,0
59,One year,Fiber optic,68.18,0
70,Month-to-month,Fiber optic,101.56,1
7,Month-to-month,DSL,30.28,1
64,One year,DSL,12.99,0
4,One year,No,17.35,1
34,Month-to-month,DSL,24.41,0
43,Month-to-month,Fiber optic,61.28,1
26,Two year,Fiber optic,54.43,0
10,Month-to-month,Fiber optic,59.15,1
14,Month-to-month,No,12.22,0
60,Month-to-month,Fiber optic,81.56,1
23,Month-to-month,DSL,44.42,0
22,Two year,Fiber optic,82.91,0
67,Month-to-month,Fiber optic,70.49,0
10,Month-to-month,Fiber optic,,1
66,Month-to-month,DSL,41.37,0
67,Month-to-month,Fiber optic,89.13,0
43,Month-to-month,No,30.65,1
12,Two year,No,15.64,0
11,One year,Fiber optic,77.43,0
20,Month-to-month,DSL,45.33,0
42,Month-to-month,Fiber optic,67.57,1
11,Month-to-month,Fiber optic,71.15,1
33,Month-to-month,Fiber optic,79.01,0
8,One year,DSL,19.59,0
39,Month-to-month,DSL,40.79,0
1,One year,Fiber optic,78.19,0
51,Two year,DSL,47.98,0
4,Month-to-month,DSL,31.48,1
14,Two year,DSL,16.59,0
12,Month-to-month,DSL,65.41,0
60,Month-to-month,DSL,42.76,0
3,Two year,DSL,63.17,0
31,Month-to-month,Fiber optic,79.54,0
43,One year,DSL,35.48,0
37,One year,Fiber optic,39.98,0
49,Month-to-month,DSL,39.45,0
58,Two year,DSL,44.55,0
28,Month-to-month,Fiber optic,75.41,0
60,Two year,Fiber optic,56.67,0
23,Month-to-month,DSL,47.14,0
71,Month-to-month,DSL,47.13,0
36,Month-to-month,DSL,56.83,0
53,Two year,DSL,41.32,0
63,Month-to-month,Fiber optic,75.31,1
57,Two year,Fiber optic,73.46,0
62,Month-to-month,DSL,55.51,1
39,Month-to-month,Fiber optic,60.16,0
3,Month-to-month,DSL,8.15,0
35,Month-to-month,Fiber optic,67.16,1
13,Two year,Fiber optic,67.23,1
64,Month-to-month,DSL,31.11,0
17,One year,DSL,26.9,0
16,One year,DSL,38.1,0
18,Month-to-month,Fiber optic,68.62,1
46,One year,DSL,46.15,0
41,Two year,DSL,17.58,0
69,One year,DSL,23.96,0
30,Month-to-month,DSL,58.55,0
20,One year,Fiber optic,67.72,0
3,One year,DSL,44.97,0
0,Month-to-month,DSL,29.0,0
27,One year,DSL,44.95,0
67,Month-to-month,DSL,40.49,0
38,One year,Fiber optic,62.58,0
65,Two year,No,7.46,0
7,Two year,Fiber optic,59.58,1
6,Two year,Fiber optic,93.66,0
60,One year,DSL,40.81,0
7,One year,Fiber optic,79.48,1
3,Month-to-month,No,22.64,1
29,Month-to-month,Fiber optic,66.25,0
67,Month-to-month,Fiber optic,62.37,0
50,Month-to-month,Fiber optic,86.15,0
7,Two year,Fiber optic,74.48,0
61,Two year,Fiber optic,60.52,0
61,Month-to-month,Fiber optic,65.27,0
58,Month-to-month,Fiber optic,82.91,1
65,One year,Fiber optic,35.94,0
17,Month-to-month,Fiber optic,73.73,0
71,Two year,Fiber optic,76.45,0
23,Two year,Fiber optic,61.0,0
58,Month-to-month,Fiber optic,71.86,0
42,Month-to-month,Fiber optic,76.03,1
56,Month-to-month,Fiber optic,55.23,0
45,Month-to-month,Fiber optic,80.1,1
46,Month-to-month,Fiber optic,73.57,0
44,Month-to-month,No,23.16,0
56,Month-to-month,Fiber optic,71.26,0
53,Month-to-month,Fiber optic,78.49,0
9,Month-to-month,DSL,72.79,1
60,One year,DSL,52.32,0
39,Month-to-month,Fiber optic,79.73,1
23,Two year,DSL,47.32,0
37,Month-to-month,DSL,67.82,0
70,Month-to-month,No,7.41,0
62,Month-to-month,No,4.15,0
60,One year,DSL,46.84,0
33,Month-to-month,DSL,52.92,0
57,Month-to-month,Fiber optic,39.1,0
28,Month-to-month,DSL,44.96,0
50,Two year,DSL,42.83,0
46,Month-to-month,Fiber optic,78.93,1
18,Month-to-month,Fiber optic,75.14,0
19,Two year,DSL,23.3,0
4,Month-to-month,DSL,32.04,0
10,Month-to-month,DSL,35.32,0
31,Two year,Fiber optic,78.87,0
34,Month-to-month,DSL,49.5,0
12,Month-to-month,Fiber optic,62.55,0
30,Month-to-month,DSL,46.73,1
44,Month-to-month,Fiber optic,57.3,0
16,Two year,Fiber optic,94.6,1
24,One year,Fiber optic,76.89,1
26,One year,Fiber optic,79.43,0
36,Month-to-month,Fiber optic,86.52,0
26,One year,DSL,57.19,0
53,One year,Fiber optic,70.38,0
23,Month-to-month,DSL,42.78,0
31,Two year,DSL,60.46,0
27,One year,Fiber optic,70.32,0
13,One year,DSL,36.01,0
50,Month-to-month,DSL,68.6,0
17,Month-to-month,DSL,33.77,1
21,One year,DSL,24.18,0
57,One year,DSL,56.91,0
69,Month-to-month,No,16.23,0
48,Month-to-month,Fiber optic,75.22,0
66,Two year,Fiber optic,91.81,1
62,Month-to-month,DSL,28.5,0
35,Month-to-month,Fiber optic,69.51,1
56,One year,DSL,62.8,0
23,Month-to-month,Fiber optic,78.18,0
33,Month-to-month,Fiber optic,67.84,1
39,Month-to-month,DSL,73.67,0
70,Two year,Fiber optic,68.86,0
61,Month-to-month,Fiber optic,74.76,0
35,One year,DSL,64.79,0
47,Two year,DSL,56.77,0
14,One year,DSL,60.86,0
58,Month-to-month,Fiber optic,59.21,0
40,Month-to-month,DSL,59.74,0
38,Month-to-month,DSL,47.04,0
55,One year,DSL,36.05,0
46,Two year,Fiber optic,72.66,1
5,One year,Fiber optic,72.28,0
21,Month-to-month,DSL,67.42,0
12,Month-to-month,DSL,49.58,1
53,Two year,Fiber optic,60.63,1
2,Month-to-month,DSL,32.86,0
14,Two year,DSL,44.43,0
43,Month-to-month,Fiber optic,53.84,0
50,One year,DSL,36.42,0
36,Two year,Fiber optic,67.07,0
62,Month-to-month,DSL,39.94,0
67,Month-to-month,DSL,53.72,0
9,Two year,DSL,36.15,0
69,Month-to-month,No,-4.64,0
44,Month-to-month,DSL,24.77,0
46,Month-to-month,Fiber optic,69.79,1
6,Month-to-month,DSL,37.96,0
45,One year,No,10.16,0
52,Month-to-month,Fiber optic,93.5,0
42,Month-to-month,DSL,54.95,1
6,Two year,Fiber optic,69.3,0
38,Month-to-month,DSL,47.8,0
68,Month-to-month,DSL,41.82,0
52,One year,No,9.95,0
10,Two year,DSL,57.37,0
70,One year,Fiber optic,80.22,0
69,Two year,DSL,21.27,0
12,Month-to-month,No,27.72,0
58,Month-to-month,Fiber optic,74.04,0
29,Two year,Fiber optic,66.14,0
43,Two year,DSL,70.17,0
32,One year,DSL,68.86,0
57,Month-to-month,Fiber optic,65.47,0
72,Month-to-month,Fiber optic,67.33,0
58,Month-to-month,Fiber optic,65.92,0
67,Two year,DSL,37.66,0
69,Two year,Fiber optic,58.95,1
6,Month-to-month,DSL,51.08,0
18,Month-to-month,DSL,68.54,0
52,Month-to-month,Fiber optic,88.6,0
43,Month-to-month,DSL,54.47,0
3,One year,Fiber optic,41.11,0
6,One year,Fiber optic,47.63,1
37,Month-to-month,DSL,57.77,0
44,One year,DSL,64.43,0
12,Two year,No,31.64,0
12,Month-to-month,Fiber optic,66.33,0
9,Month-to-month,Fiber optic,86.23,1
41,Month-to-month,Fiber optic,79.04,1
0,Month-to-month,DSL,58.65,0
41,Month-to-month,Fiber optic,47.72,0
34,One year,DSL,49.12,0
34,Month-to-month,DSL,66.29,0
49,Month-to-month,DSL,51.33,0
38,Two year,Fiber optic,81.38,0
53,Month-to-month,Fiber optic,70.44,0
55,One year,DSL,46.27,0
67,One year,DSL,61.83,0
58,Two year,DSL,36.96,0
37,One year,DSL,35.79,0
35,Two year,Fiber optic,64.26,0
17,One year,Fiber optic,70.28,1
43,Month-to-month,Fiber optic,50.68,0
10,Month-to-month,No,33.77,0
67,Month-to-month,DSL,43.03,0
61,Month-to-month,DSL,55.24,0
8,Month-to-month,DSL,19.57,0
57,Month-to-month,Fiber optic,80.29,0
8,Month-to-month,DSL,61.04,1
52,Month-to-month,DSL,50.26,0
6,Month-to-month,Fiber optic,70.36,1
35,One year,DSL,55.38,0
48,One year,DSL,60.26,0
53,Two year,DSL,51.28,0
30,Month-to-month,Fiber optic,77.17,1
67,Two year,DSL,64.88,0
56,One year,No,34.13,0
15,Month-to-month,No,15.4,0
48,Two year,Fiber optic,85.2,0
53,Month-to-month,Fiber optic,68.52,0
24,One year,DSL,45.4,1
53,One year,Fiber optic,71.28,0
65,Month-to-month,Fiber optic,81.63,0
59,One year,DSL,65.99,0
55,Month-to-month,Fiber optic,70.29,0
46,Month-to-month,Fiber optic,90.78,1
19,Month-to-month,No,26.98,0
58,Month-to-month,Fiber optic,86.83,1
26,Month-to-month,No,27.38,1
38,One year,Fiber optic,64.09,0
22,Month-to-month,Fiber optic,93.07,0
22,Month-to-month,Fiber optic,62.95,1
11,One year,Fiber optic,62.14,0
70,Month-to-month,Fiber optic,54.93,0
10,Month-to-month,DSL,60.21,1
6,One year,No,43.04,1
68,Two year,Fiber optic,74.48,0
40,Month-to-month,Fiber optic,58.19,0
31,Month-to-month,DSL,44.92,0
53,One year,DSL,41.37,0
27,Two year,Fiber optic,57.63,0
9,Month-to-month,Fiber optic,64.13,1
53,Month-to-month,Fiber optic,76.07,0
12,Month-to-month,DSL,37.74,0
40,One year,Fiber optic,73.5,0
69,Two year,DSL,23.68,0
68,One year,Fiber optic,90.15,0
26,Month-to-month,Fiber optic,65.3,0
56,One year,DSL,55.44,0
44,Two year,Fiber optic,72.26,0
34,Month-to-month,DSL,49.83,1
10,Two year,DSL,31.42,0
27,Month-to-month,DSL,35.87,0
47,Month-to-month,Fiber optic,61.15,0
72,One year,Fiber optic,70.3,0
0,Month-to-month,Fiber optic,85.91,0
52,Two year,DSL,50.2,0
61,Month-to-month,DSL,34.2,0
69,Month-to-month,Fiber optic,71.05,1
30,Month-to-month,Fiber optic,69.03,0
8,Month-to-month,Fiber optic,65.79,0
19,Month-to-month,Fiber optic,69.82,1
62,One year,Fiber optic,79.16,0
64,Month-to-month,DSL,36.36,0
46,Month-to-month,No,20.85,0
8,One year,Fiber optic,81.79,1
8,Month-to-month,Fiber optic,75.63,0
34,One year,Fiber optic,85.35,1
42,Month-to-month,Fiber optic,87.23,1
2,Month-to-month,DSL,28.67,0
50,One year,Fiber optic,73.46,0
39,One year,No,18.9,0
0,Two year,DSL,30.62,1
6,Month-to-month,DSL,35.53,0
33,Month-to-month,No,21.39,0
52,One year,DSL,41.47,0
60,One year,No,17.72,0
31,One year,Fiber optic,69.84,0
21,One year,No,54.36,0
70,One year,Fiber optic,49.3,0
33,Month-to-month,Fiber optic,83.65,1
23,One year,No,24.78,0
32,Month-to-month,Fiber optic,64.75,1
0,Month-to-month,Fiber optic,45.78,1
22,One year,Fiber optic,79.15,0
37,Month-to-month,Fiber optic,52.71,0
67,Month-to-month,Fiber optic,79.93,0
53,Two year,Fiber optic,90.9,0
57,One year,DSL,29.61,0
39,Month-to-month,DSL,59.02,0
8,Two year,Fiber optic,70.31,0
28,Month-to-month,DSL,19.87,0
72,One year,DSL,30.54,0
3,Month-to-month,DSL,47.14,0
64,Month-to-month,DSL,49.81,0
49,Month-to-month,No,6.03,0
20,Month-to-month,Fiber optic,70.38,1
56,Month-to-month,DSL,54.88,0
61,Month-to-month,No,36.98,0
3,One year,DSL,40.05,0
7,Month-to-month,Fiber optic,75.26,0
48,Month-to-month,DSL,57.87,0
72,Two year,DSL,55.23,0
1,One year,Fiber optic,80.7,1
48,Two year,DSL,46.36,0
9,Month-to-month,DSL,43.87,0
47,Month-to-month,DSL,48.27,0
45,One year,Fiber optic,60.83,0
6,One year,DSL,58.35,1
49,Month-to-month,DSL,26.64,0
65,Two year,Fiber optic,63.95,0
63,One year,DSL,44.57,0
2,One year,Fiber optic,75.64,1
17,Month-to-month,DSL,52.89,0
17,One year,DSL,62.87,0
33,Month-to-month,DSL,45.93,0
10,Two year,DSL,36.38,1
62,Month-to-month,Fiber optic,68.26,0
56,Month-to-month,DSL,41.17,0
59,Month-to-month,Fiber optic,76.24,0
14,One year,DSL,32.2,0
1,Two year,Fiber optic,67.89,0
66,Two year,DSL,64.47,1
21,One year,DSL,47.16,0
47,Two year,Fiber optic,57.36,0
66,One year,Fiber optic,65.92,0
2,Month-to-month,Fiber optic,43.2,1
0,One year,Fiber optic,69.29,0
0,Month-to-month,Fiber optic,89.77,1
11,Month-to-month,DSL,30.76,0
3,Month-to-month,DSL,27.53,0
59,Month-to-month,No,17.16,0
44,Two year,Fiber optic,81.06,0
71,Two year,Fiber optic,90.46,0
58,Month-to-month,Fiber optic,75.38,0
70,One year,DSL,29.57,0
17,Month-to-month,DSL,44.73,0
21,Month-to-month,DSL,66.47,1
62,Month-to-month,DSL,41.27,0
17,Month-to-month,DSL,46.69,0
4,Month-to-month,No,27.89,0
48,Month-to-month,Fiber optic,51.45,0
58,Month-to-month,DSL,56.98,0
70,Month-to-month,DSL,55.25,0
67,Two year,Fiber optic,46.08,0
8,Month-to-month,No,9.03,0
56,Month-to-month,DSL,33.36,0
61,Month-to-month,DSL,53.98,0
50,Month-to-month,Fiber optic,60.99,1
59,Month-to-month,Fiber optic,74.82,0
61,Month-to-month,DSL,42.82,0
32,One year,Fiber optic,70.85,0
2,One year,Fiber optic,75.95,0
33,One year,Fiber optic,73.27,0
14,One year,Fiber optic,69.77,1
8,Month-to-month,DSL,48.92,0
9,Month-to-month,DSL,47.6,0
50,Month-to-month,Fiber optic,67.48,0
36,Month-to-month,DSL,39.83,0
39,Month-to-month,Fiber optic,92.57,0
54,Month-to-month,Fiber optic,64.69,0
40,One year,DSL,61.4,0
45,Month-to-month,DSL,36.78,0
6,Month-to-month,Fiber optic,79.72,0
62,One year,DSL,66.41,0
32,Month-to-month,Fiber optic,65.95,0
11,Two year,DSL,36.99,0
59,Two year,Fiber optic,64.85,0
53,Two year,DSL,44.77,0
3,Month-to-month,DSL,48.86,1
14,Month-to-month,Fiber optic,69.52,1
1,One year,DSL,39.96,0
19,One year,DSL,68.45,0
7,One year,Fiber optic,67.59,1
51,Month-to-month,DSL,37.56,0
38,Month-to-month,DSL,54.97,0
71,Month-to-month,Fiber optic,80.16,0
54,Month-to-month,No,41.95,0
44,Month-to-month,Fiber optic,93.13,1
37,Two year,DSL,49.16,0
3,Month-to-month,DSL,41.54,0
5,One year,No,2.17,0
44,Two year,DSL,33.75,0
0,Month-to-month,DSL,47.5,1
3,Month-to-month,Fiber optic,55.83,1
15,One year,Fiber optic,50.98,0
64,Month-to-month,DSL,45.79,0
33,Month-to-month,Fiber optic,79.32,0
51,Two year,DSL,42.04,0
30,One year,Fiber optic,80.76,0
12,Two year,Fiber optic,77.4,0
27,Two year,Fiber optic,83.79,0
6,Month-to-month,DSL,71.08,0
56,One year,Fiber optic,101.37,0
13,One year,Fiber optic,78.78,0
27,One year,No,19.48,0
71,One year,DSL,45.74,0
43,One year,DSL,63.88,0
33,Two year,Fiber optic,59.28,0
39,Month-to-month,Fiber optic,87.37,0
57,One year,DSL,42.96,0
18,Month-to-month,Fiber optic,72.73,1
46,One year,Fiber optic,60.31,0
63,One year,No,9.12,0
41,One year,Fiber optic,66.65,0
32,Month-to-month,No,40.64,0
10,Month-to-month,Fiber optic,61.58,1
18,Month-to-month,Fiber optic,89.35,1
69,Month-to-month,Fiber optic,63.13,0
39,Month-to-month,No,12.18,0
21,Two year,DSL,48.04,0
30,Month-to-month,DSL,53.15,1
42,Two year,Fiber optic,72.26,0
39,Month-to-month,DSL,46.81,0
51,One year,DSL,64.24,0
18,One year,DSL,46.14,0
47,One year,DSL,39.36,0
32,One year,DSL,31.4,0
68,One year,DSL,60.28,0
11,Two year,Fiber optic,64.89,0
10,One year,DSL,41.06,0
33,Month-to-month,Fiber optic,82.62,1
37,Month-to-month,No,49.65,0
50,One year,Fiber optic,73.02,0
29,Month-to-month,Fiber optic,68.36,0
66,Month-to-month,Fiber optic,69.93,0
34,One year,DSL,39.53,0
9,Month-to-month,Fiber optic,65.73,0
8,One year,DSL,40.79,0
71,One year,DSL,55.93,0
9,One year,Fiber optic,68.94,0
69,One year,DSL,61.31,0
20,Two year,DSL,43.6,0
6,One year,DSL,40.6,0
22,Two year,Fiber optic,85.33,0
44,Month-to-month,No,25.26,0
31,One year,Fiber optic,68.48,0
57,One year,DSL,45.4,0
44,Month-to-month,DSL,62.6,1
29,Month-to-month,Fiber optic,73.67,1
46,One year,Fiber optic,84.99,0
70,Month-to-month,DSL,42.18,0
30,Two year,Fiber optic,83.07,0
11,Month-to-month,Fiber optic,72.85,1
29,Month-to-month,Fiber optic,80.59,1
61,One year,DSL,56.6,0
15,Month-to-month,Fiber optic,58.7,0
69,Month-to-month,DSL,45.86,0
42,One year,No,36.49,0
43,Month-to-month,DSL,58.4,0
23,Month-to-month,DSL,60.04,0
67,One year,DSL,46.26,0
2,One year,Fiber optic,88.48,1
21,One year,Fiber optic,62.11,0
30,Month-to-month,Fiber optic,52.06,1
34,Month-to-month,Fiber optic,66.67,0
34,Two year,Fiber optic,84.35,0
10,One year,DSL,31.97,0
16,Month-to-month,Fiber optic,52.36,0
6,Two year,Fiber optic,49.35,0
41,Month-to-month,DSL,53.83,0
25,One year,Fiber optic,52.63,0
41,One year,DSL,51.59,0
43,Two year,Fiber optic,66.06,0
51,Two year,DSL,35.75,0
39,Month-to-month,Fiber optic,58.02,0
47,One year,Fiber optic,72.48,0
42,Month-to-month,DSL,35.95,1
47,One year,Fiber optic,69.94,0
45,One year,Fiber optic,74.82,1
23,Month-to-month,Fiber optic,77.35,1
17,Month-to-month,DSL,56.21,0
57,Month-to-month,Fiber optic,,0
25,Month-to-month,DSL,32.4,1
40,Month-to-month,DSL,50.59,0
14,Two year,DSL,52.87,0
31,Month-to-month,DSL,42.82,0
38,One year,Fiber optic,66.55,0
45,Two year,DSL,74.7,0
38,One year,Fiber optic,54.48,0
26,Month-to-month,Fiber optic,75.92,0
70,Two year,DSL,57.55,0
37,One year,DSL,40.9,0
59,One year,Fiber optic,67.98,0
53,Two year,No,20.18,0
40,One year,No,25.0,0
64,Month-to-month,Fiber optic,80.79,0
9,Two year,DSL,42.62,0
67,Month-to-month,DSL,82.33,0
62,Two year,No,19.57,0
36,Month-to-month,DSL,61.53,0
53,Month-to-month,Fiber optic,76.53,0
37,Month-to-month,DSL,46.3,0
19,Month-to-month,Fiber optic,87.65,0
58,Two year,DSL,25.8,0
17,Month-to-month,DSL,50.1,0
22,One year,DSL,36.4,0
37,Month-to-month,Fiber optic,64.77,1
61,Two year,DSL,39.2,0
28,Month-to-month,DSL,33.43,1
36,Month-to-month,Fiber optic,50.17,1
3,Month-to-month,Fiber optic,74.67,1
8,One year,Fiber optic,69.21,0
4,Two year,DSL,41.39,0
5,Two year,Fiber optic,79.11,0
63,Month-to-month,DSL,50.42,0
61,Month-to-month,DSL,41.8,0
59,Month-to-month,DSL,81.61,0
4,Month-to-month,DSL,57.22,0
5,One year,Fiber optic,99.34,0
20,Month-to-month,Fiber optic,65.02,0
41,One year,Fiber optic,73.0,0
24,Two year,DSL,30.14,0
35,Month-to-month,DSL,41.03,0
12,Month-to-month,DSL,37.99,1
53,Month-to-month,DSL,80.95,0
22,Month-to-month,DSL,36.69,0
4,Month-to-month,No,22.19,1
54,One year,DSL,27.56,0
65,Month-to-month,Fiber optic,76.4,0
1,One year,Fiber optic,59.2,0
31,Two year,DSL,56.02,0
60,Two year,DSL,23.54,0
51,One year,DSL,43.54,0
62,Month-to-month,Fiber optic,47.85,0
30,Month-to-month,DSL,39.11,0
27,Month-to-month,Fiber optic,66.55,0
51,Two year,Fiber optic,62.81,0
11,Two year,DSL,39.0,0
17,Month-to-month,DSL,56.65,0
43,Month-to-month,Fiber optic,96.09,0
48,Month-to-month,Fiber optic,74.07,0
8,Month-to-month,DSL,34.68,0
37,Two year,Fiber optic,70.77,0
26,Month-to-month,Fiber optic,65.75,1
36,Month-to-month,DSL,55.67,0
69,Month-to-month,DSL,48.45,0
5,Month-to-month,Fiber optic,51.07,0
72,Month-to-month,DSL,58.18,0
32,Two year,DSL,56.6,0
56,Month-to-month,Fiber optic,87.94,0
30,One year,Fiber optic,63.8,0
22,Month-to-month,Fiber optic,73.61,0
56,Month-to-month,Fiber optic,55.78,0
50,Month-to-month,DSL,44.39,0
10,Month-to-month,Fiber optic,74.76,0
51,Month-to-month,No,17.37,0
54,Month-to-month,Fiber optic,74.11,1
28,Two year,DSL,47.02,0
67,One year,DSL,39.6,0
46,Two year,DSL,61.77,0
24,Month-to-month,DSL,42.19,0
0,One year,DSL,46.59,0
49,One year,DSL,27.4,0
15,Month-to-month,No,31.23,0
55,Month-to-month,No,19.28,0
38,Month-to-month,No,36.49,0
34,One year,Fiber optic,54.27,0
11,Month-to-month,Fiber optic,75.17,1
51,Month-to-month,Fiber optic,43.82,1
12,Two year,DSL,52.39,0
30,Month-to-month,Fiber optic,67.9,0
61,Two year,Fiber optic,74.79,0
67,Two year,DSL,37.8,1
72,Two year,Fiber optic,58.61,0
69,One year,DSL,39.79,0
40,Month-to-month,Fiber optic,72.3,0
14,One year,DSL,51.92,0
61,One year,Fiber optic,73.65,0
58,One year,DSL,33.76,0
72,Month-to-month,DSL,67.05,0
47,Month-to-month,Fiber optic,73.99,1
10,Month-to-month,Fiber optic,62.53,1
36,Month-to-month,DSL,50.09,0
32,One year,DSL,48.07,0
61,Two year,Fiber optic,67.9,1
28,One year,DSL,41.49,0
23,One year,Fiber optic,81.82,1
5,Month-to-month,DSL,65.73,1
60,Month-to-month,Fiber optic,45.57,0
55,Month-to-month,DSL,59.77,0
3,Month-to-month,Fiber optic,70.24,1
31,Month-to-month,Fiber optic,72.84,0
35,Month-to-month,Fiber optic,86.22,0
34,Month-to-month,Fiber optic,38.14,1
67,One year,DSL,54.78,1
10,Month-to-month,DSL,60.39,0
22,Month-to-month,Fiber optic,61.74,0
13,Month-to-month,Fiber optic,53.27,1
17,One year,DSL,64.68,0
66,One year,DSL,23.92,0
68,Month-to-month,DSL,50.02,0
3,Month-to-month,Fiber optic,82.28,1
46,Two year,Fiber optic,74.76,0
16,One year,Fiber optic,76.78,1
14,One year,DSL,41.82,0
21,Month-to-month,DSL,50.55,0
14,Two year,Fiber optic,61.5,0
35,Two year,Fiber optic,63.05,0
72,Month-to-month,DSL,45.43,0
42,One year,Fiber optic,51.52,0
52,Month-to-month,DSL,51.92,0
36,One year,Fiber optic,40.23,0
1,Month-to-month,Fiber optic,74.35,1
6,Month-to-month,Fiber optic,75.48,0
19,Two year,No,15.47,0
17,Two year,Fiber optic,55.19,0
61,Month-to-month,Fiber optic,65.1,0
61,Two year,DSL,52.68,0
62,Month-to-month,Fiber optic,74.15,0
46,Month-to-month,Fiber optic,56.66,0
40,Two year,Fiber optic,71.27,1
47,Month-to-month,DSL,48.14,0
29,Month-to-month,Fiber optic,72.63,0
48,One year,DSL,33.16,0
57,Month-to-month,DSL,46.87,1
55,Month-to-month,DSL,56.01,0
44,Month-to-month,Fiber optic,76.44,0
4,One year,DSL,49.94,1
52,Month-to-month,DSL,64.71,0
26,Month-to-month,DSL,47.01,0
54,One year,Fiber optic,59.9,0
39,Month-to-month,DSL,34.94,0
64,Month-to-month,DSL,47.11,0
24,One year,No,7.75,0
67,One year,Fiber optic,66.27,0
61,Month-to-month,DSL,50.57,0
24,Two year,DSL,59.05,0
35,One year,DSL,26.47,0
38,Month-to-month,DSL,46.19,1
56,One year,DSL,44.18,0
50,One year,Fiber optic,70.45,1
62,One year,Fiber optic,71.7,1
27,One year,Fiber optic,69.62,0
36,One year,DSL,61.71,0
31,Two year,Fiber optic,84.93,1
66,One year,DSL,70.72,0
22,Two year,No,24.87,0
42,One year,DSL,40.07,0
8,Two year,DSL,33.39,1
62,Two year,DSL,38.77,0
28,Month-to-month,Fiber optic,78.57,1
24,Month-to-month,DSL,55.42,1
42,One year,DSL,53.11,0
36,Month-to-month,DSL,37.03,0
61,One year,Fiber optic,62.09,0
38,One year,Fiber optic,93.48,1
37,Two year,DSL,35.02,0
7,Month-to-month,DSL,62.0,0
1,One year,DSL,49.85,0
29,Month-to-month,DSL,,0
72,Month-to-month,DSL,30.79,0
66,Month-to-month,DSL,36.73,0
45,Month-to-month,DSL,50.01,0
46,Month-to-month,DSL,34.08,0
28,One year,Fiber optic,88.65,0
12,One year,Fiber optic,67.51,0
0,Month-to-month,DSL,53.41,1
24,Month-to-month,Fiber optic,77.44,0
23,Month-to-month,DSL,64.46,0
13,Two year,Fiber optic,64.74,1
18,Two year,DSL,46.27,0
1,Month-to-month,Fiber optic,53.18,0
44,Month-to-month,DSL,46.24,0
67,Month-to-month,DSL,58.68,0
50,One year,Fiber optic,72.63,0
32,Month-to-month,DSL,72.75,1
30,Month-to-month,DSL,51.24,0
22,Month-to-month,DSL,38.52,0
10,Month-to-month,No,30.47,0
43,Month-to-month,DSL,27.44,0
41,Month-to-month,DSL,35.41,0
0,One year,DSL,,0
30,Month-to-month,No,25.19,0
20,Month-to-month,DSL,44.27,0
12,One year,Fiber optic,84.46,0
51,Month-to-month,DSL,43.81,0
38,One year,No,12.97,0
46,Two year,Fiber optic,88.71,0
52,Month-to-month,Fiber optic,34.66,0
71,Two year,DSL,45.46,0
58,One year,DSL,47.61,0
45,One year,Fiber optic,69.88,0
64,Month-to-month,DSL,51.0,0
34,Month-to-month,DSL,46.33,1
71,Month-to-month,Fiber optic,76.0,0
55,Two year,DSL,37.77,0
47,One year,Fiber optic,52.49,0
65,Month-to-month,DSL,44.44,0
37,Month-to-month,Fiber optic,57.68,0
52,Month-to-month,DSL,36.26,0
20,Month-to-month,Fiber optic,83.94,1
70,One year,No,43.7,0
45,Month-to-month,DSL,58.71,0
57,One year,Fiber optic,81.49,0
33,One year,No,25.72,0
63,One year,DSL,57.19,0
5,Two year,DSL,49.27,1
8,Month-to-month,No,48.37,0
37,One year,No,13.98,0
53,One year,DSL,53.07,0
59,Month-to-month,No,9.83,0
32,Month-to-month,Fiber optic,78.14,1
47,Month-to-month,Fiber optic,49.37,0
40,Month-to-month,Fiber optic,55.44,0
70,Month-to-month,Fiber optic,54.61,0
47,Month-to-month,DSL,48.03,0
30,One year,Fiber optic,74.25,0
70,Month-to-month,DSL,74.41,0
7,Month-to-month,Fiber optic,68.9,1
71,Month-to-month,Fiber optic,79.27,0
11,Month-to-month,DSL,46.93,1
21,Two year,Fiber optic,78.27,0
59,Month-to-month,DSL,46.72,0
53,Month-to-month,DSL,58.2,0
70,Month-to-month,DSL,32.37,0
54,Month-to-month,DSL,15.63,0
46,One year,No,30.01,0
25,One year,Fiber optic,48.34,1
0,Month-to-month,DSL,60.74,1
9,One year,Fiber optic,63.42,0
21,Month-to-month,Fiber optic,57.54,1
2,Two year,DSL,77.41,0
37,One year,DSL,44.78,0
56,Month-to-month,DSL,42.48,0
70,One year,DSL,53.98,0
35,Two year,DSL,54.79,1
63,Month-to-month,DSL,58.67,0
71,Two year,Fiber optic,54.0,0
62,Two year,Fiber optic,76.43,0
33,Month-to-month,DSL,41.48,0
23,One year,DSL,33.95,0
71,One year,Fiber optic,70.58,0
17,Month-to-month,Fiber optic,48.27,0
30,Month-to-month,Fiber optic,81.08,1
5,Two year,DSL,41.51,0
57,One year,Fiber optic,64.27,0
47,Month-to-month,Fiber optic,68.35,0
6,Month-to-month,Fiber optic,67.99,0
16,Month-to-month,Fiber optic,83.69,1
40,Two year,DSL,31.85,1
39,One year,No,20.41,0
58,Month-to-month,Fiber optic,67.4,0
19,Two year,DSL,32.22,0
67,Two year,DSL,46.91,0
32,Month-to-month,DSL,36.31,0
60,Month-to-month,Fiber optic,53.15,0
17,One year,Fiber optic,76.31,0
2,Month-to-month,No,43.57,0
4,Month-to-month,No,25.58,0
27,One year,Fiber optic,68.76,0
69,Two year,DSL,43.51,0
3,Month-to-month,Fiber optic,63.81,1
26,Two year,Fiber optic,84.04,1
7,Two year,Fiber optic,71.13,0
68,Month-to-month,DSL,18.86,0
49,Month-to-month,Fiber optic,84.39,1
55,One year,Fiber optic,81.45,0
52,One year,Fiber optic,77.22,0
47,Month-to-month,Fiber optic,36.94,1
56,One year,Fiber optic,69.96,0
0,One year,DSL,55.72,0
63,One year,DSL,49.55,0
54,One year,Fiber optic,72.46,0
53,Month-to-month,Fiber optic,80.75,1
28,Month-to-month,DSL,46.67,0
58,Month-to-month,Fiber optic,84.44,1
27,Two year,Fiber optic,71.94,0
3,Two year,DSL,45.99,0
66,One year,DSL,55.71,1
17,Month-to-month,Fiber optic,65.22,1
7,One year,Fiber optic,56.83,0
45,Month-to-month,Fiber optic,70.05,1
17,Month-to-month,Fiber optic,77.08,0
62,Month-to-month,DSL,56.1,0
32,Two year,DSL,56.17,1
0,Month-to-month,Fiber optic,69.18,1
69,One year,Fiber optic,67.94,0
37,Two year,Fiber optic,62.89,0
19,One year,Fiber optic,73.0,0
49,Month-to-month,DSL,25.31,0
38,Two year,Fiber optic,70.27,0
2,One year,DSL,79.2,0
55,Month-to-month,DSL,26.95,0
29,One year,No,26.88,0
51,Two year,DSL,49.53,0
65,Month-to-month,No,31.08,0
44,Month-to-month,No,13.4,0
49,Month-to-month,Fiber optic,76.19,0
18,Month-to-month,Fiber optic,63.59,1
17,One year,Fiber optic,52.87,1
30,Month-to-month,DSL,56.42,0
62,Month-to-month,DSL,52.98,0
38,Month-to-month,Fiber optic,58.4,1
25,Month-to-month,DSL,38.47,0
56,Month-to-month,DSL,38.04,0
62,One year,DSL,25.28,0
65,Month-to-month,Fiber optic,79.15,0
21,Month-to-month,Fiber optic,79.6,0
51,Two year,DSL,41.01,0
43,Two year,Fiber optic,69.66,0
32,Month-to-month,DSL,46.38,1
28,Month-to-month,Fiber optic,72.93,0
8,Month-to-month,Fiber optic,53.83,1
20,Month-to-month,Fiber optic,75.86,1
40,Month-to-month,DSL,30.89,1
64,Two year,Fiber optic,78.18,0
63,One year,No,12.22,0
13,Month-to-month,Fiber optic,54.4,1
49,Two year,No,24.66,0
6,Month-to-month,Fiber optic,69.39,1
49,Month-to-month,Fiber optic,71.24,0
24,Month-to-month,No,14.29,0
32,Month-to-month,DSL,47.43,0
52,Two year,DSL,48.56,0
31,Month-to-month,DSL,58.99,0
58,One year,Fiber optic,72.22,0
38,Month-to-month,DSL,37.81,0
72,Two year,Fiber optic,53.84,0
46,One year,DSL,26.64,0
21,Month-to-month,No,28.88,1
56,Month-to-month,DSL,54.52,0
29,Two year,DSL,34.32,1
38,Month-to-month,DSL,48.06,0
9,Month-to-month,DSL,42.91,1
8,Two year,Fiber optic,78.62,0
41,Month-to-month,DSL,55.39,0
13,Month-to-month,DSL,17.81,0
72,Month-to-month,Fiber optic,82.39,0
62,Month-to-month,DSL,48.03,0
51,Month-to-month,Fiber optic,63.62,0
53,Month-to-month,DSL,38.96,0
43,Month-to-month,DSL,45.38,0
4,Month-to-month,Fiber optic,63.96,0
28,Month-to-month,Fiber optic,58.76,0
36,Two year,DSL,36.51,0
66,One year,Fiber optic,57.52,0
16,Month-to-month,No,41.16,0
36,Month-to-month,Fiber optic,70.67,0
25,One year,Fiber optic,97.03,1
9,Month-to-month,Fiber optic,74.45,0
7,Month-to-month,DSL,52.07,0
26,One year,DSL,32.26,1
6,Month-to-month,DSL,42.38,1
4,One year,No,25.87,0
25,Two year,DSL,37.35,0
14,Two year,Fiber optic,64.42,1
40,Month-to-month,Fiber optic,75.04,1
1,Month-to-month,DSL,50.28,0
22,Month-to-month,Fiber optic,53.96,0
33,One year,DSL,48.4,0
70,Two year,DSL,51.64,0
46,Two year,DSL,37.92,0
64,Month-to-month,DSL,36.7,0
25,Two year,No,30.3,0
32,Month-to-month,DSL,14.12,0
30,Two year,DSL,45.03,0
64,Month-to-month,Fiber optic,89.61,0
70,Month-to-month,DSL,13.84,0
70,Month-to-month,Fiber optic,79.87,0
54,Two year,No,31.53,1
36,Month-to-month,DSL,27.74,0
39,Month-to-month,DSL,51.25,0
71,Month-to-month,Fiber optic,82.02,0
20,Month-to-month,DSL,30.88,0
25,Two year,Fiber optic,61.51,1
65,Month-to-month,DSL,45.31,0
28,Month-to-month,Fiber optic,81.73,0
17,One year,DSL,38.51,0
40,Month-to-month,DSL,44.49,0
23,Month-to-month,Fiber optic,62.02,0
65,Month-to-month,Fiber optic,70.29,0
66,Month-to-month,Fiber optic,82.56,0
22,Month-to-month,Fiber optic,71.27,0
38,Month-to-month,Fiber optic,65.71,0
71,Month-to-month,Fiber optic,69.61,0
54,One year,Fiber optic,60.39,0
15,Two year,Fiber optic,58.07,0
43,Two year,DSL,59.44,0
45,Month-to-month,Fiber optic,89.65,0
47,Month-to-month,Fiber optic,48.5,1
1,Two year,DSL,51.99,0
21,One year,Fiber optic,80.31,0
62,Month-to-month,DSL,30.46,0
17,Month-to-month,No,19.34,0
21,Month-to-month,DSL,38.08,1
23,Month-to-month,DSL,67.81,0
12,Month-to-month,DSL,64.83,1
11,Month-to-month,DSL,33.95,0
25,Two year,DSL,27.49,0
63,One year,Fiber optic,79.28,0
0,One year,DSL,51.53,0
20,Month-to-month,DSL,59.93,0
4,One year,DSL,32.29,0
40,One year,Fiber optic,78.68,0
18,Month-to-month,Fiber optic,61.22,0
57,One year,DSL,52.48,0
42,One year,Fiber optic,69.55,0
57,Two year,DSL,67.81,0
46,Month-to-month,Fiber optic,75.37,0
32,Two year,Fiber optic,66.23,0
62,Month-to-month,Fiber optic,71.66,0
34,Month-to-month,DSL,43.79,0
69,Month-to-month,DSL,31.15,0
72,Month-to-month,DSL,68.1,0
42,Month-to-month,No,44.18,1
49,Month-to-month,No,22.88,0
18,One year,DSL,53.4,0
59,Month-to-month,Fiber optic,94.62,0
49,Two year,DSL,59.84,1
65,Month-to-month,DSL,41.31,0
19,One year,Fiber optic,68.94,0
57,Two year,No,4.39,0
34,Two year,Fiber optic,79.3,0
13,One year,No,39.91,0
12,One year,DSL,60.0,0
41,Month-to-month,Fiber optic,78.41,1
23,Month-to-month,DSL,49.23,0
7,Month-to-month,DSL,33.03,0
31,Month-to-month,DSL,48.84,1
47,Month-to-month,DSL,37.42,0
23,Month-to-month,Fiber optic,76.3,0
69,Two year,Fiber optic,60.83,0
56,Two year,Fiber optic,76.23,1
37,Two year,Fiber optic,85.88,0
68,One year,Fiber optic,74.53,0
31,Month-to-month,DSL,48.94,0
10,Month-to-month,Fiber optic,80.96,0
2,One year,DSL,66.24,0
68,One year,Fiber optic,68.71,0
70,Month-to-month,Fiber optic,76.25,1
53,Month-to-month,No,43.13,0
7,Month-to-month,No,33.03,0
21,Month-to-month,DSL,20.97,0
2,Month-to-month,Fiber optic,61.41,1
3,Month-to-month,DSL,54.01,1
17,One year,Fiber optic,65.2,1
41,Two year,DSL,62.28,0
4,Month-to-month,DSL,67.3,0
71,One year,Fiber optic,62.92,0
33,Two year,No,12.61,0
19,Month-to-month,DSL,40.67,0
37,One year,Fiber optic,64.97,1
57,Month-to-month,Fiber optic,88.43,0
22,One year,DSL,32.58,0
3,Month-to-month,Fiber optic,78.91,1
3,Two year,Fiber optic,86.65,1
62,Two year,Fiber optic,79.83,0
8,Month-to-month,No,30.24,1
46,Month-to-month,Fiber optic,68.05,0
28,Month-to-month,No,47.19,0
56,One year,DSL,42.06,0
4,One year,Fiber optic,81.38,1
65,Month-to-month,Fiber optic,68.1,0
50,Two year,DSL,22.9,0
32,Month-to-month,Fiber optic,66.76,1
15,Month-to-month,Fiber optic,68.12,1
71,Month-to-month,Fiber optic,68.28,0
22,Month-to-month,DSL,37.08,0
35,Month-to-month,DSL,52.51,0
28,Month-to-month,DSL,53.85,1
16,Month-to-month,Fiber optic,66.33,0
30,Two year,Fiber optic,66.23,0
11,Month-to-month,DSL,32.39,0
0,Two year,Fiber optic,73.05,1
21,One year,No,41.54,0
8,One year,DSL,61.54,0
30,Month-to-month,Fiber optic,62.81,1
62,One year,DSL,68.89,0
11,Month-to-month,DSL,40.65,0
0,Month-to-month,DSL,32.81,0
8,Month-to-month,Fiber optic,53.66,0
37,Month-to-month,No,12.08,0
20,Two year,Fiber optic,74.0,1
35,Two year,DSL,41.91,0
2,One year,Fiber optic,62.42,0
24,Month-to-month,Fiber optic,59.83,0
29,Two year,No,11.97,0
31,One year,DSL,34.32,0
40,Month-to-month,Fiber optic,82.18,0
56,Month-to-month,DSL,66.64,1
34,One year,Fiber optic,92.38,0
61,Month-to-month,DSL,53.25,0
38,Month-to-month,No,19.09,0
19,One year,Fiber optic,61.99,0
16,Month-to-month,DSL,54.07,0
23,Month-to-month,No,22.04,0
43,Month-to-month,No,29.94,0
17,One year,DSL,68.17,0
66,Two year,DSL,47.6,0
35,Two year,DSL,72.33,0
63,One year,Fiber optic,56.48,0
49,One year,DSL,50.37,0
24,One year,Fiber optic,73.76,0
16,Month-to-month,Fiber optic,58.19,0
54,Month-to-month,Fiber optic,79.62,1
24,One year,DSL,63.37,0
18,One year,Fiber optic,96.43,1
67,Month-to-month,Fiber optic,74.94,0
35,Two year,Fiber optic,47.2,1
3,One year,Fiber optic,75.72,0
36,Month-to-month,No,33.9,0
33,Month-to-month,Fiber optic,67.18,0
63,Month-to-month,Fiber optic,72.58,1
51,Month-to-month,No,19.2,1
13,Month-to-month,Fiber optic,68.4,0
10,Month-to-month,DSL,57.21,1
44,Month-to-month,DSL,61.67,1
3,Month-to-month,DSL,29.75,0
23,One year,Fiber optic,63.86,0
10,One year,DSL,25.94,0
1,Month-to-month,DSL,67.06,1
67,Month-to-month,DSL,55.45,0
6,Month-to-month,Fiber optic,45.99,1
0,Month-to-month,DSL,44.23,0
68,Month-to-month,DSL,41.6,0
13,Month-to-month,DSL,35.93,1
59,Month-to-month,No,37.44,0
2,Two year,DSL,57.16,0
11,Month-to-month,DSL,48.23,0
8,Two year,Fiber optic,62.3,0
51,Month-to-month,Fiber optic,62.4,0
45,Month-to-month,DSL,45.53,0
34,Two year,Fiber optic,64.51,0
17,Month-to-month,DSL,44.93,0
6,One year,DSL,51.7,0
41,Two year,DSL,26.6,0
16,One year,Fiber optic,60.9,0
43,Month-to-month,DSL,44.6,0
50,Month-to-month,DSL,63.78,1
62,Month-to-month,DSL,55.14,0
36,Month-to-month,DSL,44.96,1
0,Month-to-month,Fiber optic,74.83,1
20,Two year,DSL,43.78,0
62,One year,Fiber optic,82.93,0
38,Month-to-month,DSL,50.21,1
45,Month-to-month,Fiber optic,85.35,1
33,One year,Fiber optic,53.74,0
11,Two year,Fiber optic,60.33,1
65,Month-to-month,Fiber optic,73.29,0
56,Month-to-month,DSL,50.92,0
72,Two year,DSL,73.8,0
62,Two year,Fiber optic,,0
21,Two year,Fiber optic,69.6,0
18,Month-to-month,DSL,44.06,0
18,Month-to-month,Fiber optic,72.85,1
67,Month-to-month,Fiber optic,90.8,0
40,Month-to-month,Fiber optic,80.52,0
33,Two year,DSL,25.75,0
70,Month-to-month,No,43.41,0
44,One year,Fiber optic,88.07,0
66,Two year,No,28.16,0
71,Two year,DSL,25.59,0
5,One year,No,23.18,0
26,Two year,DSL,50.62,0
53,Month-to-month,DSL,56.96,0
59,Month-to-month,DSL,23.75,0
10,Month-to-month,DSL,35.77,0
23,Two year,Fiber optic,83.18,0
40,Two year,DSL,63.02,0
58,Month-to-month,DSL,50.17,0
8,Month-to-month,Fiber optic,83.78,1
43,Month-to-month,Fiber optic,75.46,0
21,Month-to-month,Fiber optic,81.56,0
15,Two year,Fiber optic,71.74,0
37,Month-to-month,Fiber optic,75.76,0
30,One year,Fiber optic,55.34,0
46,One year,Fiber optic,78.67,1
23,Month-to-month,DSL,29.97,0
60,Month-to-month,Fiber optic,78.65,0
5,Two year,Fiber optic,64.73,0
62,One year,Fiber optic,74.44,0
2,Month-to-month,Fiber optic,58.57,1
53,Month-to-month,Fiber optic,63.96,1
25,Two year,No,29.42,0
27,Two year,Fiber optic,79.05,0
1,Two year,Fiber optic,83.13,1
51,One year,DSL,31.2,0
12,Two year,DSL,26.99,0
48,Month-to-month,Fiber optic,58.3,0
52,One year,Fiber optic,57.21,0
61,Month-to-month,DSL,63.8,0
51,One year,DSL,61.08,0
22,Two year,Fiber optic,58.04,0
53,Two year,No,45.52,0
60,Month-to-month,No,40.37,0
23,One year,DSL,25.44,0
9,Two year,Fiber optic,57.64,1
64,Two year,DSL,25.09,0
10,One year,No,23.96,1
43,Month-to-month,No,25.21,0
17,Month-to-month,Fiber optic,70.19,1
9,Two year,Fiber optic,45.68,0
56,One year,Fiber optic,52.87,0
10,One year,DSL,48.12,1
48,One year,DSL,52.47,0
50,Month-to-month,Fiber optic,45.76,0
4,Month-to-month,Fiber optic,54.63,0
12,Two year,Fiber optic,82.27,0
57,Month-to-month,DSL,30.31,0
37,One year,Fiber optic,69.82,0
8,One year,Fiber optic,54.17,1
72,Two year,DSL,54.98,1
19,Month-to-month,DSL,20.8,0
0,One year,DSL,41.35,0
67,Month-to-month,DSL,56.28,0
1,Month-to-month,Fiber optic,77.32,0
40,Month-to-month,Fiber optic,64.43,0
72,Month-to-month,Fiber optic,61.62,1
42,Two year,DSL,42.21,0
42,Two year,No,9.53,0
28,Month-to-month,Fiber optic,68.8,0
9,Two year,DSL,44.01,0
41,Month-to-month,DSL,39.98,0
65,One year,No,37.0,0
6,Two year,Fiber optic,57.15,0
64,One year,Fiber optic,49.55,0
30,Month-to-month,DSL,38.7,0
39,Month-to-month,DSL,46.49,0
12,Month-to-month,DSL,43.72,0
45,Two year,DSL,43.19,0
13,One year,Fiber optic,56.48,0
19,Month-to-month,DSL,33.21,0
52,Month-to-month,Fiber optic,64.14,0
3,Two year,Fiber optic,63.19,1
32,Month-to-month,Fiber optic,83.18,1
43,One year,Fiber optic,73.17,0
9,One year,Fiber optic,63.61,1
21,Month-to-month,DSL,58.14,0
25,Month-to-month,DSL,50.36,0
48,Month-to-month,Fiber optic,53.71,0
71,Month-to-month,Fiber optic,31.1,0
61,One year,Fiber optic,54.09,0
13,Two year,Fiber optic,77.14,0
1,Month-to-month,Fiber optic,80.7,1
3,Month-to-month,DSL,25.08,1
43,Month-to-month,No,32.9,0
11,Month-to-month,DSL,52.45,0
16,One year,DSL,61.74,0
61,One year,DSL,56.4,0
63,One year,Fiber optic,86.22,0
61,Month-to-month,Fiber optic,75.86,0
18,One year,Fiber optic,75.46,0
45,Month-to-month,Fiber optic,65.95,0
44,Two year,DSL,54.84,0
13,One year,DSL,29.01,0
40,Two year,Fiber optic,68.34,0
38,Month-to-month,Fiber optic,76.48,1
28,Month-to-month,Fiber optic,86.9,1
54,One year,No,19.26,0
49,Month-to-month,Fiber optic,81.6,0
38,One year,DSL,42.63,0
52,Month-to-month,Fiber optic,81.84,0
55,Two year,Fiber optic,60.38,0
41,Month-to-month,Fiber optic,78.71,0
19,Two year,No,23.86,0
55,Month-to-month,Fiber optic,55.78,0
52,Month-to-month,DSL,43.16,1
71,Month-to-month,Fiber optic,85.86,0
10,Month-to-month,DSL,32.77,0
30,Two year,DSL,27.19,0
67,Two year,DSL,49.78,0
37,Two year,Fiber optic,49.87,0
68,Two year,Fiber optic,88.76,0
0,One year,DSL,63.46,0
2,Month-to-month,DSL,57.46,0
58,Two year,Fiber optic,69.87,0
26,Month-to-month,Fiber optic,89.98,0
37,Two year,Fiber optic,86.15,0
31,Month-to-month,Fiber optic,63.61,0
29,One year,Fiber optic,87.27,0
68,Month-to-month,Fiber optic,59.06,1
6,Month-to-month,Fiber optic,67.64,1
56,Month-to-month,DSL,23.48,0
64,Month-to-month,No,26.75,1
47,Month-to-month,DSL,41.47,0
28,Month-to-month,DSL,39.57,0
11,Month-to-month,DSL,43.01,1
49,One year,Fiber optic,63.05,0
34,Month-to-month,DSL,45.5,1
10,Two year,Fiber optic,85.4,0
26,Month-to-month,Fiber optic,57.26,1
70,One year,DSL,55.35,0
19,Month-to-month,Fiber optic,72.58,0
13,Month-to-month,DSL,49.49,0
49,One year,DSL,44.63,0
14,One year,Fiber optic,61.39,0
67,Month-to-month,Fiber optic,75.34,0
62,Month-to-month,DSL,51.23,0
71,Month-to-month,DSL,35.39,0
66,Month-to-month,DSL,28.94,0
17,Month-to-month,Fiber optic,71.02,1
15,One year,DSL,54.06,0
25,Month-to-month,Fiber optic,82.06,1
34,One year,Fiber optic,84.44,1
64,Month-to-month,DSL,49.46,0
53,Month-to-month,Fiber optic,66.84,0
47,Month-to-month,Fiber optic,69.97,1
64,Month-to-month,Fiber optic,55.08,1
47,Month-to-month,DSL,36.81,0
27,Two year,No,24.36,0
30,One year,No,21.8,0
37,Month-to-month,Fiber optic,71.1,0
6,Month-to-month,Fiber optic,53.5,0
54,Two year,DSL,31.18,0
47,Month-to-month,Fiber optic,79.31,0
53,Month-to-month,Fiber optic,60.0,0
38,Two year,Fiber optic,61.89,0
57,Month-to-month,DSL,46.14,0
69,Month-to-month,DSL,33.83,0
41,Month-to-month,Fiber optic,83.28,1
32,One year,Fiber optic,54.92,0
7,Month-to-month,DSL,45.02,1
56,One year,DSL,36.02,0
65,Month-to-month,Fiber optic,71.87,0
51,Month-to-month,Fiber optic,64.03,1
63,Month-to-month,No,24.72,0
62,Two year,DSL,59.66,0
58,Month-to-month,DSL,36.75,0
36,One year,DSL,36.65,0
7,Month-to-month,No,21.21,0
0,Month-to-month,Fiber optic,87.69,0
14,Month-to-month,Fiber optic,68.92,1
31,Month-to-month,Fiber optic,84.81,1
54,Month-to-month,DSL,42.88,0
33,Two year,Fiber optic,84.28,0
1,Two year,Fiber optic,74.89,0
15,One year,Fiber optic,76.65,0
71,One year,DSL,27.77,0
72,Month-to-month,DSL,25.99,0
27,One year,Fiber optic,82.84,0
58,Month-to-month,Fiber optic,82.69,1
52,Two year,DSL,74.06,0
67,Two year,Fiber optic,52.17,0
64,Month-to-month,DSL,50.83,0
45,Two year,Fiber optic,57.71,0
28,Two year,No,16.11,0
45,Month-to-month,Fiber optic,63.97,1
23,Two year,DSL,49.59,0
25,Month-to-month,Fiber optic,62.03,0
44,Month-to-month,Fiber optic,70.4,0
41,Month-to-month,DSL,54.98,1
42,One year,DSL,58.54,0
28,Month-to-month,DSL,53.31,0
29,Two year,DSL,50.42,0
0,Month-to-month,DSL,43.3,0
43,Month-to-month,DSL,38.17,0
42,One year,Fiber optic,76.47,0
68,Month-to-month,DSL,32.39,0
36,One year,Fiber optic,71.43,0
34,Month-to-month,Fiber optic,57.09,0
4,Two year,DSL,44.5,0
14,One year,Fiber optic,57.36,1
24,Month-to-month,Fiber optic,65.19,0
27,Month-to-month,Fiber optic,61.89,0
26,Month-to-month,DSL,35.44,0
28,Two year,DSL,43.95,0
56,One year,Fiber optic,40.91,0
9,Month-to-month,Fiber optic,48.37,1
24,Month-to-month,Fiber optic,79.64,0
11,Two year,Fiber optic,71.77,1
22,Month-to-month,Fiber optic,61.32,0
49,One year,Fiber optic,81.69,0
3,One year,DSL,37.33,0
24,Month-to-month,DSL,38.04,1
1,Month-to-month,Fiber optic,60.6,0
69,Month-to-month,Fiber optic,92.88,0
53,Month-to-month,Fiber optic,72.82,0
17,Two year,Fiber optic,72.35,0
14,One year,Fiber optic,75.6,0
7,Two year,No,2.77,0
34,Month-to-month,DSL,37.87,0
55,Month-to-month,Fiber optic,75.46,0
42,One year,Fiber optic,69.95,0
64,Month-to-month,DSL,71.47,0
25,Month-to-month,No,18.58,1
20,Month-to-month,Fiber optic,81.32,1
34,One year,DSL,54.67,1
14,One year,Fiber optic,71.71,0
71,Month-to-month,DSL,48.89,0
13,Two year,Fiber optic,66.52,0
34,Month-to-month,DSL,21.32,1
38,Month-to-month,Fiber optic,74.19,1
4,Month-to-month,DSL,50.14,0
34,Two year,DSL,52.03,0
33,Month-to-month,DSL,45.76,0
18,Month-to-month,DSL,56.64,0
9,Month-to-month,Fiber optic,59.61,1
3,One year,DSL,62.62,1
0,One year,Fiber optic,58.15,1
35,Month-to-month,DSL,43.71,0
6,Two year,Fiber optic,78.17,0
70,Month-to-month,Fiber optic,63.82,0
17,Month-to-month,Fiber optic,78.99,1
47,One year,No,20.89,0
49,One year,DSL,46.42,0
36,Month-to-month,Fiber optic,67.83,0
64,One year,DSL,38.08,0
8,Month-to-month,Fiber optic,97.01,1
17,One year,Fiber optic,59.92,0
18,One year,Fiber optic,42.57,0
9,Two year,DSL,35.36,1
21,Month-to-month,No,26.58,0
22,One year,No,20.48,0
55,One year,Fiber optic,82.22,0
22,Month-to-month,Fiber optic,81.79,0
63,Month-to-month,DSL,41.18,0
56,Two year,Fiber optic,49.81,0
65,Month-to-month,DSL,29.6,0
7,One year,No,24.61,0
71,Month-to-month,Fiber optic,51.23,0
44,Two year,Fiber optic,65.59,0
71,Month-to-month,DSL,62.06,0
25,Two year,DSL,49.11,0
69,One year,No,25.55,0
42,Month-to-month,DSL,32.51,0
5,One year,Fiber optic,72.18,1
29,One year,DSL,41.9,0
10,Month-to-month,DSL,47.86,1
68,Month-to-month,No,33.73,0
22,One year,Fiber optic,80.78,0
16,One year,DSL,46.55,0
40,Month-to-month,Fiber optic,76.14,0
31,Two year,Fiber optic,63.86,0
7,Month-to-month,No,38.59,0
59,Month-to-month,No,14.35,0
61,One year,DSL,42.51,0
54,Month-to-month,No,39.84,0
45,Month-to-month,Fiber optic,64.22,0
29,Month-to-month,DSL,28.91,0
39,Month-to-month,DSL,40.07,0
38,Month-to-month,DSL,61.7,0
12,One year,DSL,17.75,0
5,Month-to-month,DSL,46.23,0
18,Two year,DSL,37.39,0
33,One year,Fiber optic,67.99,0
11,Month-to-month,DSL,40.82,1
7,Month-to-month,Fiber optic,81.53,1
62,One year,Fiber optic,70.65,0
27,Month-to-month,DSL,57.13,0
42,Month-to-month,DSL,60.41,0
38,Two year,No,25.36,0
53,One year,Fiber optic,65.69,0
54,One year,Fiber optic,74.53,0
21,Month-to-month,DSL,51.84,0
61,Month-to-month,DSL,31.16,0
27,Month-to-month,No,27.83,0
60,One year,DSL,41.96,0
29,Month-to-month,DSL,39.96,0
8,Month-to-month,DSL,36.71,0
55,Month-to-month,Fiber optic,62.49,0
2,One year,No,40.07,0
56,One year,DSL,40.63,0
3,Month-to-month,Fiber optic,83.73,1
15,Month-to-month,DSL,46.57,0
44,Month-to-month,DSL,31.41,0
68,Month-to-month,Fiber optic,72.29,0
29,Month-to-month,Fiber optic,55.74,0
8,Month-to-month,DSL,52.29,0
17,One year,No,22.51,0
65,One year,DSL,55.26,0
53,Two year,Fiber optic,87.2,0
7,Two year,DSL,24.18,0
28,Month-to-month,Fiber optic,64.47,0
19,Month-to-month,Fiber optic,55.49,1
12,Month-to-month,Fiber optic,95.9,1
61,One year,DSL,39.72,0
45,Month-to-month,Fiber optic,54.22,1
13,Month-to-month,Fiber optic,96.88,1
47,Month-to-month,Fiber optic,61.29,0
30,Month-to-month,DSL,25.54,0
4,One year,Fiber optic,56.1,1
32,One year,Fiber optic,71.72,0
13,Month-to-month,DSL,45.55,0
17,Two year,DSL,34.97,0
64,Month-to-month,DSL,39.18,0
51,Month-to-month,Fiber optic,70.64,0
9,Month-to-month,DSL,60.89,0
62,One year,DSL,49.0,0
41,One year,DSL,38.24,0
63,Month-to-month,DSL,42.26,0
54,Two year,Fiber optic,79.24,0
24,Month-to-month,Fiber optic,90.16,1
39,Month-to-month,Fiber optic,56.74,1
38,One year,Fiber optic,83.37,0
52,Two year,No,21.25,0
18,One year,Fiber optic,50.51,0
24,Two year,DSL,23.13,0
17,Month-to-month,No,41.01,0
21,One year,DSL,62.44,1
11,Two year,Fiber optic,63.17,1
2,Month-to-month,No,22.45,1
68,Month-to-month,Fiber optic,48.61,0
5,Two year,Fiber optic,79.14,0
64,Month-to-month,Fiber optic,69.66,0
0,Month-to-month,Fiber optic,51.37,1
56,Two year,DSL,47.46,0
23,Two year,Fiber optic,53.33,0
37,Two year,DSL,51.69,0
20,Two year,Fiber optic,57.01,0
35,Month-to-month,No,29.04,0
32,Two year,Fiber optic,62.16,0
38,Month-to-month,No,-3.39,0
28,One year,Fiber optic,81.95,0
39,Month-to-month,DSL,57.61,0
60,Two year,DSL,38.74,0
31,One year,DSL,48.29,0
26,Two year,Fiber optic,75.26,0
9,Month-to-month,DSL,50.65,1
26,Month-to-month,DSL,65.71,0
9,Month-to-month,DSL,50.0,1
13,Month-to-month,DSL,40.71,0
69,One year,No,30.13,0
6,Month-to-month,No,19.84,0
35,One year,DSL,32.21,0
60,Month-to-month,Fiber optic,84.64,0
69,Month-to-month,Fiber optic,76.41,0
10,One year,DSL,22.66,0
11,Month-to-month,No,16.8,1
27,Month-to-month,Fiber optic,79.09,1
40,Month-to-month,Fiber optic,51.23,1
70,Month-to-month,Fiber optic,,0
15,One year,Fiber optic,101.94,0
12,Month-to-month,No,21.03,1
18,Month-to-month,DSL,57.99,0
63,One year,Fiber optic,88.01,0
2,Month-to-month,Fiber optic,59.1,1
27,One year,Fiber optic,73.2,0
8,Month-to-month,DSL,69.71,0
11,Two year,DSL,50.51,0
66,Month-to-month,Fiber optic,98.39,0
0,Month-to-month,Fiber optic,62.36,0
23,Two year,No,46.57,0
66,One year,DSL,,0
44,One year,DSL,41.07,0
5,Two year,DSL,52.68,0
33,Month-to-month,No,23.66,1
70,Two year,DSL,43.99,0
29,One year,No,30.82,0
38,Month-to-month,Fiber optic,48.31,0
38,Month-to-month,Fiber optic,60.42,0
48,Month-to-month,Fiber optic,78.67,0
13,Two year,DSL,56.9,0
61,Month-to-month,DSL,49.29,0
72,Month-to-month,Fiber optic,73.31,0
10,One year,No,29.83,0
59,One year,No,36.49,0
59,Month-to-month,Fiber optic,52.89,0
54,Two year,DSL,38.89,0
27,Month-to-month,DSL,44.11,0
34,Two year,Fiber optic,72.35,1
61,Month-to-month,DSL,19.68,0
11,Month-to-month,Fiber optic,54.91,0
60,One year,No,24.8,0
67,Month-to-month,DSL,57.16,0
49,Month-to-month,No,19.97,0
24,Month-to-month,DSL,37.0,0
40,One year,Fiber optic,76.34,0
3,Two year,Fiber optic,66.06,0
68,Two year,DSL,55.57,0
24,Two year,Fiber optic,67.34,0
4,Two year,DSL,31.62,0
57,Month-to-month,Fiber optic,87.05,0
48,Month-to-month,Fiber optic,84.85,1
45,Two year,DSL,33.53,0
3,Two year,DSL,49.75,0
54,Two year,DSL,41.08,0
46,One year,DSL,52.43,0
57,Month-to-month,Fiber optic,59.49,0
60,Two year,DSL,55.46,0
15,Two year,DSL,59.34,0
15,One year,DSL,33.63,0
67,Two year,Fiber optic,70.81,0
38,One year,DSL,59.59,0
31,Two year,Fiber optic,57.98,0
20,Month-to-month,DSL,36.97,1
46,Two year,Fiber optic,77.94,0
55,Month-to-month,DSL,43.07,0
0,Month-to-month,DSL,26.1,0
40,Month-to-month,DSL,41.16,0
72,Month-to-month,DSL,65.96,0
20,Month-to-month,DSL,69.75,0
20,Two year,Fiber optic,62.35,0
64,One year,DSL,34.04,0
4,Two year,No,19.5,0
29,Month-to-month,Fiber optic,91.62,0
33,Month-to-month,Fiber optic,80.11,1
58,One year,DSL,62.57,0
9,One year,Fiber optic,81.98,0
31,Month-to-month,DSL,29.17,1
11,Two year,DSL,33.61,0
57,Two year,DSL,36.65,0
46,One year,Fiber optic,63.74,0
36,Two year,Fiber optic,61.86,0
28,One year,DSL,38.26,0
11,One year,Fiber optic,77.69,0
67,Month-to-month,DSL,46.63,0
47,Month-to-month,Fiber optic,84.64,1
23,Month-to-month,Fiber optic,73.02,1
30,One year,Fiber optic,61.88,0
53,One year,Fiber optic,72.26,0
52,Month-to-month,DSL,26.86,0
33,One year,DSL,17.26,0
22,Month-to-month,DSL,52.72,0
48,Month-to-month,DSL,57.22,1
48,Two year,Fiber optic,70.87,0
43,Month-to-month,Fiber optic,65.3,1
5,Month-to-month,DSL,28.9,0
34,Month-to-month,Fiber optic,84.0,1
44,Month-to-month,Fiber optic,75.91,0
69,One year,Fiber optic,73.49,0
38,Two year,DSL,44.94,0
25,One year,Fiber optic,64.37,0
40,One year,Fiber optic,56.64,0
12,Month-to-month,DSL,48.03,0
6,One year,DSL,38.54,0
49,Month-to-month,Fiber optic,64.91,1
71,Month-to-month,DSL,65.61,0
61,Two year,Fiber optic,69.42,0
42,Month-to-month,Fiber optic,40.56,1
2,Month-to-month,Fiber optic,63.57,0
72,Month-to-month,Fiber optic,57.98,0
32,Two year,Fiber optic,,0
21,Month-to-month,DSL,27.91,0
65,Month-to-month,Fiber optic,75.2,0
54,Two year,No,21.45,0
54,Month-to-month,Fiber optic,64.29,0
20,Two year,Fiber optic,71.8,0
72,Month-to-month,DSL,44.08,0
33,One year,DSL,43.38,0
38,Two year,Fiber optic,67.31,0
54,Month-to-month,Fiber optic,69.76,0
48,One year,DSL,49.12,0
12,Month-to-month,Fiber optic,72.62,1
22,One year,DSL,58.52,0
26,Two year,DSL,38.44,1
69,One year,Fiber optic,72.86,0
52,Two year,DSL,74.35,0
26,One year,Fiber optic,69.51,1
53,One year,DSL,44.97,0
53,Month-to-month,No,9.84,0
28,One year,DSL,36.44,0
29,Two year,No,23.72,0
65,One year,DSL,51.4,0
41,Month-to-month,Fiber optic,77.79,1
10,Month-to-month,Fiber optic,73.92,1
52,One year,Fiber optic,79.65,1
43,Two year,Fiber optic,58.01,0
37,Month-to-month,DSL,50.87,0
52,Month-to-month,DSL,45.16,1
66,Month-to-month,DSL,46.5,0
24,Month-to-month,Fiber optic,65.65,1
30,Two year,Fiber optic,58.56,0
13,Month-to-month,Fiber optic,55.42,0
47,Month-to-month,No,28.85,0
29,Month-to-month,Fiber optic,75.97,0
24,Month-to-month,Fiber optic,68.45,0
50,Two year,Fiber optic,69.82,0
29,Month-to-month,No,16.36,0
33,Month-to-month,Fiber optic,76.04,0
32,Month-to-month,DSL,45.73,1
18,Two year,Fiber optic,65.61,0
9,Two year,Fiber optic,80.39,1
60,Month-to-month,DSL,52.74,0
6,One year,DSL,26.57,0
23,Month-to-month,DSL,45.59,1
48,One year,Fiber optic,58.5,0
9,Month-to-month,No,26.67,0
47,Two year,DSL,7.18,0
53,Two year,No,27.37,0
48,Month-to-month,Fiber optic,78.54,0
22,Month-to-month,Fiber optic,68.67,1
1,Month-to-month,Fiber optic,56.02,0
64,Month-to-month,DSL,68.48,0
23,Month-to-month,DSL,58.87,0
58,Month-to-month,DSL,38.63,0
14,Two year,Fiber optic,66.87,0
11,Month-to-month,Fiber optic,46.23,0
56,Two year,Fiber optic,75.68,0
68,Month-to-month,DSL,28.57,0
62,Month-to-month,Fiber optic,78.0,1
54,Month-to-month,Fiber optic,82.31,1
18,Two year,Fiber optic,69.16,1
66,Month-to-month,Fiber optic,57.23,0
48,Month-to-month,No,39.99,0
12,One year,Fiber optic,70.03,1
9,One year,No,26.12,0
63,One year,DSL,33.82,0
20,Month-to-month,DSL,47.32,0
55,Month-to-month,Fiber optic,67.57,0
10,Two year,DSL,29.06,1
20,One year,DSL,61.08,0
20,One year,Fiber optic,91.11,0
20,Month-to-month,No,37.22,0
49,Month-to-month,Fiber optic,80.43,1
66,Two year,Fiber optic,91.18,0
66,One year,Fiber optic,57.43,0
54,Month-to-month,DSL,32.29,1
14,Two year,Fiber optic,65.03,1
70,One year,Fiber optic,73.57,0
39,Month-to-month,Fiber optic,66.49,0
39,Month-to-month,Fiber optic,57.76,1
51,One year,Fiber optic,70.07,1
56,Month-to-month,DSL,,0
69,One year,Fiber optic,80.1,0
42,One year,No,25.53,0
44,Month-to-month,DSL,22.15,0
54,Two year,DSL,49.63,0
18,Month-to-month,No,43.98,0
22,Month-to-month,Fiber optic,70.35,1
45,One year,DSL,56.84,0
4,One year,Fiber optic,63.94,1
23,Month-to-month,Fiber optic,76.79,0
52,One year,Fiber optic,61.06,0
71,Two year,DSL,42.04,0
37,Two year,DSL,42.14,0
29,Two year,Fiber optic,75.72,0
32,Month-to-month,DSL,35.11,0
50,Month-to-month,Fiber optic,52.42,0
39,One year,Fiber optic,75.64,0
1,Month-to-month,Fiber optic,75.19,0
39,One year,DSL,46.35,1
29,Month-to-month,DSL,56.19,0
51,Month-to-month,Fiber optic,67.57,0
63,Month-to-month,Fiber optic,73.38,0
70,Month-to-month,DSL,40.8,1
44,Month-to-month,DSL,41.9,0
26,One year,Fiber optic,74.08,0
32,One year,DSL,72.2,0
12,Month-to-month,DSL,53.91,1
68,Month-to-month,Fiber optic,76.58,0
61,Two year,Fiber optic,79.28,0
62,Month-to-month,No,-3.17,0
23,Month-to-month,Fiber optic,73.83,1
23,Month-to-month,Fiber optic,80.93,0
62,One year,DSL,46.01,0
39,Two year,DSL,44.48,0
51,One year,DSL,33.72,0
35,Two year,DSL,39.8,0
32,Two year,Fiber optic,60.0,0
46,Month-to-month,DSL,56.99,0
59,Month-to-month,Fiber optic,88.02,0
24,Month-to-month,DSL,68.22,0
59,Month-to-month,Fiber optic,59.8,0
17,One year,Fiber optic,61.98,0
29,Month-to-month,Fiber optic,61.0,1
66,Month-to-month,DSL,32.78,0
69,Month-to-month,DSL,32.97,0
67,One year,DSL,38.81,0
23,One year,Fiber optic,80.49,1
61,Two year,Fiber optic,61.39,0
68,Month-to-month,DSL,57.64,0
71,Month-to-month,Fiber optic,86.41,0
1,Two year,DSL,48.42,0
54,One year,No,39.75,0
72,One year,DSL,28.66,0
55,Month-to-month,Fiber optic,63.3,1
17,Month-to-month,DSL,47.27,0
55,Two year,No,27.68,0
7,One year,DSL,62.15,0
35,One year,DSL,33.01,0
45,Month-to-month,Fiber optic,63.56,0
33,Month-to-month,DSL,43.98,0
51,Month-to-month,Fiber optic,63.78,0
17,One year,DSL,32.49,1
44,Month-to-month,DSL,39.28,0
47,Month-to-month,No,22.05,0
46,Month-to-month,Fiber optic,87.37,0
21,Two year,DSL,32.76,1
22,Month-to-month,Fiber optic,79.78,1
18,Month-to-month,Fiber optic,85.27,1
33,One year,DSL,38.85,0
42,Two year,DSL,48.12,0
26,One year,Fiber optic,76.91,0
29,Two year,DSL,49.93,0
20,Month-to-month,DSL,45.99,0
15,Two year,DSL,36.85,0
47,Two year,DSL,52.95,0
59,Month-to-month,DSL,40.51,0
21,One year,Fiber optic,70.34,0
62,Month-to-month,Fiber optic,72.11,0
41,Month-to-month,DSL,55.27,0
12,Month-to-month,DSL,68.14,0
26,Month-to-month,Fiber optic,61.15,1
0,Two year,Fiber optic,70.63,0
2,Month-to-month,No,7.19,0
24,One year,DSL,62.78,0
33,Month-to-month,DSL,45.53,0
58,Month-to-month,DSL,41.4,0
9,Month-to-month,No,25.63,1
61,Month-to-month,DSL,46.23,0
17,One year,Fiber optic,61.22,0
10,Two year,DSL,59.26,0
51,Month-to-month,No,32.74,0
56,Two year,DSL,54.41,0
44,One year,Fiber optic,61.84,0
8,One year,No,16.19,0
8,Month-to-month,DSL,43.64,1
28,Month-to-month,Fiber optic,79.6,0
32,Two year,No,31.02,0
72,One year,DSL,35.67,0
20,Month-to-month,DSL,53.01,0
14,Two year,No,13.33,0
69,Month-to-month,Fiber optic,62.06,0
11,One year,DSL,46.89,0
1,Month-to-month,Fiber optic,55.94,0
30,Two year,DSL,33.44,0
29,Month-to-month,DSL,63.63,0
45,Month-to-month,DSL,61.4,1
64,One year,DSL,72.48,0
68,Month-to-month,DSL,50.41,0
21,Two year,Fiber optic,77.74,0
71,One year,Fiber optic,68.14,0
46,Month-to-month,Fiber optic,65.79,1
5,Month-to-month,DSL,55.46,0
68,Two year,DSL,61.34,0
10,One year,DSL,54.44,0
42,Two year,Fiber optic,59.92,0
57,Month-to-month,DSL,49.7,0
18,Two year,Fiber optic,60.76,0
19,Month-to-month,No,21.11,0
34,One year,DSL,64.63,0
64,Month-to-month,DSL,30.61,0
16,Month-to-month,DSL,71.02,0
48,Two year,Fiber optic,76.59,0
33,Two year,Fiber optic,64.41,0
8,Month-to-month,DSL,45.82,0
51,Two year,DSL,36.78,1
60,Month-to-month,Fiber optic,63.44,0
42,Month-to-month,Fiber optic,70.88,0
12,Month-to-month,DSL,41.05,1
11,Month-to-month,Fiber optic,58.8,1
30,Month-to-month,Fiber optic,67.34,0
36,Month-to-month,DSL,29.22,0
40,Month-to-month,No,9.74,0
17,One year,Fiber optic,54.62,0
36,Two year,Fiber optic,90.06,0
21,One year,Fiber optic,74.87,1
50,Month-to-month,Fiber optic,77.15,0
58,One year,DSL,45.14,0
47,Month-to-month,Fiber optic,76.08,0
0,One year,Fiber optic,84.11,1
72,One year,No,29.89,0
1,Month-to-month,DSL,64.68,0
72,Month-to-month,Fiber optic,69.55,0
2,Two year,Fiber optic,77.19,0
37,Two year,DSL,53.45,0
7,One year,DSL,33.82,1
6,Two year,No,25.51,0
49,Two year,Fiber optic,47.9,0
53,Month-to-month,DSL,43.44,0
8,One year,Fiber optic,66.65,0
71,Month-to-month,Fiber optic,65.93,0
23,Month-to-month,DSL,40.11,1
23,Month-to-month,DSL,51.14,0
21,Two year,Fiber optic,59.37,1
33,One year,Fiber optic,92.32,1
12,Month-to-month,DSL,51.81,0
31,Month-to-month,Fiber optic,60.36,0
15,Month-to-month,Fiber optic,77.77,0
3,One year,Fiber optic,81.94,1
26,Two year,Fiber optic,74.43,1
49,Month-to-month,DSL,32.93,0
55,Month-to-month,Fiber optic,96.85,0
25,One year,DSL,52.67,0
23,Month-to-month,DSL,30.03,0
57,Month-to-month,Fiber optic,72.51,1
49,Month-to-month,DSL,42.36,0
60,Month-to-month,Fiber optic,70.08,0
66,Month-to-month,DSL,30.68,0
59,Two year,DSL,45.65,0
68,Month-to-month,DSL,35.02,0
30,Month-to-month,Fiber optic,65.81,1
28,One year,DSL,49.65,0
23,Two year,DSL,39.28,0
17,Month-to-month,Fiber optic,66.51,1
54,Month-to-month,Fiber optic,79.84,0
52,One year,Fiber optic,59.34,0
58,Month-to-month,Fiber optic,62.22,0
12,One year,Fiber optic,54.94,0
35,Month-to-month,No,15.13,0
16,Month-to-month,No,26.55,0
65,Month-to-month,Fiber optic,77.67,0
19,One year,No,15.33,0
10,Month-to-month,DSL,52.32,0
41,Month-to-month,DSL,46.26,0
64,Month-to-month,No,8.41,0
66,One year,DSL,47.09,0
7,Month-to-month,DSL,59.33,1
23,One year,Fiber optic,47.29,0
11,One year,Fiber optic,94.06,0
22,Month-to-month,No,17.67,1
38,Two year,Fiber optic,50.21,0
20,Two year,Fiber optic,71.66,1
4,Month-to-month,Fiber optic,79.97,1
37,Month-to-month,DSL,41.63,0
3,Month-to-month,Fiber optic,,1
16,Month-to-month,No,50.44,1
0,Month-to-month,Fiber optic,72.47,0
6,Two year,DSL,80.79,0
31,Two year,DSL,60.18,1
62,Month-to-month,DSL,45.62,0
56,Month-to-month,Fiber optic,73.5,1
7,Month-to-month,Fiber optic,66.17,0
2,Month-to-month,DSL,47.99,1
24,Month-to-month,DSL,51.74,1
47,Two year,Fiber optic,65.15,0
54,Two year,No,8.44,0
60,Month-to-month,DSL,60.86,0
24,One year,Fiber optic,81.68,0
12,One year,DSL,27.99,0
1,Two year,DSL,47.05,0
10,Month-to-month,DSL,57.32,0
4,Month-to-month,Fiber optic,81.08,0
62,One year,Fiber optic,61.67,0
19,Month-to-month,Fiber optic,81.79,0
60,One year,Fiber optic,70.18,0
40,Month-to-month,Fiber optic,74.66,0
39,One year,DSL,33.97,0
33,Two year,DSL,-6.08,1
59,Month-to-month,Fiber optic,60.67,0
3,Month-to-month,DSL,51.44,1
6,One year,Fiber optic,67.53,0
30,Month-to-month,Fiber optic,77.8,0
28,One year,DSL,58.27,0
39,One year,DSL,41.03,0
53,Month-to-month,Fiber optic,64.85,0
42,Two year,DSL,18.76,0
18,Month-to-month,DSL,26.43,0
23,One year,DSL,28.92,0
54,Month-to-month,No,31.68,0
14,Month-to-month,Fiber optic,66.15,1
36,Month-to-month,Fiber optic,63.59,0
39,Two year,DSL,37.22,0
54,Two year,DSL,35.65,0
52,Two year,Fiber optic,81.08,0
33,Month-to-month,Fiber optic,71.12,1
22,Month-to-month,Fiber optic,81.9,0
26,One year,Fiber optic,43.68,0
30,One year,Fiber optic,76.39,0
16,Month-to-month,No,19.19,1
45,Two year,Fiber optic,66.62,0
15,Month-to-month,DSL,61.23,0
47,Month-to-month,Fiber optic,65.32,0
54,Two year,Fiber optic,75.9,1
70,Month-to-month,No,12.78,0
8,Month-to-month,Fiber optic,70.43,1
55,One year,Fiber optic,50.91,0
6,Two year,DSL,44.31,0
24,Month-to-month,Fiber optic,74.62,0
12,One year,Fiber optic,83.28,0
11,Month-to-month,No,15.19,0
12,Month-to-month,Fiber optic,63.65,1
3,Month-to-month,DSL,37.27,0
60,Month-to-month,Fiber optic,66.95,0
4,Month-to-month,Fiber optic,58.43,0
29,Month-to-month,Fiber optic,44.11,0
51,One year,DSL,32.49,0
72,One year,Fiber optic,69.41,0
62,One year,DSL,43.22,0
10,Two year,DSL,51.63,0
72,Month-to-month,DSL,55.11,0
47,Month-to-month,Fiber optic,64.61,0
13,Month-to-month,DSL,25.97,1
32,One year,DSL,49.84,0
67,Month-to-month,Fiber optic,69.88,0
28,Month-to-month,DSL,41.9,0
13,Month-to-month,DSL,59.65,0
63,Month-to-month,No,30.41,0
69,Two year,No,26.47,0
71,One year,Fiber optic,71.97,0
69,Month-to-month,Fiber optic,80.2,0
63,One year,DSL,36.73,0
33,One year,DSL,34.44,0
14,Month-to-month,DSL,42.19,0
45,Month-to-month,Fiber optic,55.86,0
16,One year,DSL,44.45,0
34,Month-to-month,No,26.16,0
47,Month-to-month,No,24.17,0
69,Month-to-month,Fiber optic,65.66,0
21,One year,No,44.84,0
18,Two year,Fiber optic,81.29,0
53,One year,DSL,43.83,0
0,Month-to-month,Fiber optic,71.12,1
41,Month-to-month,DSL,61.52,1
54,One year,Fiber optic,62.99,0
40,Two year,Fiber optic,58.41,0
28,Two year,Fiber optic,72.72,0
60,Two year,No,29.97,0
27,Month-to-month,DSL,50.86,0
51,One year,DSL,54.93,1
33,Two year,DSL,36.21,0
1,One year,Fiber optic,53.1,1
38,One year,Fiber optic,62.99,0
3,Month-to-month,Fiber optic,76.98,1
67,One year,Fiber optic,58.94,0
43,Month-to-month,No,1.79,0
27,Month-to-month,Fiber optic,71.73,0
35,Two year,DSL,38.19,0
45,Two year,DSL,24.27,0
18,Two year,No,25.89,0
21,Month-to-month,Fiber optic,65.36,1
30,Month-to-month,No,45.11,0
18,Month-to-month,DSL,46.07,1
55,Two year,DSL,52.03,0
7,One year,DSL,44.79,0
60,Two year,Fiber optic,62.83,0
25,Month-to-month,DSL,39.15,1
40,One year,DSL,57.97,0
11,One year,DSL,53.97,0
28,Month-to-month,DSL,27.14,0
55,Two year,DSL,30.02,0
19,One year,Fiber optic,55.68,0
9,Month-to-month,Fiber optic,82.72,0
38,Month-to-month,DSL,24.22,0
11,Two year,DSL,54.44,0
22,One year,DSL,49.78,0
32,One year,Fiber optic,71.76,0
41,One year,DSL,39.32,0
46,Month-to-month,DSL,59.26,0
49,One year,DSL,46.36,0
61,Two year,Fiber optic,52.67,0
4,Month-to-month,Fiber optic,55.46,1
26,One year,DSL,25.26,0
0,Month-to-month,DSL,59.4,1
0,Month-to-month,Fiber optic,87.09,1
15,Month-to-month,DSL,58.04,0
43,Two year,Fiber optic,68.28,0
65,Month-to-month,Fiber optic,52.88,0
56,Month-to-month,Fiber optic,57.35,1
47,One year,Fiber optic,58.13,0
56,Month-to-month,DSL,44.45,0
12,One year,Fiber optic,86.65,0
61,Two year,DSL,61.6,0
64,Month-to-month,Fiber optic,64.14,0
6,Month-to-month,Fiber optic,43.16,1
34,Two year,Fiber optic,56.0,0
60,Month-to-month,Fiber optic,84.26,1
34,Month-to-month,DSL,47.78,1
61,Two year,No,20.73,0
68,Two year,DSL,39.9,0
34,One year,DSL,35.99,0
4,One year,DSL,30.55,0
24,Two year,DSL,69.86,1
15,One year,DSL,65.62,1
34,One year,DSL,35.14,0
42,Two year,Fiber optic,48.95,0
33,One year,Fiber optic,72.03,0
14,Month-to-month,DSL,43.23,0
21,Month-to-month,DSL,52.54,0
49,Month-to-month,Fiber optic,80.26,0
1,Month-to-month,No,10.96,1
15,Month-to-month,Fiber optic,85.36,1
65,Month-to-month,DSL,40.76,0
7,Two year,No,32.29,0
30,Month-to-month,Fiber optic,66.86,0
15,Month-to-month,No,36.07,0
7,Month-to-month,DSL,16.65,0
30,Month-to-month,DSL,53.86,1
38,One year,No,15.02,0
12,Month-to-month,DSL,45.88,1
5,Month-to-month,DSL,59.94,1
9,Two year,DSL,35.36,0
47,Month-to-month,Fiber optic,58.48,0
62,Month-to-month,Fiber optic,65.54,0
13,Two year,Fiber optic,64.78,1
23,One year,Fiber optic,57.4,0
25,One year,DSL,46.28,0
26,Two year,No,26.9,1
17,Two year,No,30.56,0
4,Month-to-month,Fiber optic,60.17,0
38,One year,DSL,33.67,0
26,One year,DSL,43.58,0
24,Month-to-month,Fiber optic,67.06,1
19,Two year,DSL,42.29,0
67,Month-to-month,Fiber optic,61.51,0
44,Two year,No,28.96,0
30,One year,Fiber optic,58.69,0
14,Month-to-month,DSL,43.53,1
58,Month-to-month,DSL,41.32,0
64,Two year,DSL,44.6,0
2,One year,Fiber optic,84.22,0
67,Month-to-month,Fiber optic,54.23,0
51,Month-to-month,No,-3.7,0
7,One year,Fiber optic,62.87,1
54,Month-to-month,Fiber optic,56.18,0
7,One year,No,-11.15,0
3,One year,DSL,65.96,0
8,Month-to-month,DSL,51.72,1
33,One year,Fiber optic,78.01,0
45,Month-to-month,DSL,41.57,0
29,Two year,DSL,50.05,0
8,Two year,Fiber optic,64.93,0
14,Month-to-month,Fiber optic,79.77,0
62,Month-to-month,Fiber optic,72.27,0
70,Month-to-month,DSL,44.56,0
55,Two year,Fiber optic,70.47,0
7,Month-to-month,DSL,62.59,0
59,One year,Fiber optic,72.01,0
50,Two year,Fiber optic,57.64,0
38,Month-to-month,No,29.03,0
10,One year,No,30.87,0
72,Month-to-month,DSL,43.26,0
32,One year,No,24.37,0
3,Month-to-month,Fiber optic,57.21,1
15,Two year,Fiber optic,71.16,0
29,Month-to-month,Fiber optic,55.43,0
4,Month-to-month,Fiber optic,66.99,0
23,Two year,DSL,36.97,0
34,Two year,DSL,56.79,0
69,One year,Fiber optic,88.6,0
6,One year,Fiber optic,56.27,0
42,Month-to-month,No,24.94,0
66,One year,DSL,41.28,0
58,Month-to-month,Fiber optic,75.57,1
67,Month-to-month,Fiber optic,71.15,0
12,Two year,Fiber optic,65.35,0
58,One year,Fiber optic,71.13,1
71,Month-to-month,Fiber optic,67.42,1
23,Month-to-month,DSL,64.07,1
36,Two year,Fiber optic,60.48,0
38,Month-to-month,DSL,48.09,0
36,Month-to-month,Fiber optic,76.12,0
21,Month-to-month,Fiber optic,75.26,0
70,Month-to-month,Fiber optic,66.43,0
69,Month-to-month,DSL,61.42,0
27,Two year,DSL,19.93,0
58,Month-to-month,Fiber optic,56.87,0
29,Month-to-month,DSL,52.96,0
58,One year,DSL,34.44,0
42,One year,DSL,33.74,0
34,One year,DSL,39.39,0
9,One year,No,15.57,0
47,One year,Fiber optic,77.65,0
23,One year,DSL,55.85,0
15,One year,DSL,46.06,0
14,One year,DSL,57.66,0
71,One year,Fiber optic,53.36,1
7,Month-to-month,DSL,45.91,1
58,One year,Fiber optic,86.18,0
63,One year,DSL,56.72,0
2,Month-to-month,DSL,62.24,1
43,Two year,Fiber optic,62.92,0
42,Month-to-month,No,36.01,1
26,Month-to-month,DSL,39.88,0
48,Two year,DSL,52.14,0
29,Month-to-month,No,40.73,0
32,Month-to-month,DSL,35.47,0
31,Month-to-month,Fiber optic,47.73,1
58,Two year,DSL,67.17,0
46,Month-to-month,DSL,50.86,0
27,One year,DSL,43.72,0
67,One year,No,23.06,0
58,One year,DSL,19.85,0
68,Two year,Fiber optic,72.5,0
53,Two year,Fiber optic,63.63,0
28,Month-to-month,DSL,45.63,0
56,Two year,Fiber optic,70.36,0
24,Month-to-month,Fiber optic,29.47,0
19,Month-to-month,Fiber optic,75.88,1
32,Month-to-month,DSL,47.27,0
70,One year,Fiber optic,73.88,0
41,Month-to-month,Fiber optic,67.8,0
28,One year,Fiber optic,70.59,0
33,Month-to-month,Fiber optic,72.07,0
21,Month-to-month,Fiber optic,73.29,1
48,Month-to-month,Fiber optic,75.71,0
25,Two year,DSL,48.39,0
40,Month-to-month,Fiber optic,92.2,0
26,Month-to-month,Fiber optic,61.29,0
23,Month-to-month,DSL,40.5,0
70,Month-to-month,Fiber optic,90.32,1
25,One year,Fiber optic,68.14,0
5,Month-to-month,Fiber optic,81.18,1
27,Month-to-month,Fiber optic,71.63,1
38,Two year,DSL,42.27,0
6,Month-to-month,No,36.83,0
22,Month-to-month,Fiber optic,76.22,1
12,One year,DSL,26.59,1
36,One year,No,27.08,0
52,One year,DSL,33.06,0
70,Month-to-month,DSL,60.25,0
28,Month-to-month,DSL,66.04,0
63,Month-to-month,DSL,67.49,1
15,Month-to-month,No,29.29,1
56,Month-to-month,Fiber optic,64.46,0
41,Two year,No,28.86,0
55,One year,DSL,33.72,0
55,Month-to-month,DSL,73.15,0
38,Month-to-month,Fiber optic,84.33,0
18,One year,Fiber optic,73.65,0
38,Month-to-month,Fiber optic,81.96,0
60,Month-to-month,No,19.1,0
70,Month-to-month,DSL,31.7,0
67,One year,DSL,18.44,0
13,One year,Fiber optic,71.0,0
43,Month-to-month,Fiber optic,67.5,0
7,Month-to-month,Fiber optic,76.23,1
48,One year,Fiber optic,70.16,0
72,One year,DSL,50.69,0
3,One year,No,34.73,0
47,Month-to-month,DSL,27.48,0
69,One year,DSL,55.43,0
61,Two year,Fiber optic,65.12,1
28,One year,DSL,51.21,1
7,Month-to-month,DSL,57.27,1
67,One year,DSL,57.35,0
67,Month-to-month,DSL,46.55,0
42,Month-to-month,Fiber optic,72.14,0
71,Month-to-month,Fiber optic,80.7,0
0,Two year,No,6.99,0
45,Month-to-month,DSL,33.58,0
2,Two year,No,21.65,1
68,Month-to-month,Fiber optic,54.01,0
49,Month-to-month,DSL,41.74,0
66,Month-to-month,Fiber optic,66.08,1
41,One year,No,26.05,0
6,Month-to-month,Fiber optic,69.32,0
1,Month-to-month,DSL,57.83,1
24,Month-to-month,Fiber optic,76.88,0
54,Month-to-month,Fiber optic,69.15,0
11,Month-to-month,Fiber optic,66.0,1
62,Month-to-month,DSL,44.43,0
17,Month-to-month,DSL,44.64,0
36,Two year,No,55.23,0
14,Month-to-month,DSL,27.51,1
34,Month-to-month,DSL,33.88,0
33,Month-to-month,DSL,32.12,0
0,Month-to-month,Fiber optic,73.23,0
41,One year,DSL,,0
57,Month-to-month,DSL,38.12,0
68,Month-to-month,DSL,55.75,0
24,One year,Fiber optic,74.44,1
64,Month-to-month,Fiber optic,81.26,0
64,Two year,Fiber optic,84.44,0
72,Two year,No,-0.57,0
27,Month-to-month,DSL,53.23,0
62,Month-to-month,DSL,29.52,0
41,Month-to-month,DSL,47.99,1
4,Month-to-month,DSL,44.13,1
19,Month-to-month,Fiber optic,69.64,1
49,One year,Fiber optic,55.54,0
11,Month-to-month,DSL,57.37,1
31,Month-to-month,Fiber optic,54.51,0
56,Month-to-month,Fiber optic,79.01,0
10,Two year,Fiber optic,52.82,1
36,Two year,Fiber optic,69.79,0
15,Month-to-month,No,46.65,0
39,One year,DSL,73.34,0
17,Month-to-month,No,5.58,1
70,One year,No,16.55,0
5,One year,Fiber optic,63.73,0
70,Two year,Fiber optic,97.06,0
57,Month-to-month,DSL,44.18,0
62,Month-to-month,Fiber optic,82.9,0
62,Two year,No,28.6,0
13,Month-to-month,Fiber optic,55.61,1
67,Month-to-month,DSL,22.68,0
43,One year,DSL,37.64,1
70,One year,No,52.8,0
64,One year,DSL,48.09,0
42,One year,DSL,57.65,0
27,One year,Fiber optic,52.98,0
8,Month-to-month,DSL,41.1,0
7,One year,DSL,54.35,0
28,One year,DSL,31.91,0
59,Two year,DSL,44.23,0
36,Month-to-month,Fiber optic,59.44,1
35,Month-to-month,Fiber optic,79.92,0
17,One year,No,29.78,0
41,Month-to-month,Fiber optic,78.2,0
46,Month-to-month,DSL,55.45,0
71,Two year,DSL,42.27,0
53,Month-to-month,No,37.04,0
44,Month-to-month,Fiber optic,62.92,0
66,Month-to-month,Fiber optic,77.51,0
31,Month-to-month,DSL,21.35,0
68,One year,DSL,36.04,0
27,Month-to-month,DSL,72.79,0
9,Month-to-month,Fiber optic,77.33,1
30,Month-to-month,Fiber optic,77.34,0
9,Month-to-month,No,15.11,0
8,Month-to-month,DSL,31.87,0
64,Month-to-month,No,21.83,0
58,Month-to-month,No,24.19,0
16,Month-to-month,DSL,67.97,0
61,Month-to-month,DSL,57.23,0
5,Month-to-month,DSL,46.31,0
20,Month-to-month,DSL,,0
51,Month-to-month,DSL,54.1,0
22,Month-to-month,Fiber optic,54.17,1
53,Month-to-month,No,1.94,0
63,Month-to-month,DSL,53.92,0
4,One year,DSL,45.86,0
1,Month-to-month,Fiber optic,54.25,0
68,One year,Fiber optic,44.86,0
37,One year,DSL,55.73,1
36,Month-to-month,DSL,38.74,0
33,Month-to-month,Fiber optic,74.8,1
31,Month-to-month,Fiber optic,66.83,0
50,Month-to-month,DSL,44.59,0
42,Month-to-month,No,17.89,0
11,Month-to-month,Fiber optic,69.08,1
45,Two year,Fiber optic,76.92,0
48,Month-to-month,Fiber optic,66.69,0
8,One year,Fiber optic,66.01,0
27,One year,Fiber optic,77.29,0
57,Month-to-month,DSL,53.09,0
45,Two year,DSL,31.35,0
9,Two year,Fiber optic,69.65,0
2,Month-to-month,Fiber optic,63.71,0
42,Month-to-month,No,25.16,0
33,Month-to-month,Fiber optic,,0
70,Month-to-month,DSL,49.31,0
38,Month-to-month,Fiber optic,95.97,0
67,Month-to-month,DSL,47.64,0
15,Month-to-month,DSL,43.0,1
32,One year,Fiber optic,69.76,0
10,Month-to-month,DSL,46.71,0
41,Month-to-month,DSL,48.87,0
13,Month-to-month,Fiber optic,58.1,0
35,One year,DSL,42.2,0
25,One year,Fiber optic,61.31,1
13,Month-to-month,DSL,57.36,1
7,One year,No,1.89,0
37,Month-to-month,Fiber optic,71.88,0
69,One year,Fiber optic,51.78,0
14,One year,Fiber optic,75.19,1
29,Month-to-month,No,20.21,0
16,One year,Fiber optic,48.2,1
59,Two year,Fiber optic,81.31,0
30,One year,DSL,14.8,0
71,Month-to-month,DSL,44.62,0
17,One year,DSL,53.29,0
5,Month-to-month,No,41.52,1
42,One year,Fiber optic,50.68,0
47,Two year,DSL,38.81,0
72,Month-to-month,DSL,58.0,0
63,Month-to-month,Fiber optic,83.81,0
64,Month-to-month,DSL,60.37,0
46,Month-to-month,DSL,75.74,0
26,Month-to-month,Fiber optic,63.9,1
31,Month-to-month,Fiber optic,74.47,0
9,One year,Fiber optic,65.85,1
31,Month-to-month,DSL,21.3,1
26,Month-to-month,Fiber optic,68.92,0
2,One year,No,1.07,1
14,Month-to-month,Fiber optic,63.75,0
39,Month-to-month,No,7.38,0
26,One year,DSL,50.27,0
72,Two year,Fiber optic,60.66,0
34,One year,Fiber optic,48.58,0
69,Month-to-month,DSL,55.39,0
48,Month-to-month,Fiber optic,62.75,1
2,Two year,Fiber optic,64.81,1
14,One year,DSL,33.27,0
51,One year,No,38.79,0
39,One year,DSL,48.25,1
22,Month-to-month,DSL,37.64,0
38,Month-to-month,DSL,22.03,0
65,One year,DSL,75.13,0
28,Two year,Fiber optic,93.75,0
3,Month-to-month,DSL,62.32,0
22,One year,DSL,36.56,0
68,Month-to-month,DSL,38.99,0
55,Two year,No,29.81,0
61,Month-to-month,Fiber optic,59.27,0
66,One year,DSL,33.13,0
8,Month-to-month,DSL,62.5,0
20,One year,Fiber optic,69.34,0
4,One year,Fiber optic,56.56,1
0,Month-to-month,No,36.43,1
60,Two year,Fiber optic,63.11,0
68,Two year,DSL,21.25,0
11,Two year,DSL,31.38,0
52,Month-to-month,DSL,38.8,0
39,One year,DSL,47.64,0
5,One year,Fiber optic,72.06,0
66,One year,Fiber optic,84.73,0
63,Month-to-month,DSL,42.16,1
41,One year,Fiber optic,64.41,0
51,Month-to-month,DSL,59.94,0
28,Month-to-month,Fiber optic,81.74,1
57,Month-to-month,Fiber optic,67.44,0
32,Month-to-month,No,28.5,0
72,Month-to-month,No,19.3,0
4,Month-to-month,DSL,31.05,1
12,One year,Fiber optic,96.37,1
70,Month-to-month,No,18.5,0
21,Month-to-month,DSL,48.54,0
22,One year,No,6.82,0
57,Two year,Fiber optic,78.84,0
13,Two year,Fiber optic,55.53,0
37,Two year,DSL,65.14,0
20,Two year,No,46.57,0
14,One year,Fiber optic,76.79,0
70,Two year,Fiber optic,71.38,0
14,Two year,DSL,42.75,0
6,Month-to-month,No,24.43,1
49,Two year,DSL,49.91,0
63,One year,No,26.08,0
9,One year,DSL,56.78,0
51,Two year,DSL,33.98,0
39,Month-to-month,DSL,63.34,0
60,Month-to-month,Fiber optic,64.93,1
9,One year,DSL,36.05,0
71,One year,DSL,49.35,0
45,Two year,DSL,50.12,0
61,Two year,Fiber optic,49.16,0
26,One year,DSL,39.23,0
68,Two year,DSL,18.94,0
45,Month-to-month,Fiber optic,61.89,1
9,Two year,No,17.41,0
67,Month-to-month,Fiber optic,73.57,0
58,One year,Fiber optic,60.55,0
21,Month-to-month,Fiber optic,63.39,0
39,One year,DSL,60.65,0
28,Month-to-month,Fiber optic,94.77,1
39,Month-to-month,DSL,33.95,0
70,One year,DSL,57.23,0
65,One year,DSL,49.65,0
15,Month-to-month,DSL,24.13,1
70,One year,No,15.51,0
31,Month-to-month,Fiber optic,33.67,0
51,Month-to-month,Fiber optic,73.88,1
55,Month-to-month,Fiber optic,57.08,1
35,One year,DSL,46.61,0
33,One year,Fiber optic,100.85,1
33,One year,DSL,64.12,0
62,Two year,DSL,35.8,0
28,One year,DSL,32.89,0
20,One year,Fiber optic,85.52,0
26,Two year,Fiber optic,57.94,0
14,Month-to-month,Fiber optic,81.89,1
28,Month-to-month,DSL,77.83,0
8,Month-to-month,DSL,53.11,0
6,One year,DSL,59.21,0
52,Month-to-month,DSL,57.82,0
5,Month-to-month,DSL,38.31,0
41,Two year,Fiber optic,73.48,0
56,Two year,Fiber optic,58.52,0
52,Month-to-month,Fiber optic,85.48,0
32,Month-to-month,Fiber optic,56.98,0
14,Month-to-month,Fiber optic,78.41,0
67,Month-to-month,DSL,58.58,0
60,Two year,Fiber optic,64.1,0
44,One year,Fiber optic,61.35,0
6,Month-to-month,Fiber optic,67.96,1
2,Month-to-month,Fiber optic,59.29,1
23,Month-to-month,Fiber optic,71.88,1
11,Month-to-month,Fiber optic,59.0,1
62,Month-to-month,Fiber optic,59.87,1
15,One year,No,31.56,0
20,Month-to-month,Fiber optic,77.41,0
71,Two year,Fiber optic,66.48,0
59,Month-to-month,DSL,25.24,0
15,One year,Fiber optic,84.05,0
27,Month-to-month,DSL,39.62,0
37,Month-to-month,Fiber optic,94.75,0
48,Two year,DSL,43.41,0
68,One year,No,26.63,0
63,Month-to-month,DSL,39.82,0
71,Month-to-month,Fiber optic,72.92,0
2,One year,Fiber optic,111.72,0
17,Two year,Fiber optic,65.81,0
41,One year,DSL,60.32,0
3,Month-to-month,Fiber optic,71.09,1
25,Month-to-month,DSL,59.09,0
11,Month-to-month,Fiber optic,46.82,1
68,Month-to-month,DSL,68.34,0
4,One year,Fiber optic,74.09,0
10,One year,Fiber optic,66.79,0
14,Month-to-month,DSL,55.84,0
10,One year,DSL,46.73,0
41,One year,Fiber optic,56.23,0
26,One year,Fiber optic,40.92,1
66,Month-to-month,DSL,66.91,0
19,Month-to-month,DSL,42.33,0
39,Month-to-month,DSL,37.64,0
48,Month-to-month,DSL,38.58,0
45,Month-to-month,DSL,62.57,1
58,Month-to-month,DSL,39.12,0
14,Month-to-month,Fiber optic,77.73,1
37,Month-to-month,DSL,40.98,0
58,Two year,DSL,,0
63,One year,Fiber optic,80.82,0
45,Month-to-month,DSL,58.24,0
47,Two year,Fiber optic,61.85,0
63,Month-to-month,Fiber optic,69.55,0
45,Month-to-month,DSL,46.16,0
69,Two year,DSL,50.34,0
9,Month-to-month,Fiber optic,93.66,1
25,Month-to-month,DSL,41.11,0
8,Month-to-month,Fiber optic,66.04,1
6,Month-to-month,DSL,42.9,0
34,One year,Fiber optic,58.69,0
16,Month-to-month,DSL,24.33,1
29,Month-to-month,Fiber optic,71.61,0
31,Month-to-month,Fiber optic,76.33,0
45,Month-to-month,DSL,45.03,0
69,Month-to-month,Fiber optic,69.25,0
62,Two year,Fiber optic,59.22,0
27,One year,Fiber optic,73.03,0
23,Month-to-month,DSL,47.04,0
56,One year,Fiber optic,75.7,0
9,Month-to-month,DSL,48.88,0
39,Month-to-month,Fiber optic,,0
30,Month-to-month,DSL,60.83,0
13,Month-to-month,No,31.87,0
45,One year,Fiber optic,75.77,0
23,Two year,DSL,24.09,0
13,Month-to-month,Fiber optic,82.64,1
47,Month-to-month,Fiber optic,66.43,0
12,One year,DSL,45.95,0
49,Month-to-month,DSL,29.73,0
11,Month-to-month,DSL,70.08,0
31,Two year,No,-4.69,0
58,Two year,Fiber optic,87.86,1
16,Two year,DSL,50.1,0
56,Month-to-month,Fiber optic,47.14,1
52,Month-to-month,No,49.44,0
65,Month-to-month,DSL,51.17,0
12,Two year,Fiber optic,41.7,0
52,Month-to-month,DSL,39.93,0
68,Month-to-month,DSL,51.41,0
55,Month-to-month,No,45.56,0
13,One year,DSL,40.09,0
60,One year,DSL,13.24,0
7,One year,DSL,62.51,0
42,Month-to-month,DSL,50.98,0
36,One year,DSL,18.21,0
38,Month-to-month,Fiber optic,74.11,1
37,Month-to-month,Fiber optic,75.38,0
2,Month-to-month,No,21.1,0
37,Month-to-month,No,15.07,0
68,Month-to-month,No,17.68,0
31,Two year,Fiber optic,66.1,0
20,Month-to-month,Fiber optic,74.26,0
72,Month-to-month,No,34.46,0
7,One year,Fiber optic,44.23,1
35,One year,Fiber optic,73.07,0
37,Month-to-month,Fiber optic,75.86,0
34,One year,DSL,47.03,0
67,Month-to-month,DSL,40.14,0
30,Month-to-month,Fiber optic,87.04,1
71,One year,DSL,61.13,0
4,One year,Fiber optic,65.61,0
53,Month-to-month,DSL,44.0,1
43,Month-to-month,DSL,54.26,0
17,Month-to-month,DSL,60.39,1
16,Month-to-month,Fiber optic,60.21,0
52,Two year,Fiber optic,57.45,0
46,Month-to-month,Fiber optic,73.29,0
44,Two year,No,11.52,0
3,Month-to-month,Fiber optic,46.66,1
43,Two year,DSL,35.16,0
71,Month-to-month,Fiber optic,75.01,0
1,Month-to-month,No,43.64,1
34,Month-to-month,DSL,36.49,1
36,Month-to-month,Fiber optic,68.51,0
65,Two year,DSL,46.87,0
20,One year,DSL,37.22,0
34,One year,DSL,36.27,0
52,Month-to-month,No,29.02,0
4,One year,DSL,30.63,1
58,One year,DSL,35.79,0
60,Two year,DSL,42.57,0
52,One year,Fiber optic,73.87,1
47,One year,DSL,26.82,0
54,Month-to-month,DSL,43.43,0
57,Two year,Fiber optic,54.51,0
65,Month-to-month,DSL,36.79,0
31,Month-to-month,Fiber optic,79.46,0
33,Two year,Fiber optic,69.11,0
46,Month-to-month,DSL,65.03,0
14,Month-to-month,Fiber optic,69.13,0
62,Month-to-month,DSL,56.62,0
56,Month-to-month,Fiber optic,79.54,0
46,Two year,DSL,44.84,0
22,Two year,No,9.21,0
25,Month-to-month,DSL,43.74,0
31,Two year,DSL,38.61,0
48,One year,Fiber optic,63.14,0
56,Two year,Fiber optic,71.87,0
49,Month-to-month,DSL,27.61,0
67,Month-to-month,DSL,34.51,0
70,Month-to-month,DSL,32.86,0
51,Month-to-month,DSL,41.95,1
27,One year,Fiber optic,60.78,0
43,Month-to-month,Fiber optic,61.57,0
31,Month-to-month,No,26.63,0
45,One year,DSL,39.65,0
59,Month-to-month,DSL,45.06,0
26,Month-to-month,DSL,31.61,0
36,One year,No,15.06,0
3,Two year,DSL,69.49,0
53,Month-to-month,Fiber optic,61.63,0
35,Two year,DSL,19.72,1
33,Two year,Fiber optic,74.11,1
38,One year,Fiber optic,61.5,0
15,Month-to-month,DSL,,0
43,One year,Fiber optic,68.93,0
54,Two year,Fiber optic,76.6,0
25,Month-to-month,DSL,43.8,0
9,Two year,No,22.28,1
28,Two year,Fiber optic,83.78,1
14,Month-to-month,DSL,18.38,0
27,One year,DSL,29.09,0
45,Month-to-month,Fiber optic,60.1,0
8,One year,DSL,24.69,0
54,Two year,DSL,39.25,0
16,Month-to-month,DSL,38.06,0
65,Month-to-month,DSL,56.7,0
53,Month-to-month,No,,0
19,Two year,DSL,42.44,0
41,Month-to-month,Fiber optic,65.44,0
8,Two year,DSL,32.38,0
7,Month-to-month,DSL,55.69,1
69,Month-to-month,Fiber optic,,0
58,Two year,DSL,30.45,0
11,One year,DSL,64.44,0
20,Month-to-month,Fiber optic,61.95,1
14,Month-to-month,Fiber optic,60.97,1
28,Month-to-month,DSL,50.67,0
21,Month-to-month,Fiber optic,76.74,1
23,Month-to-month,DSL,44.14,0
38,One year,Fiber optic,65.84,0
13,Month-to-month,DSL,59.07,0
64,Month-to-month,DSL,37.52,0
53,Month-to-month,Fiber optic,69.17,0
55,Month-to-month,DSL,65.33,0
12,Two year,Fiber optic,53.96,0
51,Month-to-month,Fiber optic,64.5,0
61,Month-to-month,DSL,57.3,0
12,One year,Fiber optic,76.34,0
54,Two year,DSL,55.73,0
26,One year,DSL,29.13,0
57,Two year,Fiber optic,73.85,1
34,Two year,Fiber optic,66.58,0
58,One year,DSL,72.27,0
10,Two year,Fiber optic,79.71,0
28,Month-to-month,DSL,44.73,0
19,Two year,Fiber optic,73.43,1
18,Two year,No,25.65,0
22,Two year,Fiber optic,78.39,1
27,Month-to-month,DSL,34.72,0
9,One year,DSL,61.38,0
51,Month-to-month,Fiber optic,54.1,1
40,One year,DSL,47.46,0
60,Month-to-month,Fiber optic,60.11,1
51,One year,Fiber optic,70.51,0
10,One year,Fiber optic,81.86,0
5,Month-to-month,DSL,24.45,0
30,Month-to-month,DSL,42.97,0
35,Month-to-month,Fiber optic,52.72,0
17,One year,DSL,41.65,0
57,One year,DSL,27.69,0
42,One year,Fiber optic,71.94,1
54,Month-to-month,Fiber optic,64.89,0
7,Two year,Fiber optic,78.97,0
59,One year,Fiber optic,84.74,0
15,Month-to-month,DSL,45.13,1
32,Month-to-month,DSL,55.72,1
32,Month-to-month,Fiber optic,86.59,0
59,Month-to-month,DSL,33.93,0
20,Month-to-month,Fiber optic,87.22,1
17,Month-to-month,DSL,44.56,1
24,Month-to-month,DSL,33.26,1
26,Month-to-month,Fiber optic,73.58,0
13,Month-to-month,DSL,44.13,0
12,Two year,Fiber optic,53.12,0
16,Month-to-month,No,11.79,0
34,Month-to-month,Fiber optic,89.65,0
25,One year,DSL,48.34,0
28,Month-to-month,No,42.78,0
52,Month-to-month,DSL,40.0,0
17,Month-to-month,DSL,35.38,0
66,Month-to-month,DSL,24.8,0
54,One year,Fiber optic,81.62,0
12,Month-to-month,No,29.93,1
22,Month-to-month,Fiber optic,65.11,1
13,One year,DSL,35.49,0
19,Two year,DSL,58.52,0
26,Month-to-month,Fiber optic,67.87,1
9,Month-to-month,Fiber optic,68.0,1
1,Month-to-month,Fiber optic,62.79,1
32,One year,Fiber optic,65.11,0
51,One year,DSL,51.6,0
22,One year,Fiber optic,53.0,0
62,Month-to-month,No,25.97,0
26,Month-to-month,Fiber optic,81.47,0
65,Two year,DSL,43.98,0
17,Month-to-month,Fiber optic,82.65,1
39,Two year,Fiber optic,86.09,1
55,Month-to-month,DSL,55.84,0
4,Month-to-month,Fiber optic,63.55,1
67,Month-to-month,DSL,44.57,0
26,Month-to-month,DSL,49.15,1
36,Two year,Fiber optic,64.36,0
45,Month-to-month,Fiber optic,63.96,0
46,One year,Fiber optic,63.24,0
1,One year,Fiber optic,100.52,0
63,Two year,DSL,41.75,0
45,One year,Fiber optic,82.82,0
72,Two year,Fiber optic,59.57,0
34,Two year,DSL,65.42,0
44,Month-to-month,Fiber optic,65.46,0
32,Two year,No,25.64,0
64,Two year,DSL,,0
60,Month-to-month,DSL,58.4,1
66,One year,DSL,61.0,0
36,Month-to-month,Fiber optic,55.75,1
57,One year,Fiber optic,84.1,1
26,Month-to-month,DSL,28.95,0
33,One year,Fiber optic,77.58,0
55,Month-to-month,Fiber optic,66.54,0
5,One year,DSL,61.04,0
51,Month-to-month,DSL,47.99,0
1,One year,DSL,56.18,0
42,Month-to-month,Fiber optic,84.85,1
34,One year,No,21.51,0
34,Month-to-month,Fiber optic,69.65,0
36,Month-to-month,No,11.67,0
35,Month-to-month,Fiber optic,66.4,0
29,Two year,No,48.12,0
32,Month-to-month,No,34.07,0
41,One year,Fiber optic,57.46,0
55,Month-to-month,DSL,64.58,0
40,One year,Fiber optic,74.67,0
46,Month-to-month,Fiber optic,79.97,0
61,Month-to-month,Fiber optic,75.89,0
72,Month-to-month,DSL,50.04,0
7,Month-to-month,Fiber optic,46.03,1
52,Month-to-month,DSL,58.28,0
16,Month-to-month,No,-2.05,0
14,Month-to-month,DSL,57.19,0
57,Two year,Fiber optic,71.19,0
5,Month-to-month,DSL,55.03,0
61,Two year,Fiber optic,71.9,0
56,Month-to-month,Fiber optic,82.53,0
72,Month-to-month,No,25.19,0
48,Month-to-month,No,28.37,0
63,Month-to-month,Fiber optic,74.86,0
8,Month-to-month,Fiber optic,92.54,1
64,Two year,Fiber optic,77.2,0
11,One year,Fiber optic,54.2,0
22,One year,Fiber optic,63.23,0
9,Month-to-month,Fiber optic,77.18,0
29,Month-to-month,Fiber optic,85.12,1
54,One year,Fiber optic,61.33,0
19,Month-to-month,DSL,71.88,0
60,Month-to-month,DSL,47.11,0
44,Month-to-month,DSL,50.05,0
45,Month-to-month,Fiber optic,54.95,1
68,One year,DSL,58.39,0
31,Month-to-month,Fiber optic,64.65,1
25,Month-to-month,DSL,36.05,0
72,Two year,Fiber optic,66.19,0
40,Two year,No,41.59,0
44,Month-to-month,Fiber optic,75.59,0
21,Month-to-month,DSL,34.33,0
15,One year,Fiber optic,63.64,0
12,Month-to-month,DSL,61.91,0
16,Month-to-month,DSL,42.16,0
14,Month-to-month,Fiber optic,76.72,0
54,Month-to-month,DSL,54.66,0
4,Two year,Fiber optic,28.97,0
45,One year,DSL,60.17,0
69,Two year,Fiber optic,59.77,0
55,One year,DSL,40.67,0
29,One year,DSL,63.47,0
4,One year,Fiber optic,87.36,0
60,One year,DSL,50.91,0
0,Month-to-month,No,33.74,0
49,Month-to-month,DSL,56.74,0
48,Month-to-month,Fiber optic,87.16,0
14,Month-to-month,Fiber optic,88.69,0
54,Month-to-month,Fiber optic,71.29,0
12,Month-to-month,Fiber optic,61.15,1
16,One year,Fiber optic,66.94,0
59,Month-to-month,DSL,46.53,0
71,Month-to-month,DSL,44.36,0
19,Month-to-month,DSL,32.85,1
67,Month-to-month,Fiber optic,75.24,0
66,Two year,Fiber optic,51.19,0
56,Month-to-month,DSL,46.02,0
10,Month-to-month,DSL,46.79,0
21,Month-to-month,No,26.38,0
49,Two year,DSL,55.21,0
72,One year,Fiber optic,78.62,0
59,Month-to-month,DSL,71.67,0
30,Month-to-month,DSL,38.79,0
17,One year,Fiber optic,73.35,0
70,Two year,DSL,47.58,0
20,Month-to-month,Fiber optic,72.02,1
24,Month-to-month,Fiber optic,54.82,0
70,Month-to-month,Fiber optic,55.8,1
41,Month-to-month,DSL,45.08,0
19,One year,DSL,26.09,0
0,Two year,Fiber optic,65.99,1
31,Two year,DSL,37.23,0
71,One year,DSL,41.42,0
31,Month-to-month,Fiber optic,83.59,1
51,Two year,Fiber optic,57.06,0
18,Month-to-month,Fiber optic,80.44,1
56,Month-to-month,Fiber optic,63.14,1
56,One year,No,19.64,0
44,Month-to-month,DSL,50.59,0
56,Two year,Fiber optic,66.71,0
42,Two year,DSL,34.29,0
27,One year,Fiber optic,65.56,0
53,One year,Fiber optic,48.68,0
60,Month-to-month,Fiber optic,74.57,0
61,Month-to-month,Fiber optic,32.78,0
15,One year,Fiber optic,80.66,0
49,One year,Fiber optic,77.38,0
0,Two year,Fiber optic,89.22,0
41,Month-to-month,Fiber optic,96.18,0
41,Month-to-month,DSL,56.23,0
26,Month-to-month,Fiber optic,62.47,1
72,One year,DSL,71.07,0
64,One year,Fiber optic,55.67,0
2,Two year,No,2.17,0
15,Month-to-month,Fiber optic,92.23,0
15,Month-to-month,DSL,52.22,1
65,Month-to-month,Fiber optic,47.49,0
37,Month-to-month,Fiber optic,53.74,1
53,Month-to-month,DSL,51.62,0
59,One year,DSL,34.56,0
56,Month-to-month,No,16.29,0
6,Month-to-month,DSL,68.6,1
10,One year,Fiber optic,95.78,1
28,Two year,DSL,46.76,0
24,Month-to-month,Fiber optic,68.19,0
54,Month-to-month,DSL,55.83,0
11,One year,DSL,38.26,1
27,One year,Fiber optic,43.23,0
17,Two year,DSL,11.86,0
13,Month-to-month,Fiber optic,69.12,1
12,Month-to-month,Fiber optic,80.58,0
14,Two year,No,25.19,0
41,Month-to-month,Fiber optic,79.72,1
29,Month-to-month,Fiber optic,80.92,0
31,Two year,DSL,61.63,0
34,Month-to-month,Fiber optic,72.24,0
54,One year,Fiber optic,73.31,0
62,Two year,Fiber optic,69.56,0
38,Month-to-month,DSL,41.9,0
46,One year,Fiber optic,51.14,0
53,Month-to-month,DSL,59.06,0
50,Two year,Fiber optic,65.39,0
9,Two year,No,19.71,0
71,Two year,Fiber optic,63.5,0
12,Month-to-month,Fiber optic,53.92,1
30,One year,No,23.97,0
47,Two year,DSL,51.2,0
29,One year,Fiber optic,61.54,0
17,One year,Fiber optic,82.45,0
67,Month-to-month,DSL,40.58,0
5,Two year,Fiber optic,51.61,0
17,Month-to-month,Fiber optic,86.48,1
72,Month-to-month,DSL,47.38,0
53,Two year,DSL,55.36,0
6,Two year,DSL,55.64,0
55,Two year,DSL,33.65,0
70,Month-to-month,No,18.74,1
7,Month-to-month,Fiber optic,82.41,1
30,Month-to-month,DSL,67.02,0
34,Month-to-month,Fiber optic,70.76,1
9,Two year,DSL,37.47,0
14,One year,DSL,65.19,0
12,Month-to-month,Fiber optic,62.48,0
13,Month-to-month,DSL,48.95,0
29,Month-to-month,DSL,39.87,0
33,Two year,Fiber optic,73.23,0
17,One year,Fiber optic,58.65,0
21,Month-to-month,Fiber optic,65.5,1
14,Month-to-month,DSL,37.47,1
58,Month-to-month,DSL,52.95,0
15,Month-to-month,Fiber optic,71.96,1
66,Two year,Fiber optic,80.56,1
39,One year,DSL,35.09,0
58,Month-to-month,Fiber optic,67.5,0
46,One year,Fiber optic,77.5,0
19,Month-to-month,Fiber optic,80.3,0
43,Month-to-month,DSL,27.65,0
20,One year,No,28.81,0
8,Month-to-month,DSL,35.24,0
18,Month-to-month,Fiber optic,80.91,1
20,Two year,DSL,67.33,0
9,Two year,Fiber optic,38.66,0
1,Month-to-month,No,17.13,0
68,One year,Fiber optic,73.17,0
37,Month-to-month,No,24.95,0
29,One year,DSL,56.28,0
67,Month-to-month,DSL,45.95,0
16,One year,Fiber optic,63.64,0
29,Month-to-month,DSL,32.76,0
61,Two year,DSL,30.74,0
46,Two year,Fiber optic,61.09,0
29,Month-to-month,DSL,38.22,1
18,One year,DSL,49.61,0
2,Month-to-month,No,23.12,1
6,One year,DSL,37.19,0
11,Month-to-month,Fiber optic,57.89,1
57,Month-to-month,DSL,36.57,0
46,One year,Fiber optic,63.23,0
31,Month-to-month,Fiber optic,61.02,0
57,Month-to-month,DSL,53.08,0
11,Month-to-month,DSL,61.42,0
15,Month-to-month,DSL,30.89,0
28,Month-to-month,DSL,58.43,0
66,One year,Fiber optic,78.32,0
44,One year,DSL,47.16,0
62,Month-to-month,Fiber optic,88.32,0
18,Month-to-month,No,22.96,0
61,One year,No,29.82,0
5,One year,DSL,46.48,0
16,Two year,DSL,45.59,0
38,Month-to-month,DSL,50.51,0
3,Month-to-month,DSL,45.56,0
62,One year,DSL,50.59,0
63,Month-to-month,Fiber optic,61.96,0
39,Month-to-month,DSL,37.34,0
22,Month-to-month,Fiber optic,61.91,0
7,Two year,DSL,40.62,0
45,Month-to-month,DSL,57.16,0
39,One year,DSL,39.45,0
55,One year,DSL,52.83,0
43,Month-to-month,DSL,48.19,0
9,Two year,No,19.7,0
8,One year,Fiber optic,85.71,1
57,Month-to-month,Fiber optic,78.83,1
11,One year,Fiber optic,70.02,0
68,Month-to-month,DSL,44.03,0
7,Month-to-month,DSL,46.12,0
53,One year,DSL,26.65,0
71,One year,Fiber optic,60.1,0
32,Month-to-month,Fiber optic,75.55,0
4,Two year,DSL,26.0,0
63,One year,DSL,36.03,0
13,One year,Fiber optic,65.29,0
38,Month-to-month,Fiber optic,104.84,1
71,Month-to-month,Fiber optic,78.08,0
54,Month-to-month,DSL,58.17,0
3,One year,DSL,35.34,0
59,Month-to-month,DSL,49.34,0
11,One year,DSL,23.88,0
54,Month-to-month,DSL,41.03,0
45,One year,Fiber optic,76.06,1
21,Two year,Fiber optic,52.99,0
30,One year,Fiber optic,74.72,0
8,One year,No,30.71,0
72,Two year,DSL,37.77,0
17,Month-to-month,DSL,34.98,0
22,One year,DSL,36.42,0
36,Two year,Fiber optic,65.84,0
49,One year,Fiber optic,66.2,0
36,Month-to-month,DSL,51.12,0
36,Two year,No,18.59,1
42,Month-to-month,Fiber optic,89.23,0
62,Month-to-month,Fiber optic,89.14,0
28,Month-to-month,No,27.83,0
60,Month-to-month,DSL,40.86,0
57,Month-to-month,DSL,38.6,0
70,Month-to-month,Fiber optic,73.8,0
66,Two year,Fiber optic,75.9,0
58,Month-to-month,Fiber optic,67.59,1
18,Month-to-month,Fiber optic,65.28,1
56,Two year,DSL,49.23,0
53,Two year,DSL,45.83,0
21,Month-to-month,DSL,38.13,0
49,Month-to-month,Fiber optic,71.36,0
18,One year,Fiber optic,62.74,1
38,Two year,DSL,35.98,0
58,One year,Fiber optic,69.94,0
13,Month-to-month,Fiber optic,63.1,1
24,One year,Fiber optic,61.2,0
58,One year,Fiber optic,82.55,0
33,One year,Fiber optic,65.29,0
70,Two year,Fiber optic,92.12,1
0,One year,DSL,52.52,0
52,One year,Fiber optic,60.15,0
59,One year,DSL,58.92,0
67,One year,DSL,36.4,0
11,Month-to-month,DSL,68.68,0
71,Month-to-month,DSL,47.71,0
28,One year,Fiber optic,76.51,0
25,One year,Fiber optic,70.37,0
25,Month-to-month,DSL,48.19,0
46,Month-to-month,No,22.25,0
48,One year,Fiber optic,58.89,0
34,One year,Fiber optic,74.08,0
5,Month-to-month,No,37.3,0
72,Month-to-month,DSL,30.71,0
16,Month-to-month,DSL,63.49,0
6,Two year,DSL,52.21,0
43,Two year,DSL,39.76,0
30,One year,DSL,39.54,0
44,Month-to-month,DSL,67.37,0
63,One year,DSL,56.26,0
7,Month-to-month,Fiber optic,,1
20,Two year,No,21.99,0
37,Month-to-month,No,31.67,0
57,Month-to-month,DSL,49.19,0
43,One year,Fiber optic,67.9,0
27,Month-to-month,DSL,46.31,0
44,One year,Fiber optic,83.32,0
71,One year,DSL,64.2,0
35,Month-to-month,Fiber optic,66.98,0
64,Month-to-month,DSL,29.24,0
56,One year,No,44.72,0
21,Two year,Fiber optic,89.87,0
18,Month-to-month,DSL,49.8,0
56,Month-to-month,DSL,66.51,0
15,One year,Fiber optic,73.93,0
24,Month-to-month,Fiber optic,59.09,0
17,One year,Fiber optic,54.25,0
44,One year,DSL,29.14,0
21,Month-to-month,DSL,45.05,0
48,One year,Fiber optic,64.41,0
68,Month-to-month,Fiber optic,63.05,0
60,Month-to-month,Fiber optic,68.72,0
69,One year,Fiber optic,80.3,0
1,Two year,DSL,38.44,0
33,One year,Fiber optic,61.42,0
16,Month-to-month,DSL,39.23,0
67,One year,DSL,56.05,0
51,Month-to-month,DSL,44.16,0
23,Month-to-month,Fiber optic,73.36,0
41,Month-to-month,DSL,63.64,0
44,Month-to-month,DSL,79.12,0
36,Month-to-month,DSL,52.68,0
34,Two year,Fiber optic,76.5,0
4,Month-to-month,Fiber optic,55.79,0
33,Two year,DSL,49.42,0
25,One year,DSL,45.74,0
59,Month-to-month,No,35.71,0
63,Month-to-month,DSL,40.3,0
54,Month-to-month,DSL,47.41,0
2,Month-to-month,No,32.26,1
61,One year,DSL,67.78,0
28,Two year,Fiber optic,88.77,1
30,Two year,Fiber optic,85.19,1
68,Month-to-month,DSL,53.73,0
63,Month-to-month,Fiber optic,64.82,0
3,Month-to-month,No,33.72,0
26,Two year,Fiber optic,60.73,0
54,Month-to-month,Fiber optic,67.53,0
39,Month-to-month,DSL,66.34,1
18,One year,DSL,51.46,0
38,One year,DSL,47.72,0
63,Month-to-month,Fiber optic,74.27,0
16,One year,Fiber optic,68.87,0
54,Month-to-month,DSL,19.13,0
53,Month-to-month,No,9.83,0
64,Month-to-month,Fiber optic,77.41,0
21,Month-to-month,DSL,33.95,0
15,Two year,Fiber optic,68.71,0
39,Month-to-month,DSL,30.27,0
38,One year,Fiber optic,61.38,0
29,Month-to-month,No,24.95,0
56,One year,Fiber optic,81.09,0
58,Two year,DSL,58.49,0
17,Month-to-month,DSL,36.18,0
58,Two year,Fiber optic,73.68,0
16,One year,Fiber optic,52.89,0
29,One year,DSL,45.68,0
1,Month-to-month,DSL,56.44,1
24,One year,DSL,44.2,0
69,Month-to-month,DSL,60.79,0
32,Two year,Fiber optic,80.04,0
51,Two year,No,27.9,0
7,Month-to-month,Fiber optic,67.0,1
46,Two year,DSL,38.59,0
27,Two year,No,7.5,0
54,One year,No,9.46,0
67,Month-to-month,Fiber optic,81.94,0
38,Month-to-month,Fiber optic,88.16,0
7,Month-to-month,DSL,32.03,0
34,Month-to-month,Fiber optic,70.82,1
8,Two year,DSL,26.11,1
32,Month-to-month,DSL,33.28,0
4,One year,Fiber optic,73.12,0
46,One year,Fiber optic,63.78,0
22,One year,DSL,22.01,0
14,Month-to-month,DSL,65.63,0
1,One year,Fiber optic,69.41,1
64,One year,Fiber optic,56.75,0
61,One year,Fiber optic,71.54,0
59,Month-to-month,DSL,44.03,0
4,One year,DSL,50.06,0
25,Month-to-month,DSL,40.92,0
70,One year,No,28.77,0
42,Month-to-month,DSL,56.32,0
9,Month-to-month,DSL,29.18,0
10,Two year,Fiber optic,61.68,0
19,Month-to-month,DSL,55.07,0
70,Two year,DSL,38.38,0
12,Two year,DSL,44.02,0
65,Month-to-month,DSL,39.36,0
49,Month-to-month,Fiber optic,65.1,0
67,Month-to-month,DSL,39.08,0
60,Two year,DSL,29.9,0
24,One year,No,30.51,0
60,Month-to-month,Fiber optic,82.75,0
12,Month-to-month,No,22.88,0
21,Month-to-month,DSL,56.39,0
15,One year,DSL,39.11,0
9,Month-to-month,Fiber optic,63.4,1
6,Month-to-month,DSL,49.93,1
13,Two year,DSL,50.13,0
8,Month-to-month,DSL,,0
27,Month-to-month,No,33.12,1
5,One year,Fiber optic,54.56,1
4,Two year,DSL,41.35,0
72,Month-to-month,Fiber optic,81.58,0
6,Two year,Fiber optic,81.55,0
5,Month-to-month,Fiber optic,80.03,0
2,Two year,Fiber optic,82.25,0
9,Month-to-month,Fiber optic,65.53,1
38,One year,Fiber optic,49.54,0
60,Month-to-month,Fiber optic,66.89,0
53,Two year,DSL,52.63,0
42,Two year,Fiber optic,79.59,0
6,Month-to-month,Fiber optic,63.68,0
56,Month-to-month,Fiber optic,58.38,1
2,One year,Fiber optic,59.58,1
46,Month-to-month,Fiber optic,63.48,0
29,One year,No,2.23,0
64,One year,DSL,38.67,0
22,Month-to-month,Fiber optic,70.57,1
46,Month-to-month,DSL,43.83,0
32,Two year,Fiber optic,66.04,0
38,Month-to-month,DSL,36.73,1
68,One year,No,18.13,0
52,Month-to-month,Fiber optic,63.34,1
30,Month-to-month,Fiber optic,78.47,0
32,Month-to-month,DSL,44.99,0
51,Month-to-month,Fiber optic,108.0,0
25,One year,Fiber optic,66.01,0
12,Month-to-month,DSL,50.25,1
34,One year,DSL,41.28,0
4,One year,Fiber optic,65.99,0
12,Month-to-month,DSL,63.75,0
30,Month-to-month,Fiber optic,81.97,0
58,One year,Fiber optic,48.94,0
57,One year,DSL,32.73,0
19,One year,DSL,43.37,0
30,Month-to-month,DSL,38.79,0
11,Two year,DSL,26.9,0
55,Month-to-month,DSL,46.39,0
17,One year,DSL,22.46,1
58,Month-to-month,DSL,46.52,0
61,One year,Fiber optic,78.76,1
50,Month-to-month,DSL,55.47,0
24,One year,Fiber optic,68.27,0
69,Month-to-month,DSL,63.13,1
50,One year,Fiber optic,73.98,0
47,Month-to-month,DSL,55.15,1
62,One year,DSL,36.16,0
64,Month-to-month,DSL,63.26,0
5,Month-to-month,Fiber optic,69.96,0
64,One year,Fiber optic,88.92,0
55,Month-to-month,DSL,61.3,0
15,Month-to-month,No,28.09,0
22,Two year,Fiber optic,74.87,0
54,Two year,Fiber optic,67.84,0
15,Two year,Fiber optic,60.17,1
33,Month-to-month,DSL,52.14,0
50,Month-to-month,Fiber optic,76.53,0
47,One year,DSL,25.58,0
66,Month-to-month,DSL,44.01,0
8,One year,Fiber optic,80.42,1
21,Month-to-month,Fiber optic,87.59,0
71,Two year,Fiber optic,78.7,0
41,One year,DSL,26.79,0
18,Month-to-month,Fiber optic,57.35,0
21,Month-to-month,Fiber optic,65.85,1
24,Month-to-month,DSL,61.79,1
40,Month-to-month,Fiber optic,62.72,0
20,One year,DSL,57.7,0
45,Month-to-month,DSL,37.52,0
32,Month-to-month,Fiber optic,76.39,0
44,Month-to-month,Fiber optic,58.72,0
11,One year,DSL,42.67,0
45,Month-to-month,Fiber optic,56.42,0
67,Month-to-month,Fiber optic,87.32,0
9,Two year,DSL,36.66,0
23,Month-to-month,DSL,26.43,0
50,Month-to-month,No,5.48,0
45,Two year,Fiber optic,68.97,0
49,Month-to-month,Fiber optic,64.5,0
40,Two year,Fiber optic,77.78,1
49,One year,Fiber optic,67.18,0
44,One year,DSL,58.99,0
5,Month-to-month,Fiber optic,65.38,0
54,Month-to-month,Fiber optic,82.32,1
32,Month-to-month,Fiber optic,58.57,0
3,Month-to-month,Fiber optic,51.96,1
29,Month-to-month,Fiber optic,60.12,0
31,One year,DSL,31.46,0
6,One year,Fiber optic,55.11,0
72,Month-to-month,DSL,49.96,0
16,One year,Fiber optic,66.83,0
24,Two year,Fiber optic,71.7,0
32,One year,No,31.33,0
60,One year,No,4.77,0
54,One year,Fiber optic,76.84,0
56,Month-to-month,Fiber optic,55.54,0
17,Month-to-month,DSL,38.08,0
61,Two year,DSL,22.29,0
60,One year,Fiber optic,77.85,0
33,One year,Fiber optic,49.73,0
39,Two year,Fiber optic,55.6,0
2,Month-to-month,DSL,31.47,0
55,Month-to-month,DSL,43.45,0
70,One year,Fiber optic,68.09,0
34,Month-to-month,Fiber optic,79.74,1
39,One year,Fiber optic,68.75,0
36,Two year,DSL,56.59,0
6,One year,DSL,49.55,0
45,Month-to-month,DSL,33.65,0
52,One year,DSL,36.99,0
67,Month-to-month,Fiber optic,88.13,0
67,Two year,DSL,59.73,0
35,Month-to-month,Fiber optic,79.89,0
70,Two year,Fiber optic,81.47,0
38,Month-to-month,DSL,50.58,0
46,Month-to-month,DSL,49.02,1
43,Month-to-month,Fiber optic,70.6,0
72,Month-to-month,Fiber optic,90.39,1
53,Month-to-month,DSL,39.42,0
8,Two year,DSL,47.88,0
5,Two year,DSL,24.5,0
29,Month-to-month,Fiber optic,52.83,0
37,One year,DSL,66.78,1
48,Two year,Fiber optic,77.4,0
35,Two year,Fiber optic,67.45,1
37,Month-to-month,Fiber optic,70.94,0
67,Month-to-month,Fiber optic,53.7,0
24,Two year,DSL,39.86,0
36,Month-to-month,DSL,27.5,1
40,Month-to-month,Fiber optic,66.46,0
34,One year,No,33.16,0
70,Month-to-month,DSL,50.44,0
70,Two year,DSL,64.07,0
37,Month-to-month,Fiber optic,73.54,1
32,One year,Fiber optic,40.26,0
42,Two year,DSL,68.41,0
13,Two year,DSL,34.91,0
31,Two year,Fiber optic,71.95,0
15,Two year,DSL,46.22,0
10,Month-to-month,Fiber optic,72.89,1
6,Two year,Fiber optic,70.58,1
42,Two year,Fiber optic,70.79,0
0,Month-to-month,Fiber optic,54.14,0
47,Month-to-month,Fiber optic,101.04,0
31,Month-to-month,DSL,52.82,0
26,One year,DSL,45.62,0
56,One year,Fiber optic,92.1,0
39,Month-to-month,Fiber optic,57.14,1
53,Month-to-month,DSL,55.42,0
51,One year,Fiber optic,63.34,0
2,Month-to-month,DSL,49.83,1
15,Two year,DSL,50.09,0
41,Month-to-month,DSL,16.96,0
71,Month-to-month,Fiber optic,52.82,0
11,Month-to-month,No,44.04,1
7,Two year,DSL,41.97,0
68,Two year,DSL,69.02,0
70,Month-to-month,No,40.72,0
12,Month-to-month,Fiber optic,67.36,0
29,Month-to-month,Fiber optic,66.3,0
45,Month-to-month,DSL,64.78,0
14,One year,DSL,70.24,1
23,Month-to-month,DSL,41.56,1
28,Month-to-month,DSL,63.46,1
46,Month-to-month,DSL,57.36,0
22,Month-to-month,Fiber optic,84.43,1
30,Month-to-month,Fiber optic,71.21,1
21,Month-to-month,DSL,36.93,0
55,Month-to-month,Fiber optic,57.35,0
11,Month-to-month,Fiber optic,54.35,1
16,Month-to-month,DSL,67.93,0
18,Two year,DSL,45.13,0
66,Month-to-month,DSL,31.26,0
68,Month-to-month,Fiber optic,82.03,0
36,Month-to-month,Fiber optic,64.25,1
11,One year,DSL,37.19,0
55,Two year,DSL,69.82,0
35,One year,Fiber optic,54.03,0
62,One year,DSL,47.82,0
26,Two year,DSL,37.91,0
72,Month-to-month,DSL,35.99,0
58,Two year,DSL,27.43,0
16,One year,Fiber optic,70.72,1
52,Month-to-month,DSL,34.51,0
20,Month-to-month,Fiber optic,77.1,1
25,Month-to-month,Fiber optic,69.44,1
18,Month-to-month,Fiber optic,66.25,1
49,Two year,Fiber optic,59.58,0
19,Month-to-month,DSL,62.17,0
46,One year,DSL,53.83,0
42,Two year,Fiber optic,61.82,1
54,Month-to-month,Fiber optic,53.69,0
72,Month-to-month,No,2.34,0
0,One year,Fiber optic,83.65,1
72,Two year,Fiber optic,80.91,0
7,Month-to-month,DSL,57.56,0
38,Month-to-month,No,23.56,0
24,One year,DSL,54.67,0
46,Two year,Fiber optic,82.33,0
52,Month-to-month,DSL,44.16,1
62,Month-to-month,DSL,40.7,0
29,Two year,DSL,33.28,0
68,Month-to-month,Fiber optic,75.11,1
23,Month-to-month,DSL,51.71,0
14,One year,DSL,40.12,0
27,Month-to-month,Fiber optic,66.54,1
38,Month-to-month,Fiber optic,67.39,0
48,One year,Fiber optic,79.49,0
60,One year,No,8.51,0
16,Month-to-month,Fiber optic,,1
22,Month-to-month,DSL,31.97,1
68,One year,Fiber optic,68.22,0
32,One year,DSL,48.78,0
17,Two year,DSL,32.17,0
71,One year,No,35.91,0
32,One year,DSL,62.55,0
71,Two year,DSL,49.97,0
67,Two year,DSL,58.47,0
66,Month-to-month,DSL,34.02,0
42,Two year,No,14.3,0
58,Two year,DSL,51.18,0
70,Month-to-month,DSL,44.54,0
19,Month-to-month,Fiber optic,59.28,1
2,One year,DSL,62.1,1
23,Month-to-month,No,28.59,0
46,One year,DSL,53.43,0
39,Month-to-month,DSL,36.91,0
5,Month-to-month,Fiber optic,90.16,1
40,Month-to-month,DSL,43.13,0
12,Two year,Fiber optic,82.23,0
36,Month-to-month,No,18.01,0
42,One year,Fiber optic,72.02,0
46,Month-to-month,Fiber optic,76.69,0
30,Month-to-month,DSL,68.94,0
29,Month-to-month,Fiber optic,64.72,1
49,Month-to-month,Fiber optic,72.43,0
54,One year,Fiber optic,77.1,0
58,One year,No,8.02,0
24,Month-to-month,DSL,18.91,0
30,Month-to-month,No,13.05,0
24,One year,Fiber optic,81.61,0
38,One year,Fiber optic,90.6,0
9,Month-to-month,Fiber optic,58.92,1
31,One year,Fiber optic,55.4,1
13,Month-to-month,Fiber optic,88.42,0
38,Month-to-month,Fiber optic,63.21,0
62,One year,Fiber optic,65.54,0
71,One year,DSL,62.51,0
32,Two year,Fiber optic,85.54,0
4,Month-to-month,DSL,56.21,0
16,Month-to-month,Fiber optic,49.46,0
7,One year,DSL,29.9,0
55,Month-to-month,DSL,58.45,0
71,Month-to-month,DSL,48.81,0
40,One year,DSL,35.67,0
12,Month-to-month,Fiber optic,65.87,0
1,Month-to-month,Fiber optic,83.33,0
71,Month-to-month,DSL,63.33,0
23,Two year,No,24.93,1
8,Month-to-month,DSL,36.76,0
12,Month-to-month,DSL,41.69,1
18,Month-to-month,DSL,61.12,1
47,Month-to-month,No,40.88,0
65,Month-to-month,Fiber optic,72.33,0
20,One year,Fiber optic,63.65,0
50,Month-to-month,DSL,57.99,0
4,Month-to-month,DSL,64.48,0
0,Month-to-month,Fiber optic,52.56,1
4,Month-to-month,Fiber optic,67.21,1
67,Month-to-month,DSL,58.87,0
42,One year,DSL,45.88,0
58,One year,DSL,39.14,0
1,One year,Fiber optic,72.22,1
1,Month-to-month,Fiber optic,74.45,1
61,Two year,DSL,31.48,0
7,One year,Fiber optic,71.09,0
11,Month-to-month,DSL,49.41,0
37,Month-to-month,DSL,39.11,0
44,One year,Fiber optic,60.65,0
16,Month-to-month,DSL,38.55,0
32,Month-to-month,Fiber optic,58.35,0
49,One year,DSL,55.21,1
32,Month-to-month,DSL,33.2,1
27,Two year,DSL,47.27,0
5,Month-to-month,DSL,40.51,0
32,Month-to-month,Fiber optic,61.53,0
58,Month-to-month,DSL,61.46,0
45,Month-to-month,Fiber optic,68.43,0
65,Two year,No,16.97,0
9,Two year,Fiber optic,60.82,0
0,Two year,DSL,,1
40,Month-to-month,Fiber optic,79.92,1
13,Month-to-month,Fiber optic,85.25,0
43,Month-to-month,Fiber optic,67.99,1
65,Month-to-month,Fiber optic,67.27,0
24,Two year,Fiber optic,71.57,0
40,Month-to-month,Fiber optic,72.01,1
49,Month-to-month,DSL,35.74,0
10,Month-to-month,Fiber optic,87.55,1
65,One year,Fiber optic,70.27,0
14,Month-to-month,No,31.42,0
59,One year,DSL,50.09,0
48,One year,Fiber optic,74.85,0
10,Two year,Fiber optic,57.95,0
52,Month-to-month,DSL,44.92,0
14,Month-to-month,DSL,72.37,1
43,Month-to-month,DSL,64.05,0
70,Two year,DSL,46.88,0
69,Two year,No,20.6,0
63,One year,DSL,18.39,0
36,Month-to-month,No,19.03,0
40,Month-to-month,DSL,44.06,0
21,One year,DSL,41.19,0
67,Month-to-month,DSL,42.03,0
34,One year,DSL,52.47,0
56,Two year,Fiber optic,58.0,0
26,Month-to-month,Fiber optic,73.27,0
54,Month-to-month,Fiber optic,68.68,1
16,Month-to-month,Fiber optic,59.41,1
53,Month-to-month,No,45.09,0
3,One year,DSL,53.97,1
7,Month-to-month,Fiber optic,60.56,0
25,Month-to-month,Fiber optic,76.21,0
35,Month-to-month,Fiber optic,53.33,1
51,Month-to-month,DSL,37.04,0
26,One year,No,40.93,1
1,One year,Fiber optic,74.22,0
23,Month-to-month,Fiber optic,73.25,0
32,Month-to-month,No,36.84,0
39,Month-to-month,DSL,52.34,0
47,Month-to-month,DSL,41.81,0
18,Month-to-month,Fiber optic,81.24,1
44,Two year,Fiber optic,49.73,0
46,Month-to-month,DSL,36.99,0
56,Month-to-month,Fiber optic,68.84,1
38,Month-to-month,DSL,51.57,0
59,One year,DSL,41.1,0
16,Month-to-month,Fiber optic,48.59,1
51,Two year,DSL,21.91,0
3,Month-to-month,DSL,44.18,0
7,Two year,No,19.27,0
63,One year,Fiber optic,59.08,0
34,Month-to-month,DSL,32.07,1
45,Month-to-month,Fiber optic,71.61,0
44,Month-to-month,No,40.63,0
50,Two year,DSL,46.61,0
17,Two year,Fiber optic,85.79,1
13,Month-to-month,DSL,40.51,0
3,Month-to-month,DSL,50.32,0
63,Month-to-month,DSL,61.22,0
16,Month-to-month,Fiber optic,68.11,1
41,One year,DSL,45.31,0
33,Month-to-month,DSL,40.51,0
11,Month-to-month,Fiber optic,77.11,0
30,Two year,Fiber optic,80.83,0
6,One year,DSL,49.22,0
12,One year,DSL,42.25,0
10,Month-to-month,Fiber optic,52.0,1
60,Two year,DSL,44.42,0
41,One year,Fiber optic,67.7,0
67,Month-to-month,DSL,47.83,0
31,Month-to-month,DSL,46.4,0
14,Two year,Fiber optic,88.87,0
44,Month-to-month,No,16.64,0
67,Two year,DSL,26.1,1
38,One year,Fiber optic,56.29,0
1,One year,No,17.4,1
22,One year,No,37.98,0
67,Two year,DSL,29.43,0
37,Month-to-month,Fiber optic,56.03,0
69,Month-to-month,Fiber optic,74.97,0
37,One year,DSL,55.19,0
0,Month-to-month,No,6.41,0
63,One year,Fiber optic,48.74,1
55,One year,Fiber optic,60.56,0
52,Month-to-month,Fiber optic,77.89,0
70,One year,Fiber optic,71.72,0
14,Month-to-month,DSL,36.0,0
66,Two year,Fiber optic,78.87,0
16,Month-to-month,DSL,46.49,1
70,One year,DSL,43.71,0
13,Two year,Fiber optic,50.63,0
40,Month-to-month,DSL,35.75,0
57,Month-to-month,Fiber optic,93.48,0
5,Month-to-month,Fiber optic,65.96,1
4,One year,DSL,33.52,1
62,Month-to-month,DSL,40.41,0
4,Month-to-month,Fiber optic,71.43,0
44,Two year,No,35.6,0
68,Month-to-month,Fiber optic,77.45,0
44,Month-to-month,Fiber optic,61.88,0
35,One year,DSL,60.26,0
30,Month-to-month,No,34.78,0
46,Month-to-month,DSL,39.66,0
41,Two year,Fiber optic,68.46,0
36,One year,Fiber optic,77.21,0
11,Month-to-month,Fiber optic,82.9,0
48,One year,DSL,26.78,0
54,Month-to-month,DSL,45.85,0
51,Month-to-month,Fiber optic,69.63,0
5,One year,DSL,38.15,0
51,Month-to-month,DSL,38.09,0
53,Month-to-month,Fiber optic,82.65,0
13,Two year,Fiber optic,76.42,0
61,Month-to-month,DSL,70.28,0
38,Month-to-month,Fiber optic,63.16,0
34,Month-to-month,Fiber optic,71.65,0
52,One year,Fiber optic,73.72,0
37,One year,DSL,55.75,0
39,Two year,DSL,61.3,0
22,Month-to-month,DSL,46.12,0
67,One year,Fiber optic,56.86,0
70,One year,DSL,36.47,0
9,Month-to-month,Fiber optic,71.71,1
53,Month-to-month,DSL,58.47,0
1,Two year,No,7.64,0
26,Month-to-month,DSL,30.96,0
70,One year,Fiber optic,79.09,0
12,Month-to-month,DSL,29.48,0
27,Month-to-month,Fiber optic,56.5,1
16,Two year,Fiber optic,83.64,1
53,Two year,No,22.34,0
33,Month-to-month,Fiber optic,66.43,1
43,One year,Fiber optic,86.42,0
68,Month-to-month,DSL,32.24,0
38,One year,DSL,29.83,0
53,Month-to-month,DSL,64.55,0
7,Month-to-month,Fiber optic,72.8,1
15,Month-to-month,DSL,53.16,1
69,Month-to-month,Fiber optic,66.27,0
62,Month-to-month,No,23.72,0
47,Month-to-month,Fiber optic,61.55,0
27,Two year,Fiber optic,73.82,0
14,Month-to-month,DSL,54.98,0
62,Month-to-month,Fiber optic,72.35,0
57,Month-to-month,DSL,57.73,0
17,One year,Fiber optic,77.95,0
43,Month-to-month,Fiber optic,57.42,1
45,Month-to-month,Fiber optic,68.26,0
34,One year,Fiber optic,64.62,0
67,Month-to-month,Fiber optic,79.04,0
9,Two year,Fiber optic,75.54,0
18,Month-to-month,Fiber optic,71.53,0
6,One year,DSL,57.16,0
50,Month-to-month,DSL,22.61,0
47,One year,Fiber optic,62.76,1
72,Two year,Fiber optic,63.78,0
39,Month-to-month,Fiber optic,73.02,0
10,Month-to-month,Fiber optic,76.63,0
32,Month-to-month,DSL,44.98,0
6,Month-to-month,Fiber optic,54.22,1
48,Two year,No,29.88,0
49,One year,DSL,46.54,0
62,One year,Fiber optic,52.38,0
24,Two year,Fiber optic,66.46,0
22,Two year,Fiber optic,74.49,0
5,Two year,Fiber optic,89.84,0
30,Month-to-month,DSL,31.93,0
34,Month-to-month,Fiber optic,79.48,1
55,Month-to-month,Fiber optic,57.08,0
55,Month-to-month,Fiber optic,54.75,0
10,Month-to-month,DSL,30.46,0
20,Month-to-month,Fiber optic,77.26,0
37,Month-to-month,No,26.56,0
24,Month-to-month,Fiber optic,66.22,1
1,Month-to-month,Fiber optic,75.49,0
61,Month-to-month,Fiber optic,70.49,0
53,Month-to-month,DSL,46.33,1
37,Month-to-month,Fiber optic,,0
23,One year,DSL,32.67,0
61,One year,Fiber optic,90.3,0
2,Month-to-month,Fiber optic,86.81,1
32,Month-to-month,Fiber optic,89.08,0
58,Month-to-month,DSL,38.53,0
69,Month-to-month,DSL,36.82,1
18,Month-to-month,DSL,40.03,0
47,Two year,No,37.89,0
13,Month-to-month,Fiber optic,70.0,0
8,Month-to-month,DSL,38.48,0
25,One year,Fiber optic,74.37,0
64,Month-to-month,Fiber optic,61.16,0
50,Month-to-month,DSL,28.74,0
35,Month-to-month,Fiber optic,71.55,0
20,Two year,Fiber optic,63.81,0
10,Month-to-month,DSL,44.84,1
19,One year,Fiber optic,37.78,0
11,One year,Fiber optic,59.3,0
13,Month-to-month,DSL,44.46,0
50,One year,Fiber optic,51.8,0
9,Month-to-month,Fiber optic,52.21,0
3,Month-to-month,Fiber optic,70.47,1
39,Month-to-month,No,33.42,0
20,Two year,No,14.3,0
33,Month-to-month,DSL,41.85,1
10,Month-to-month,Fiber optic,67.13,1
15,Two year,Fiber optic,51.25,1
32,Month-to-month,Fiber optic,84.21,0
50,Two year,DSL,42.8,0
30,One year,DSL,42.93,0
39,One year,DSL,49.48,0
38,One year,Fiber optic,51.28,0
19,One year,DSL,56.04,0
20,Month-to-month,Fiber optic,82.61,0
31,Two year,Fiber optic,71.69,0
2,Two year,DSL,50.55,0
50,Two year,DSL,41.09,0
44,One year,DSL,55.36,0
22,Month-to-month,Fiber optic,60.12,0
27,Month-to-month,No,24.61,0
23,Month-to-month,Fiber optic,70.33,1
47,Month-to-month,Fiber optic,69.54,0
55,One year,Fiber optic,82.83,0
7,One year,Fiber optic,96.26,0
30,Month-to-month,DSL,,0
1,Month-to-month,Fiber optic,75.64,1
33,One year,Fiber optic,60.37,0
18,Month-to-month,Fiber optic,82.38,0
24,Two year,DSL,38.79,0
33,One year,No,62.74,0
23,Month-to-month,DSL,24.95,0
28,Month-to-month,Fiber optic,95.77,1
55,One year,Fiber optic,81.89,0
59,Month-to-month,Fiber optic,56.53,0
0,Two year,No,52.83,0
27,Month-to-month,Fiber optic,58.86,0
61,Month-to-month,No,21.23,0
38,Month-to-month,DSL,29.44,1
14,One year,DSL,43.24,1
43,Two year,DSL,44.37,0
10,Two year,Fiber optic,79.96,1
1,Month-to-month,Fiber optic,99.26,0
46,Two year,Fiber optic,63.84,0
37,Month-to-month,Fiber optic,36.97,0
55,One year,DSL,52.78,0
25,Two year,Fiber optic,63.4,1
62,Month-to-month,DSL,66.82,0
30,Two year,DSL,44.58,0
53,Month-to-month,Fiber optic,60.89,0
7,Month-to-month,Fiber optic,57.84,0
7,Month-to-month,Fiber optic,77.47,1
57,Two year,Fiber optic,66.7,0
60,Month-to-month,DSL,62.61,0
68,Two year,DSL,42.47,0
23,Month-to-month,DSL,61.98,0
1,One year,Fiber optic,53.44,0
71,One year,DSL,24.14,0
43,Month-to-month,DSL,54.95,0
18,One year,No,19.43,0
55,One year,DSL,41.84,0
65,Month-to-month,DSL,32.85,0
20,Month-to-month,Fiber optic,56.97,1
56,Month-to-month,DSL,52.63,0
57,Two year,Fiber optic,69.77,0
36,One year,Fiber optic,57.28,0
46,Two year,Fiber optic,79.49,0
19,One year,Fiber optic,84.1,0
67,Two year,Fiber optic,68.69,0
71,Month-to-month,Fiber optic,82.04,0
71,Month-to-month,DSL,32.98,0
53,One year,DSL,51.93,0
3,Month-to-month,No,26.94,1
26,Month-to-month,DSL,35.5,0
32,One year,Fiber optic,94.64,0
70,Two year,DSL,47.79,0
39,One year,DSL,37.91,0
39,Month-to-month,Fiber optic,70.24,0
10,Two year,No,14.56,0
57,Month-to-month,No,11.12,0
24,Month-to-month,Fiber optic,64.61,1
6,Two year,DSL,40.42,0
72,One year,Fiber optic,60.35,1
13,Two year,No,40.01,0
1,Two year,DSL,35.81,0
5,One year,Fiber optic,58.81,0
33,Month-to-month,DSL,30.77,0
7,Month-to-month,DSL,29.62,0
61,Two year,Fiber optic,82.33,0
37,Two year,DSL,48.1,0
23,Month-to-month,DSL,53.28,1
0,Month-to-month,DSL,57.22,1
35,Month-to-month,DSL,41.0,0
11,Month-to-month,Fiber optic,87.67,1
71,Two year,Fiber optic,62.48,0
21,Month-to-month,DSL,31.85,0
34,Month-to-month,Fiber optic,74.48,0
1,Two year,Fiber optic,71.73,1
9,Month-to-month,No,26.72,0
15,Month-to-month,DSL,57.18,0
3,Month-to-month,DSL,46.27,0
52,Month-to-month,DSL,48.76,0
69,Month-to-month,DSL,61.32,0
71,Month-to-month,DSL,48.2,0
19,Month-to-month,Fiber optic,75.93,1
57,Month-to-month,Fiber optic,52.99,0
36,Month-to-month,Fiber optic,114.63,1
3,Month-to-month,Fiber optic,50.91,1
6,Two year,Fiber optic,63.53,0
39,Month-to-month,DSL,38.17,0
30,Month-to-month,DSL,70.3,0
0,Two year,No,17.79,1
67,Month-to-month,Fiber optic,75.3,0
53,Month-to-month,Fiber optic,63.25,0
36,Two year,Fiber optic,57.52,1
72,One year,Fiber optic,76.84,1
70,Month-to-month,Fiber optic,61.37,0
71,One year,No,27.49,0
18,One year,Fiber optic,77.52,1
64,Month-to-month,DSL,67.88,0
36,Month-to-month,Fiber optic,54.85,0
53,Month-to-month,DSL,43.17,0
62,Two year,DSL,43.66,0
11,Month-to-month,No,25.01,0
32,Month-to-month,Fiber optic,100.83,0
9,Month-to-month,No,22.92,1
20,Two year,Fiber optic,39.75,1
30,Month-to-month,DSL,42.62,0
62,Month-to-month,Fiber optic,68.58,0
62,Month-to-month,DSL,42.11,0
28,One year,DSL,36.38,0
24,Month-to-month,DSL,29.14,0
38,Two year,DSL,70.91,0
66,Month-to-month,Fiber optic,73.82,0
71,Month-to-month,DSL,42.69,0
16,Month-to-month,Fiber optic,95.53,1
13,Month-to-month,Fiber optic,59.58,1
51,Month-to-month,Fiber optic,77.23,0
22,One year,Fiber optic,55.01,0
14,Month-to-month,Fiber optic,79.01,0
2,One year,DSL,31.39,0
29,Month-to-month,Fiber optic,75.65,1
28,One year,DSL,68.44,0
41,Month-to-month,Fiber optic,71.12,1
14,Month-to-month,DSL,18.69,0
52,Month-to-month,Fiber optic,70.43,0
49,Two year,Fiber optic,75.77,0
33,Two year,DSL,55.81,0
13,Two year,No,42.68,0
37,Two year,No,43.29,1
49,Month-to-month,Fiber optic,68.43,0
27,Month-to-month,No,17.09,0
19,Month-to-month,DSL,31.58,0
36,Two year,No,18.52,0
25,Month-to-month,Fiber optic,75.72,0
29,Month-to-month,Fiber optic,53.82,0
25,One year,Fiber optic,58.88,0
22,Month-to-month,DSL,51.75,1
52,One year,Fiber optic,62.24,0
33,Month-to-month,Fiber optic,74.44,0
34,One year,DSL,35.23,0
47,Two year,No,28.45,0
26,One year,DSL,35.74,0
7,Month-to-month,DSL,22.18,0
62,Month-to-month,Fiber optic,81.47,0
4,Month-to-month,No,16.65,0
41,Month-to-month,Fiber optic,67.02,0
19,One year,Fiber optic,61.71,0
15,Month-to-month,Fiber optic,76.53,1
3,Month-to-month,Fiber optic,74.0,1
65,Month-to-month,DSL,51.51,0
31,Two year,DSL,38.41,0
25,Month-to-month,Fiber optic,69.4,0
54,Month-to-month,Fiber optic,75.0,0
2,Month-to-month,Fiber optic,88.54,1
41,Month-to-month,Fiber optic,73.68,0
36,Two year,No,12.96,1
40,Month-to-month,DSL,48.21,1
9,One year,Fiber optic,68.02,1
69,One year,Fiber optic,46.02,0
17,Two year,DSL,22.86,1
49,One year,DSL,44.2,0
54,One year,No,25.21,0
25,Month-to-month,Fiber optic,66.46,1
9,Month-to-month,DSL,55.61,0
21,One year,Fiber optic,58.78,0
58,One year,DSL,28.37,0
66,Month-to-month,Fiber optic,60.09,1
68,Month-to-month,DSL,37.68,0
16,Month-to-month,Fiber optic,69.3,1
44,Month-to-month,DSL,35.43,0
11,Month-to-month,Fiber optic,44.3,0
51,Month-to-month,DSL,14.17,0
30,Month-to-month,Fiber optic,71.48,0
52,One year,DSL,31.45,0
50,One year,Fiber optic,45.94,0
72,One year,DSL,52.5,0
35,One year,DSL,63.54,0
24,Month-to-month,Fiber optic,68.87,1
38,Month-to-month,Fiber optic,73.22,1
11,One year,Fiber optic,73.32,1
8,Two year,Fiber optic,42.24,1
37,One year,DSL,55.66,0
60,One year,Fiber optic,84.88,0
38,One year,Fiber optic,92.04,1
57,One year,Fiber optic,64.75,0
12,One year,Fiber optic,56.38,0
32,One year,Fiber optic,86.3,1
44,Month-to-month,DSL,50.99,0
25,Month-to-month,Fiber optic,80.5,0
1,Month-to-month,No,17.24,0
5,Month-to-month,DSL,48.26,1
67,One year,Fiber optic,57.36,0
44,Month-to-month,DSL,44.94,1
19,Month-to-month,DSL,40.83,1
18,One year,DSL,73.12,0
2,Month-to-month,Fiber optic,76.58,1
68,Two year,DSL,19.18,0
7,Month-to-month,Fiber optic,69.98,1
55,Month-to-month,DSL,49.42,0
17,Month-to-month,Fiber optic,64.31,1
24,Month-to-month,Fiber optic,56.77,0
19,Month-to-month,DSL,52.93,1
60,Month-to-month,Fiber optic,58.46,0
2,Month-to-month,Fiber optic,76.91,1
25,Month-to-month,DSL,32.45,0
20,One year,Fiber optic,63.59,0
19,Month-to-month,Fiber optic,81.47,0
14,Month-to-month,Fiber optic,75.87,0
66,Month-to-month,No,25.38,0
27,Two year,DSL,44.64,0
30,One year,DSL,46.09,0
28,Two year,DSL,35.5,0
71,Two year,DSL,26.8,0
24,Month-to-month,DSL,51.83,0
24,One year,DSL,63.36,0
23,Month-to-month,DSL,52.25,0
23,Two year,DSL,48.05,0
6,Month-to-month,Fiber optic,55.5,1
44,Month-to-month,Fiber optic,80.53,0
1,Two year,Fiber optic,75.78,1
16,Two year,DSL,54.12,0
14,Two year,No,37.41,0
21,Month-to-month,DSL,64.03,0
55,Month-to-month,DSL,31.62,0
43,Month-to-month,DSL,29.53,0
72,Month-to-month,No,26.78,0
25,Month-to-month,DSL,33.93,0
67,Month-to-month,Fiber optic,56.85,1
3,One year,DSL,59.64,0
36,Month-to-month,Fiber optic,57.89,1
58,One year,Fiber optic,69.87,0
38,Two year,Fiber optic,50.42,0
68,One year,Fiber optic,70.76,0
22,Month-to-month,Fiber optic,84.19,0
2,Month-to-month,Fiber optic,84.56,1
56,Month-to-month,No,37.54,0
4,One year,Fiber optic,69.06,0
55,Month-to-month,DSL,58.34,0
53,Month-to-month,Fiber optic,75.16,0
61,Two year,No,19.73,0
34,One year,DSL,49.58,0
65,Two year,No,35.63,0
12,Month-to-month,DSL,29.07,1
31,Two year,DSL,32.27,0
8,Month-to-month,Fiber optic,68.28,0
55,Month-to-month,Fiber optic,55.34,0
52,Two year,DSL,30.17,0
58,Two year,Fiber optic,64.95,0
55,Month-to-month,Fiber optic,81.9,0
22,Month-to-month,DSL,56.68,0
4,Month-to-month,Fiber optic,73.85,1
67,One year,DSL,47.16,0
35,Two year,Fiber optic,95.05,0
6,Month-to-month,Fiber optic,63.53,1
67,Month-to-month,Fiber optic,72.89,1
72,One year,DSL,37.93,0
32,One year,DSL,29.55,0
56,Month-to-month,DSL,59.22,0
2,One year,Fiber optic,66.34,0
6,Two year,Fiber optic,78.34,1
20,Month-to-month,DSL,42.05,0
47,One year,Fiber optic,84.96,0
9,One year,Fiber optic,58.03,0
2,Month-to-month,Fiber optic,83.97,1
48,Two year,DSL,55.73,0
56,One year,Fiber optic,48.46,0
53,Month-to-month,Fiber optic,63.8,1
58,Month-to-month,No,37.25,0
58,One year,No,44.65,0
43,Month-to-month,DSL,53.59,0
37,Month-to-month,DSL,40.24,0
62,Month-to-month,No,13.38,0
25,One year,DSL,51.8,0
7,Two year,DSL,39.89,0
54,One year,Fiber optic,65.4,0
20,Two year,Fiber optic,67.31,0
71,Month-to-month,DSL,55.58,0
30,Month-to-month,DSL,66.68,1
62,Two year,Fiber optic,82.32,0
3,Month-to-month,DSL,45.11,1
48,Two year,DSL,34.21,0
32,Month-to-month,Fiber optic,78.01,0
33,Month-to-month,DSL,64.99,0
19,One year,Fiber optic,82.04,1
70,Month-to-month,DSL,47.49,0
28,Month-to-month,No,19.13,0
62,Month-to-month,DSL,49.14,0
31,Month-to-month,DSL,58.85,0
3,Month-to-month,DSL,47.79,1
64,Two year,Fiber optic,68.76,0
13,Month-to-month,DSL,36.75,0
19,Two year,Fiber optic,101.07,1
62,One year,DSL,34.31,0
65,Month-to-month,DSL,33.2,0
66,Month-to-month,DSL,46.97,0
31,Two year,Fiber optic,67.58,0
55,One year,Fiber optic,82.28,0
23,Two year,Fiber optic,82.69,0
54,Month-to-month,Fiber optic,55.43,0
36,One year,Fiber optic,60.93,0
3,One year,Fiber optic,59.5,0
30,Two year,No,34.41,0
34,Month-to-month,Fiber optic,75.14,1
18,Two year,DSL,40.54,0
27,Month-to-month,Fiber optic,72.6,1
36,Two year,DSL,,0
3,Month-to-month,DSL,36.09,0
11,One year,No,9.4,0
55,Month-to-month,DSL,46.75,0
25,Two year,DSL,46.7,0
44,Month-to-month,Fiber optic,58.19,1
41,Month-to-month,DSL,50.05,1
40,One year,Fiber optic,82.69,1
30,One year,DSL,32.63,0
35,Month-to-month,DSL,41.08,0
60,One year,Fiber optic,76.16,1
70,Month-to-month,DSL,44.92,0
18,One year,Fiber optic,53.54,0
48,One year,DSL,39.71,0
70,One year,DSL,39.31,0
0,Two year,DSL,42.95,0
57,Month-to-month,DSL,43.47,0
36,Month-to-month,Fiber optic,88.79,1
70,One year,DSL,42.5,0
42,Month-to-month,DSL,24.38,1
61,Month-to-month,Fiber optic,71.09,0
12,One year,Fiber optic,90.97,0
10,Month-to-month,Fiber optic,67.99,0
67,Month-to-month,DSL,39.74,0
38,Two year,DSL,41.34,0
40,Month-to-month,Fiber optic,77.01,0
12,Month-to-month,Fiber optic,66.29,1
16,Month-to-month,Fiber optic,51.81,0
59,Month-to-month,Fiber optic,61.94,0
22,One year,Fiber optic,69.22,1
42,One year,DSL,51.43,0
23,One year,Fiber optic,63.01,1
19,Month-to-month,DSL,41.45,0
12,Month-to-month,Fiber optic,70.54,0
67,Month-to-month,DSL,35.67,0
68,One year,Fiber optic,68.9,0
8,One year,Fiber optic,75.61,0
25,Month-to-month,Fiber optic,55.76,1
41,Two year,DSL,48.68,0
27,One year,No,11.92,0
52,Month-to-month,Fiber optic,57.16,0
18,One year,DSL,37.05,0
4,One year,DSL,61.39,0
24,Month-to-month,Fiber optic,49.42,1
43,Month-to-month,DSL,39.43,0
13,One year,Fiber optic,,0
59,Two year,DSL,59.01,0
0,One year,DSL,68.38,0
4,One year,Fiber optic,64.94,0
37,One year,DSL,51.47,0
37,Month-to-month,Fiber optic,68.87,0
21,Month-to-month,DSL,43.79,0
18,Month-to-month,DSL,48.28,0
5,Two year,DSL,25.97,0
48,Two year,Fiber optic,69.43,0
27,Two year,Fiber optic,75.41,0
8,Month-to-month,DSL,34.68,0
29,Month-to-month,DSL,50.49,0
68,One year,DSL,24.26,0
19,Month-to-month,Fiber optic,71.12,0
65,Month-to-month,DSL,61.11,0
18,One year,DSL,42.38,0
13,One year,DSL,33.26,0
19,One year,Fiber optic,52.9,1
23,Month-to-month,Fiber optic,74.69,0
8,Month-to-month,Fiber optic,81.14,0
42,Month-to-month,DSL,44.33,1
24,Month-to-month,DSL,39.44,0
52,Month-to-month,DSL,21.83,0
35,Month-to-month,Fiber optic,71.49,1
32,Two year,DSL,36.73,0
34,Month-to-month,DSL,37.42,0
11,Month-to-month,Fiber optic,89.4,0
52,Month-to-month,Fiber optic,48.38,0
7,One year,Fiber optic,49.99,0
52,Month-to-month,DSL,47.78,0
72,Month-to-month,Fiber optic,65.38,0
55,Month-to-month,Fiber optic,63.77,0
33,Month-to-month,DSL,48.27,1
22,One year,DSL,48.07,0
63,Month-to-month,DSL,33.32,0
18,Month-to-month,DSL,37.9,1
35,One year,DSL,45.59,0
56,Month-to-month,DSL,47.0,0
67,One year,DSL,50.8,0
67,Month-to-month,Fiber optic,63.0,0
6,One year,DSL,49.16,0
65,Month-to-month,DSL,56.4,0
8,Month-to-month,DSL,45.56,0
42,Month-to-month,Fiber optic,68.77,0
67,Two year,Fiber optic,67.17,0
47,Month-to-month,Fiber optic,62.59,0
69,Two year,Fiber optic,58.74,0
25,Two year,Fiber optic,66.42,0
22,Month-to-month,Fiber optic,75.41,1
23,Month-to-month,Fiber optic,59.33,0
25,Month-to-month,DSL,44.1,1
49,Two year,DSL,42.7,0
33,One year,DSL,66.33,0
53,Month-to-month,Fiber optic,78.67,1
30,Month-to-month,Fiber optic,78.48,0
22,Two year,Fiber optic,81.04,0
13,Month-to-month,DSL,38.45,1
40,Month-to-month,Fiber optic,86.52,0
65,Month-to-month,DSL,46.91,0
62,Month-to-month,Fiber optic,69.46,0
18,Two year,Fiber optic,55.42,0
34,One year,Fiber optic,65.18,1
51,Month-to-month,Fiber optic,48.81,0
44,Month-to-month,Fiber optic,67.02,0
4,One year,DSL,38.08,0
43,Month-to-month,Fiber optic,65.22,1
2,Month-to-month,Fiber optic,53.37,0
8,Month-to-month,Fiber optic,78.44,1
47,One year,No,32.11,0
7,Two year,DSL,65.28,1
24,One year,DSL,64.94,0
42,Month-to-month,DSL,46.87,0
47,One year,DSL,57.28,0
32,Month-to-month,Fiber optic,73.14,1
6,Two year,DSL,39.87,0
58,Month-to-month,DSL,41.66,0
69,Month-to-month,Fiber optic,77.67,0
64,Month-to-month,Fiber optic,119.06,1
54,Month-to-month,DSL,59.0,0
29,Month-to-month,Fiber optic,72.96,0
63,One year,Fiber optic,75.81,0
35,One year,Fiber optic,75.7,0
9,Two year,Fiber optic,68.92,1
62,Month-to-month,DSL,54.08,0
23,Month-to-month,DSL,43.13,0
68,Month-to-month,DSL,32.86,0
26,Month-to-month,Fiber optic,75.78,0
63,Month-to-month,Fiber optic,77.38,0
39,Two year,DSL,43.25,0
34,Two year,DSL,48.72,0
21,Month-to-month,Fiber optic,81.53,1
61,One year,DSL,44.38,0
4,One year,DSL,39.64,1
34,Month-to-month,DSL,36.49,1
26,One year,Fiber optic,66.95,1
39,Month-to-month,Fiber optic,88.42,0
18,Month-to-month,DSL,42.62,0
48,Two year,DSL,49.31,0
28,One year,DSL,41.11,0
13,Month-to-month,DSL,40.08,0
14,Month-to-month,Fiber optic,59.45,0
50,Two year,DSL,46.2,0
19,Month-to-month,DSL,38.79,0
22,Two year,No,40.28,0
45,Two year,DSL,43.71,0
24,Month-to-month,Fiber optic,69.47,0
28,One year,DSL,42.84,0
17,One year,DSL,49.45,0
25,One year,Fiber optic,87.89,0
50,Month-to-month,DSL,32.52,0
38,Month-to-month,Fiber optic,73.33,0
72,Month-to-month,Fiber optic,51.17,0
56,One year,DSL,59.68,0
1,One year,Fiber optic,68.7,1
27,One year,DSL,27.06,0
21,One year,DSL,29.69,0
42,Month-to-month,DSL,54.77,0
19,Month-to-month,DSL,25.02,0
70,One year,DSL,48.34,0
21,Month-to-month,Fiber optic,64.86,1
38,One year,No,22.66,1
8,Month-to-month,Fiber optic,61.91,1
66,Month-to-month,DSL,33.57,0
66,Two year,DSL,39.15,0
57,Month-to-month,Fiber optic,76.86,1
25,Month-to-month,DSL,41.49,0
4,One year,Fiber optic,75.05,0
51,One year,Fiber optic,67.09,0
31,Two year,Fiber optic,77.33,0
72,Two year,Fiber optic,74.98,1
50,One year,No,18.51,0
39,Month-to-month,DSL,33.56,1
72,Month-to-month,Fiber optic,81.47,0
58,Two year,DSL,35.24,0
33,Month-to-month,DSL,51.01,0
1,Two year,DSL,45.37,1
6,One year,DSL,39.44,0
32,Month-to-month,Fiber optic,75.15,0
41,Month-to-month,Fiber optic,86.41,0
2,One year,DSL,52.51,0
9,Month-to-month,DSL,46.55,0
51,Month-to-month,DSL,64.46,0
54,One year,Fiber optic,49.91,0
2,Month-to-month,DSL,31.65,0
37,Month-to-month,Fiber optic,64.43,0
5,One year,DSL,62.03,0
52,One year,Fiber optic,81.31,0
60,Month-to-month,DSL,24.4,0
63,Two year,No,19.76,0
43,Two year,Fiber optic,54.11,1
45,Month-to-month,DSL,44.51,0
67,Month-to-month,DSL,55.82,0
44,One year,Fiber optic,81.71,0
32,Month-to-month,Fiber optic,73.22,1
55,Two year,DSL,39.9,0
43,One year,Fiber optic,68.86,1
61,Month-to-month,Fiber optic,78.2,0
38,One year,DSL,73.17,0
63,Month-to-month,DSL,30.78,0
3,Two year,DSL,64.07,1
2,Month-to-month,DSL,47.93,0
7,Two year,DSL,54.84,0
40,Month-to-month,DSL,47.22,0
51,One year,Fiber optic,86.85,1
15,Two year,Fiber optic,73.96,1
11,Month-to-month,DSL,37.21,1
62,Month-to-month,No,30.4,0
54,Two year,Fiber optic,83.52,0
47,Two year,No,25.0,0
35,Month-to-month,DSL,20.11,0
30,Month-to-month,DSL,43.62,0
1,Two year,Fiber optic,71.18,0
13,Month-to-month,Fiber optic,69.46,1
65,One year,DSL,39.05,0
24,Month-to-month,Fiber optic,85.88,1
51,Month-to-month,Fiber optic,41.52,0
51,Two year,Fiber optic,71.13,0
22,Month-to-month,No,26.3,0
14,Two year,Fiber optic,95.14,0
50,One year,DSL,44.83,0
6,Month-to-month,Fiber optic,75.35,1
36,Month-to-month,Fiber optic,71.5,0
64,Month-to-month,Fiber optic,71.13,1
51,Two year,DSL,66.16,0
55,One year,DSL,31.66,0
6,One year,Fiber optic,61.99,1
14,Month-to-month,DSL,54.05,0
20,Month-to-month,Fiber optic,73.08,0
21,Month-to-month,DSL,41.6,0
14,One year,Fiber optic,69.15,0
70,Month-to-month,DSL,55.97,0
12,Month-to-month,No,30.82,0
51,Month-to-month,DSL,36.44,1
42,Month-to-month,Fiber optic,72.85,1
44,One year,DSL,44.4,0
15,One year,DSL,50.65,1
22,Two year,DSL,41.15,0
44,Month-to-month,Fiber optic,55.5,0
21,One year,Fiber optic,78.07,0
50,Month-to-month,Fiber optic,,1
2,Two year,DSL,61.98,0
5,One year,Fiber optic,54.21,0
53,Month-to-month,DSL,44.16,0
45,Two year,Fiber optic,67.24,0
3,Month-to-month,Fiber optic,65.25,1
65,Month-to-month,Fiber optic,51.51,0
0,Month-to-month,No,12.2,0
69,Month-to-month,DSL,48.25,0
53,Two year,DSL,39.0,0
72,One year,DSL,35.08,0
69,One year,DSL,62.16,0
22,Two year,Fiber optic,,1
55,One year,DSL,44.32,0
15,Month-to-month,Fiber optic,51.97,0
34,Month-to-month,DSL,49.76,0
17,Month-to-month,Fiber optic,44.98,0
35,Two year,No,8.8,0
63,Two year,DSL,49.96,0
31,One year,Fiber optic,53.4,0
6,Month-to-month,DSL,41.45,0
23,Month-to-month,Fiber optic,52.2,1
57,Two year,Fiber optic,70.68,0
38,Month-to-month,DSL,58.48,0
40,One year,DSL,37.65,0
31,Month-to-month,DSL,44.77,1
21,Month-to-month,Fiber optic,60.21,0
43,One year,Fiber optic,61.05,0
46,Two year,Fiber optic,60.02,0
65,One year,DSL,54.43,0
45,Month-to-month,DSL,28.04,0
72,Month-to-month,Fiber optic,66.02,1
60,Two year,Fiber optic,74.92,0
5,One year,Fiber optic,80.92,0
28,Month-to-month,Fiber optic,75.29,0
28,One year,Fiber optic,69.13,1
0,Month-to-month,Fiber optic,63.17,1
13,Month-to-month,Fiber optic,81.1,0
55,Two year,Fiber optic,59.59,0
25,One year,Fiber optic,59.77,0
10,Month-to-month,DSL,61.23,0
20,Month-to-month,DSL,49.32,0
20,Two year,Fiber optic,74.75,1
12,One year,Fiber optic,77.18,0
7,One year,DSL,43.86,0
55,Month-to-month,Fiber optic,52.75,0
60,Two year,Fiber optic,73.01,0
36,Two year,Fiber optic,69.78,0
44,Month-to-month,Fiber optic,59.69,0
67,Month-to-month,DSL,31.93,0
61,One year,DSL,44.44,0
2,Two year,Fiber optic,53.71,0
69,One year,Fiber optic,68.28,0
4,Two year,No,21.83,0
1,One year,DSL,43.57,1
29,Month-to-month,No,29.83,0
54,Month-to-month,DSL,52.46,0
5,Two year,Fiber optic,61.46,0
21,Month-to-month,Fiber optic,80.44,0
19,Month-to-month,Fiber optic,67.37,0
29,One year,DSL,66.04,0
71,Month-to-month,Fiber optic,62.97,0
24,Two year,DSL,25.66,0
15,Month-to-month,DSL,55.0,1
8,Month-to-month,DSL,50.11,0
14,Month-to-month,DSL,59.42,0
9,One year,Fiber optic,73.72,1
41,One year,Fiber optic,98.08,1
30,Month-to-month,DSL,42.73,1
36,Month-to-month,DSL,57.56,0
60,Month-to-month,DSL,38.69,0
42,One year,DSL,50.9,0
11,Two year,DSL,53.14,0
27,One year,Fiber optic,79.99,0
22,Month-to-month,Fiber optic,79.32,0
60,One year,DSL,6.16,0
22,Month-to-month,DSL,44.18,0
10,Month-to-month,DSL,38.1,0
53,Month-to-month,Fiber optic,65.47,1
31,Month-to-month,DSL,41.6,0
6,Month-to-month,Fiber optic,81.73,1
50,One year,Fiber optic,72.43,0
15,Month-to-month,Fiber optic,63.91,1
63,One year,DSL,27.38,0
60,Two year,Fiber optic,88.4,0
26,One year,Fiber optic,62.23,0
40,Month-to-month,Fiber optic,68.43,0
41,One year,Fiber optic,95.67,0
47,Month-to-month,DSL,37.56,0
5,Month-to-month,DSL,41.69,0
23,Month-to-month,DSL,47.79,0
12,Two year,Fiber optic,50.73,0
50,Two year,DSL,24.34,0
5,Two year,Fiber optic,64.22,1
37,One year,DSL,39.64,0
53,Month-to-month,DSL,46.61,0
69,Two year,Fiber optic,58.26,0
21,Two year,No,30.21,0
0,Month-to-month,Fiber optic,44.12,1
52,Two year,DSL,44.16,0
0,Two year,DSL,49.32,1
4,Month-to-month,DSL,48.94,0
72,Month-to-month,DSL,43.05,0
62,Month-to-month,Fiber optic,62.08,0
51,One year,DSL,42.7,0
60,Month-to-month,DSL,59.81,0
5,Month-to-month,DSL,37.81,1
6,One year,Fiber optic,81.74,0
21,Two year,Fiber optic,83.65,0
1,Two year,No,4.17,0
64,One year,Fiber optic,68.46,0
4,Month-to-month,Fiber optic,58.27,1
39,Month-to-month,Fiber optic,51.98,1
62,One year,DSL,54.5,0
53,Month-to-month,DSL,50.68,0
17,One year,No,28.16,0
34,Two year,DSL,31.97,0
40,One year,Fiber optic,72.53,0
56,One year,Fiber optic,54.27,0
31,One year,Fiber optic,70.93,1
20,Two year,DSL,37.06,0
58,Month-to-month,No,37.61,0
64,Month-to-month,Fiber optic,65.64,1
35,Month-to-month,Fiber optic,72.77,1
2,One year,DSL,47.8,0
36,Month-to-month,DSL,44.09,1
64,Month-to-month,DSL,46.26,0
72,One year,Fiber optic,73.65,0
29,Month-to-month,Fiber optic,59.24,1
10,One year,DSL,49.84,1
41,Month-to-month,Fiber optic,80.37,0
60,Month-to-month,DSL,49.77,0
68,Month-to-month,Fiber optic,65.75,0
3,Month-to-month,DSL,47.09,0
21,Two year,No,20.63,0
34,Two year,DSL,43.58,0
7,One year,Fiber optic,55.75,0
64,One year,No,41.56,0
8,One year,Fiber optic,93.23,0
48,Two year,DSL,36.55,0
67,Month-to-month,Fiber optic,79.43,1
50,Month-to-month,DSL,62.49,0
55,One year,Fiber optic,58.51,0
19,Two year,Fiber optic,44.1,0
60,Month-to-month,No,43.2,0
30,Month-to-month,DSL,44.88,0
4,Month-to-month,Fiber optic,63.77,1
26,Month-to-month,Fiber optic,70.57,1
25,One year,Fiber optic,65.57,0
38,Month-to-month,Fiber optic,105.51,1
19,Two year,DSL,38.63,0
33,One year,DSL,48.93,0
31,Month-to-month,No,40.51,0
23,Two year,DSL,60.45,0
50,One year,No,38.15,0
22,Month-to-month,DSL,,0
55,Month-to-month,Fiber optic,68.17,1
18,Two year,DSL,18.91,0
63,Month-to-month,Fiber optic,69.11,0
26,Month-to-month,Fiber optic,70.39,1
2,Month-to-month,DSL,53.9,0
10,Month-to-month,DSL,66.55,1
58,One year,Fiber optic,78.54,0
63,Month-to-month,Fiber optic,82.85,1
15,One year,Fiber optic,69.79,1
43,Month-to-month,DSL,60.41,0
41,Two year,Fiber optic,70.13,0
9,Month-to-month,DSL,58.69,1
32,Two year,DSL,54.65,0
50,Two year,Fiber optic,74.71,0
70,Month-to-month,DSL,26.51,0
61,One year,No,38.12,0
7,Month-to-month,DSL,49.54,1
17,Two year,DSL,53.43,0
31,One year,Fiber optic,73.76,0
10,Month-to-month,DSL,50.83,0
41,Month-to-month,DSL,60.61,0
0,Month-to-month,No,19.31,1
8,Two year,Fiber optic,75.61,0
3,One year,DSL,35.67,0
21,Month-to-month,Fiber optic,76.92,0
55,Month-to-month,Fiber optic,73.02,0
12,Month-to-month,Fiber optic,62.43,0
72,One year,Fiber optic,71.12,0
19,Month-to-month,DSL,38.18,0
3,Month-to-month,Fiber optic,65.46,1
24,Two year,DSL,49.26,0
54,Month-to-month,DSL,48.22,0
7,One year,Fiber optic,46.95,0
5,Month-to-month,DSL,49.45,0
62,Month-to-month,Fiber optic,66.36,0
43,One year,Fiber optic,65.03,0
25,Month-to-month,No,11.47,0
55,Month-to-month,Fiber optic,69.46,0
61,Two year,Fiber optic,63.72,0
26,Two year,DSL,60.28,0
40,One year,Fiber optic,49.01,1
0,Month-to-month,Fiber optic,58.43,1
22,Month-to-month,DSL,32.62,1
43,Month-to-month,DSL,48.1,0
14,Two year,DSL,59.08,0
72,Two year,DSL,51.04,0
70,Month-to-month,Fiber optic,56.86,0
18,Two year,Fiber optic,64.85,0
28,Month-to-month,Fiber optic,60.29,1
13,One year,Fiber optic,76.09,0
36,Month-to-month,No,19.61,0
9,Month-to-month,DSL,28.05,1
28,Two year,Fiber optic,77.02,0
40,Two year,Fiber optic,85.16,0
44,Month-to-month,Fiber optic,67.86,0
43,Month-to-month,DSL,46.44,0
16,One year,Fiber optic,51.92,0
57,Month-to-month,No,0.29,0
50,One year,Fiber optic,47.81,0
54,One year,Fiber optic,69.46,0
34,Month-to-month,No,21.3,0
65,Month-to-month,DSL,51.55,0
28,Month-to-month,Fiber optic,67.63,0
58,Two year,DSL,56.85,0
14,Month-to-month,DSL,55.47,1
18,One year,DSL,41.13,1
38,Month-to-month,DSL,32.96,0
40,One year,DSL,22.01,0
54,Month-to-month,No,42.2,0
21,Month-to-month,DSL,33.69,0
63,One year,Fiber optic,52.04,0
24,One year,Fiber optic,71.56,0
38,Month-to-month,DSL,27.15,0
68,Month-to-month,DSL,46.55,0
39,Two year,Fiber optic,65.96,0
49,Month-to-month,DSL,56.08,0
66,Month-to-month,Fiber optic,80.04,1
71,Month-to-month,No,38.24,0
36,Month-to-month,Fiber optic,72.48,0
30,One year,DSL,34.7,0
14,One year,DSL,32.56,0
39,Month-to-month,Fiber optic,63.63,0
67,One year,Fiber optic,93.93,0
35,Month-to-month,Fiber optic,67.01,1
25,One year,DSL,46.93,1
7,Month-to-month,DSL,63.22,0
28,Month-to-month,Fiber optic,73.06,0
17,One year,DSL,36.02,0
71,Month-to-month,No,33.76,0
38,Month-to-month,Fiber optic,64.86,0
10,Month-to-month,No,28.47,1
4,One year,Fiber optic,76.15,0
62,Month-to-month,Fiber optic,64.07,0
67,One year,DSL,47.24,0
55,One year,Fiber optic,89.2,0
9,One year,DSL,37.48,0
7,Month-to-month,DSL,60.8,0
14,Two year,DSL,37.91,0
54,Month-to-month,DSL,66.62,1
55,Two year,DSL,34.73,0
61,One year,DSL,40.27,0
7,Month-to-month,DSL,63.1,1
11,One year,DSL,63.63,0
65,Month-to-month,DSL,54.82,0
67,Month-to-month,Fiber optic,57.02,0
52,Month-to-month,Fiber optic,70.99,0
7,One year,Fiber optic,70.01,0
5,One year,Fiber optic,59.73,0
4,Two year,Fiber optic,78.36,1
50,Month-to-month,Fiber optic,60.68,0
61,One year,Fiber optic,54.51,0
46,One year,DSL,25.55,0
19,One year,DSL,65.55,0
55,Month-to-month,Fiber optic,63.87,1
4,Month-to-month,No,19.13,0
60,One year,No,12.63,0
65,Month-to-month,DSL,61.42,0
52,Month-to-month,Fiber optic,53.44,0
64,Month-to-month,Fiber optic,55.55,0
42,Month-to-month,Fiber optic,66.14,0
34,Month-to-month,DSL,44.74,0
23,Month-to-month,DSL,52.9,0
67,One year,DSL,36.89,0
50,Two year,DSL,63.53,0
13,Month-to-month,No,16.97,0
69,Month-to-month,DSL,32.9,0
4,Two year,No,11.75,1
42,Month-to-month,DSL,35.71,0
13,Two year,Fiber optic,55.98,0
48,One year,DSL,54.01,0
30,Month-to-month,Fiber optic,57.99,0
31,Month-to-month,Fiber optic,68.41,0
49,Month-to-month,No,12.65,0
55,One year,Fiber optic,55.91,0
27,Month-to-month,Fiber optic,83.28,1
72,Two year,No,44.23,0
36,One year,Fiber optic,85.23,1
11,Two year,Fiber optic,52.34,0
0,Two year,Fiber optic,54.01,0
14,Month-to-month,DSL,68.74,1
50,Month-to-month,Fiber optic,66.95,1
39,Two year,Fiber optic,53.5,0
24,Month-to-month,DSL,57.99,0
35,Month-to-month,Fiber optic,70.81,0
61,Month-to-month,DSL,51.83,1
41,Month-to-month,Fiber optic,43.15,0
4,Two year,DSL,41.08,0
3,Month-to-month,DSL,56.39,1
35,One year,Fiber optic,62.32,0
29,Two year,Fiber optic,84.82,0
62,Month-to-month,Fiber optic,54.2,0
42,One year,Fiber optic,68.65,0
55,Month-to-month,Fiber optic,89.74,0
42,Month-to-month,DSL,31.19,0
25,Month-to-month,Fiber optic,73.26,0
47,Month-to-month,Fiber optic,,1
45,Month-to-month,Fiber optic,71.1,0
52,Month-to-month,DSL,42.0,0
13,Month-to-month,Fiber optic,59.48,1
46,Month-to-month,DSL,47.36,0
20,One year,DSL,43.77,0
57,Month-to-month,Fiber optic,52.76,1
58,Two year,Fiber optic,83.2,0
45,Two year,Fiber optic,59.08,0
69,One year,DSL,28.08,0
39,One year,Fiber optic,62.85,0
1,One year,Fiber optic,59.29,0
44,One year,No,21.9,0
56,Two year,DSL,30.09,0
7,Two year,Fiber optic,75.38,1
7,Month-to-month,No,41.57,0
19,One year,Fiber optic,71.27,0
61,Two year,Fiber optic,52.67,0
38,Month-to-month,Fiber optic,59.04,0
71,Month-to-month,No,27.66,0
63,One year,Fiber optic,46.4,0
40,One year,DSL,30.21,0
49,Month-to-month,DSL,25.23,0
24,Month-to-month,DSL,46.39,0
6,Month-to-month,Fiber optic,95.95,1
29,One year,Fiber optic,54.87,0
43,Two year,DSL,54.8,0
13,Two year,Fiber optic,63.23,0
16,Month-to-month,DSL,29.16,1
1,Month-to-month,Fiber optic,88.77,1
53,One year,DSL,70.92,0
65,One year,DSL,49.94,0
60,Month-to-month,DSL,49.35,0
27,Month-to-month,DSL,45.75,0
43,Month-to-month,Fiber optic,68.22,0
70,One year,Fiber optic,74.08,0
43,One year,Fiber optic,78.11,1
21,Month-to-month,DSL,64.96,1
24,Two year,Fiber optic,63.73,0
53,One year,Fiber optic,71.53,0
32,Two year,Fiber optic,68.94,0
61,Month-to-month,Fiber optic,82.29,0
63,Month-to-month,DSL,73.8,0
2,Two year,DSL,57.7,0
52,Two year,Fiber optic,79.58,0
27,Two year,Fiber optic,80.89,0
37,Two year,DSL,60.21,0
19,Month-to-month,DSL,73.97,0
26,Month-to-month,DSL,24.78,0
24,Month-to-month,DSL,52.2,0
3,Two year,DSL,14.03,0
57,Month-to-month,DSL,56.42,0
10,One year,DSL,51.61,0
27,Two year,DSL,38.44,0
14,Two year,DSL,12.96,0
11,Two year,DSL,44.83,0
27,One year,Fiber optic,72.67,0
67,Month-to-month,Fiber optic,69.24,0
68,Two year,No,17.54,0
27,Month-to-month,DSL,34.24,0
36,Month-to-month,Fiber optic,69.38,0
71,Two year,Fiber optic,60.38,0
17,One year,Fiber optic,79.71,0
68,Month-to-month,Fiber optic,69.06,1
7,Month-to-month,DSL,24.3,0
16,Month-to-month,DSL,47.12,0
24,Two year,DSL,49.97,0
2,One year,Fiber optic,89.42,0
59,Month-to-month,Fiber optic,81.14,0
62,One year,Fiber optic,59.22,0
27,Two year,Fiber optic,87.11,1
61,Two year,DSL,28.37,0
56,Month-to-month,Fiber optic,70.34,0
58,One year,No,,0
58,Month-to-month,DSL,62.5,0
41,Month-to-month,Fiber optic,92.67,1
8,Month-to-month,Fiber optic,85.3,1
67,Month-to-month,Fiber optic,68.36,0
44,One year,Fiber optic,76.96,0
65,Month-to-month,No,27.69,0
70,Month-to-month,DSL,36.49,0
13,Month-to-month,DSL,43.61,0
29,Month-to-month,DSL,66.57,0
14,One year,No,32.75,0
3,Month-to-month,DSL,69.71,0
70,Month-to-month,Fiber optic,57.01,0
67,Two year,Fiber optic,65.42,0
68,Month-to-month,Fiber optic,74.98,0
64,Two year,Fiber optic,78.91,0
47,One year,DSL,43.6,0
38,One year,Fiber optic,79.61,0
72,One year,DSL,54.52,0
40,Month-to-month,Fiber optic,53.34,0
46,Two year,DSL,54.04,0
15,Two year,Fiber optic,82.88,0
54,Month-to-month,Fiber optic,73.55,0
59,One year,DSL,22.92,0
49,Month-to-month,Fiber optic,66.68,1
36,Two year,DSL,50.26,0
14,Two year,DSL,34.61,0
2,Month-to-month,Fiber optic,81.02,1
45,Two year,Fiber optic,78.76,1
49,Two year,Fiber optic,71.61,0
56,One year,Fiber optic,70.21,0
69,Month-to-month,No,27.31,0
36,Two year,DSL,44.95,0
60,One year,Fiber optic,54.57,0
52,Month-to-month,DSL,39.84,0
20,Two year,No,25.87,0
61,One year,Fiber optic,87.02,0
3,Two year,Fiber optic,78.3,1
43,One year,DSL,62.67,1
68,Month-to-month,DSL,28.14,0
48,Two year,Fiber optic,65.73,0
68,One year,DSL,69.89,0
4,Month-to-month,Fiber optic,61.08,1
38,Month-to-month,DSL,35.84,1
56,Month-to-month,DSL,41.74,0
46,One year,Fiber optic,94.22,0
64,Month-to-month,DSL,36.94,0
33,Two year,Fiber optic,76.69,1
49,Two year,DSL,49.7,0
30,One year,DSL,21.86,1
63,Month-to-month,Fiber optic,69.81,0
8,One year,Fiber optic,63.36,0
18,Month-to-month,Fiber optic,,1
7,Two year,DSL,65.87,0
51,Month-to-month,DSL,40.87,0
16,Two year,Fiber optic,65.86,0
23,Month-to-month,No,55.21,0
61,Month-to-month,DSL,36.46,0
26,Two year,Fiber optic,53.88,0
10,Month-to-month,Fiber optic,86.53,0
1,Two year,DSL,44.39,0
16,Two year,Fiber optic,73.4,0
66,Month-to-month,No,51.78,0
40,Month-to-month,DSL,28.16,0
72,One year,Fiber optic,67.65,0
15,Two year,Fiber optic,55.16,0
25,Two year,Fiber optic,74.02,1
11,Month-to-month,DSL,38.36,0
29,One year,Fiber optic,55.92,0
41,Month-to-month,DSL,53.79,0
58,One year,DSL,45.12,0
26,Two year,No,9.98,1
56,Two year,Fiber optic,55.72,0
45,Month-to-month,Fiber optic,72.49,0
21,Month-to-month,DSL,24.95,1
66,Month-to-month,Fiber optic,72.73,0
31,Month-to-month,Fiber optic,86.07,0
11,Month-to-month,No,33.0,1
70,Two year,DSL,37.52,0
66,Month-to-month,DSL,48.29,0
3,Month-to-month,Fiber optic,54.98,0
65,One year,DSL,46.64,0
69,Month-to-month,Fiber optic,66.08,0
60,Month-to-month,Fiber optic,57.53,1
18,Two year,Fiber optic,77.48,0
46,Month-to-month,DSL,21.27,0
39,Month-to-month,Fiber optic,55.77,1
45,One year,DSL,32.21,0
45,Month-to-month,DSL,38.94,0
46,Month-to-month,DSL,60.59,1
37,Month-to-month,Fiber optic,79.05,0
50,Month-to-month,DSL,46.26,0
38,Two year,DSL,45.7,0
1,Month-to-month,Fiber optic,69.86,1
2,Month-to-month,Fiber optic,86.46,1
69,Month-to-month,DSL,23.21,0
66,Two year,DSL,54.26,0
42,Month-to-month,No,18.9,0
12,Two year,Fiber optic,76.04,1
57,Month-to-month,Fiber optic,76.09,0
10,Two year,Fiber optic,78.8,0
27,Month-to-month,No,44.0,1
24,Month-to-month,DSL,28.55,0
0,Month-to-month,No,37.07,0
58,Month-to-month,DSL,44.23,0
37,One year,Fiber optic,64.47,0
23,One year,DSL,69.41,0
37,One year,Fiber optic,78.42,1
0,Month-to-month,Fiber optic,64.99,1
31,One year,Fiber optic,81.49,1
37,Month-to-month,Fiber optic,69.45,0
24,Two year,Fiber optic,64.81,1
60,One year,No,17.73,0
18,One year,DSL,48.65,0
10,Two year,DSL,37.63,0
38,One year,Fiber optic,71.87,0
64,One year,DSL,55.64,0
27,Month-to-month,Fiber optic,71.33,1
3,One year,Fiber optic,93.72,1
70,Month-to-month,Fiber optic,70.16,0
32,Month-to-month,Fiber optic,86.19,1
12,Two year,DSL,56.72,0
44,Month-to-month,DSL,63.3,0
23,One year,Fiber optic,93.67,0
68,Month-to-month,DSL,23.86,0
21,Month-to-month,Fiber optic,73.18,1
40,Two year,Fiber optic,68.66,0
39,Month-to-month,DSL,46.34,0
17,One year,DSL,40.23,0
36,One year,DSL,38.48,0
7,Two year,Fiber optic,56.8,0
46,Month-to-month,DSL,46.17,0
55,One year,Fiber optic,81.21,0
69,Month-to-month,Fiber optic,64.08,0
23,Month-to-month,Fiber optic,66.06,0
20,Month-to-month,Fiber optic,61.62,1
40,Month-to-month,Fiber optic,58.07,0
50,Month-to-month,Fiber optic,67.17,0
72,Month-to-month,DSL,49.12,0
1,Month-to-month,Fiber optic,85.09,1
17,One year,Fiber optic,55.69,0
19,Month-to-month,No,24.64,0
18,Month-to-month,DSL,59.14,0
33,Month-to-month,Fiber optic,55.85,1
63,Month-to-month,Fiber optic,,0
2,One year,Fiber optic,64.73,1
59,Two year,No,33.54,0
45,One year,Fiber optic,67.38,0
44,One year,Fiber optic,75.5,0
49,Month-to-month,DSL,64.31,0
8,Two year,DSL,43.54,0
54,Month-to-month,Fiber optic,81.96,0
18,Month-to-month,Fiber optic,73.3,0
37,Month-to-month,Fiber optic,60.57,0
49,Month-to-month,Fiber optic,68.25,0
44,One year,Fiber optic,67.5,0
23,Month-to-month,DSL,28.06,0
28,Month-to-month,DSL,50.51,0
34,Month-to-month,DSL,52.9,0
3,Two year,DSL,54.75,0
53,One year,DSL,62.16,0
7,Two year,Fiber optic,81.45,0
33,Two year,DSL,37.76,0
47,Two year,Fiber optic,65.32,1
5,Month-to-month,Fiber optic,80.07,0
72,Month-to-month,Fiber optic,74.68,0
27,Month-to-month,DSL,44.79,0
1,Month-to-month,DSL,34.5,0
48,One year,Fiber optic,63.63,0
40,Month-to-month,Fiber optic,76.99,1
46,Month-to-month,DSL,21.59,0
54,One year,Fiber optic,41.92,1
34,Month-to-month,Fiber optic,78.32,1
60,Month-to-month,DSL,38.6,0
27,Month-to-month,DSL,50.62,0
39,One year,Fiber optic,88.92,1
11,Month-to-month,Fiber optic,57.84,0
45,Month-to-month,No,4.96,0
19,Month-to-month,Fiber optic,66.68,0
50,One year,DSL,36.78,0
58,Month-to-month,DSL,44.7,0
62,Month-to-month,DSL,51.46,0
67,Two year,Fiber optic,73.92,0
8,Two year,Fiber optic,70.56,0
10,Month-to-month,Fiber optic,82.7,1
67,Month-to-month,Fiber optic,78.05,0
27,Month-to-month,Fiber optic,67.82,0
1,One year,Fiber optic,77.62,1
20,Month-to-month,Fiber optic,51.45,0
61,Two year,DSL,57.76,0
25,Two year,Fiber optic,70.27,0
5,One year,Fiber optic,55.59,1
52,Month-to-month,Fiber optic,65.0,0
14,Two year,DSL,57.45,0
25,One year,Fiber optic,60.79,0
0,One year,DSL,49.93,0
43,Month-to-month,Fiber optic,80.55,0
32,One year,DSL,45.29,0
63,Two year,DSL,34.62,0
24,Two year,DSL,44.23,0
14,One year,DSL,28.09,0
12,Month-to-month,No,19.14,0
14,Month-to-month,Fiber optic,56.71,0
32,One year,Fiber optic,69.44,0
6,Two year,No,9.77,0
29,One year,DSL,46.0,0
62,Month-to-month,DSL,58.59,0
56,Month-to-month,Fiber optic,84.35,0
46,One year,Fiber optic,55.05,0
65,Two year,DSL,37.01,1
56,Month-to-month,DSL,55.23,0
47,Month-to-month,Fiber optic,78.45,0
63,Two year,Fiber optic,62.62,0
9,Month-to-month,DSL,39.16,0
59,Month-to-month,DSL,45.99,0
21,Month-to-month,No,3.0,0
53,Month-to-month,Fiber optic,76.3,0
66,Month-to-month,Fiber optic,83.0,0
36,One year,Fiber optic,65.33,0
6,One year,DSL,27.97,0
27,One year,Fiber optic,86.95,1
29,One year,Fiber optic,72.63,0
68,Month-to-month,Fiber optic,78.51,0
68,Month-to-month,Fiber optic,54.15,0
41,Month-to-month,DSL,29.19,0
69,Month-to-month,Fiber optic,74.97,0
31,One year,Fiber optic,82.33,0
30,Month-to-month,DSL,31.45,1
61,One year,Fiber optic,,0
48,Month-to-month,DSL,25.95,0
38,Month-to-month,DSL,36.58,0
33,Month-to-month,DSL,41.92,0
51,Month-to-month,DSL,50.87,0
55,One year,DSL,19.73,0
35,Two year,No,40.84,0
2,Month-to-month,DSL,42.95,1
7,One year,Fiber optic,85.53,1
10,One year,DSL,53.38,0
33,Month-to-month,DSL,55.23,0
44,Month-to-month,Fiber optic,94.24,0
58,Month-to-month,Fiber optic,60.62,0
16,Month-to-month,DSL,46.63,1
57,Two year,Fiber optic,58.11,1
48,Month-to-month,DSL,43.77,0
3,Month-to-month,No,33.64,0
25,One year,Fiber optic,83.53,1
22,Month-to-month,Fiber optic,65.41,0
64,One year,No,10.54,0
67,Month-to-month,Fiber optic,70.88,0
59,Month-to-month,DSL,34.77,0
38,Month-to-month,Fiber optic,63.07,0
35,Month-to-month,Fiber optic,78.06,1
22,Month-to-month,Fiber optic,75.83,0
56,One year,Fiber optic,80.01,0
6,One year,No,20.95,0
19,One year,Fiber optic,82.11,0
9,Month-to-month,Fiber optic,70.17,0
36,Two year,DSL,41.59,1
21,Month-to-month,No,11.81,1
14,Two year,Fiber optic,44.92,0
27,One year,DSL,26.23,0
62,One year,Fiber optic,72.59,0
40,Month-to-month,DSL,34.11,0
60,One year,DSL,25.26,0
66,One year,DSL,39.97,0
65,Month-to-month,DSL,48.36,0
25,One year,No,29.98,0
64,Month-to-month,Fiber optic,69.65,0
66,Month-to-month,DSL,44.27,0
70,One year,DSL,38.54,0
25,Two year,Fiber optic,77.61,0
16,Month-to-month,No,22.88,0
42,Month-to-month,DSL,44.08,0
68,Month-to-month,DSL,57.45,0
65,Month-to-month,Fiber optic,79.5,0
41,Month-to-month,DSL,42.78,0
10,Month-to-month,Fiber optic,66.08,1
30,One year,No,20.98,0
52,Month-to-month,Fiber optic,45.74,0
40,Month-to-month,DSL,58.16,0
25,Month-to-month,Fiber optic,61.78,0
25,Month-to-month,DSL,55.26,0
4,Month-to-month,Fiber optic,70.5,1
21,Month-to-month,DSL,61.7,0
48,Month-to-month,DSL,51.35,0
17,Month-to-month,Fiber optic,80.95,1
72,One year,DSL,37.9,0
6,Two year,DSL,29.58,1
42,Month-to-month,Fiber optic,,0
36,Month-to-month,Fiber optic,46.99,0
60,Month-to-month,Fiber optic,64.38,0
64,Month-to-month,Fiber optic,55.73,0
39,One year,DSL,34.92,0
46,One year,DSL,52.15,0
51,Month-to-month,Fiber optic,76.36,1
38,Month-to-month,No,23.06,1
13,Month-to-month,Fiber optic,73.84,1
31,Month-to-month,DSL,38.51,0
17,Two year,DSL,74.12,1
33,Month-to-month,DSL,48.61,1
44,Month-to-month,DSL,37.92,0
15,Month-to-month,Fiber optic,80.5,0
18,Month-to-month,DSL,59.88,0
60,Month-to-month,DSL,35.71,0
27,Month-to-month,DSL,27.98,0
14,Month-to-month,Fiber optic,55.35,0
52,Month-to-month,DSL,36.96,1
52,One year,Fiber optic,69.35,0
60,Month-to-month,DSL,25.45,0
55,Month-to-month,DSL,39.98,0
72,Two year,Fiber optic,67.5,0
41,Month-to-month,Fiber optic,73.9,0
20,Two year,Fiber optic,77.34,1
62,Two year,Fiber optic,74.82,0
19,Month-to-month,Fiber optic,91.51,0
21,Month-to-month,Fiber optic,83.13,1
60,Two year,Fiber optic,72.66,0
64,Month-to-month,DSL,33.35,0
24,Month-to-month,DSL,36.89,0
53,One year,Fiber optic,52.86,0
67,Month-to-month,Fiber optic,71.84,0
58,Two year,DSL,48.98,0
0,One year,Fiber optic,80.71,0
48,Two year,Fiber optic,73.21,0
12,One year,Fiber optic,82.65,0
61,One year,No,37.89,0
4,Month-to-month,Fiber optic,57.66,1
72,Two year,No,18.78,0
12,Two year,Fiber optic,69.87,1
30,Two year,Fiber optic,61.53,0
17,One year,Fiber optic,67.08,0
59,One year,DSL,48.62,0
28,Month-to-month,DSL,43.52,0
54,Two year,DSL,45.0,0
4,Month-to-month,No,13.69,0
33,Month-to-month,DSL,51.08,1
66,Month-to-month,Fiber optic,75.2,0
67,One year,DSL,35.85,0
15,One year,Fiber optic,54.48,1
28,Month-to-month,DSL,59.76,1
29,Month-to-month,DSL,65.98,0
41,Month-to-month,Fiber optic,72.82,1
39,Month-to-month,Fiber optic,65.66,0
7,Month-to-month,DSL,57.56,0
55,One year,Fiber optic,75.64,0
16,Month-to-month,Fiber optic,67.47,1
22,Month-to-month,DSL,56.62,0
61,Month-to-month,Fiber optic,60.28,0
50,Month-to-month,Fiber optic,61.71,0
28,Two year,DSL,49.36,0
66,Month-to-month,Fiber optic,71.37,0
28,Month-to-month,Fiber optic,77.65,1
41,One year,No,39.32,0
17,Month-to-month,Fiber optic,51.37,1
13,Two year,Fiber optic,70.47,0
35,Two year,DSL,67.81,0
41,One year,Fiber optic,62.84,0
58,Two year,No,16.42,0
28,Month-to-month,DSL,18.11,1
65,Month-to-month,DSL,46.22,0
44,Month-to-month,Fiber optic,76.97,0
5,Month-to-month,Fiber optic,76.94,0
53,Month-to-month,DSL,32.56,0
41,Month-to-month,Fiber optic,69.9,0
28,Month-to-month,DSL,47.66,0
34,Month-to-month,DSL,45.63,0
22,One year,DSL,31.86,1
44,Month-to-month,Fiber optic,70.93,1
41,Month-to-month,DSL,35.23,1
32,Month-to-month,DSL,22.54,0
20,One year,Fiber optic,78.18,1
29,Month-to-month,DSL,46.68,0
36,One year,Fiber optic,77.1,0
34,Month-to-month,No,18.59,0
22,Month-to-month,Fiber optic,77.52,1
42,Two year,Fiber optic,82.27,0
16,Month-to-month,DSL,66.05,0
36,Month-to-month,Fiber optic,79.77,0
8,Month-to-month,Fiber optic,74.62,0
34,Month-to-month,Fiber optic,53.44,0
57,Month-to-month,DSL,43.72,0
59,Month-to-month,Fiber optic,52.93,0
50,Month-to-month,DSL,35.17,0
54,Two year,DSL,68.46,0
4,Month-to-month,DSL,32.72,0
24,Month-to-month,Fiber optic,41.89,0
47,Two year,Fiber optic,79.76,0
58,Month-to-month,No,16.92,0
42,Two year,DSL,54.22,0
62,Month-to-month,No,10.96,0
19,One year,DSL,39.89,0
11,Two year,DSL,59.35,0
6,Month-to-month,No,9.14,0
42,Two year,Fiber optic,67.97,0
48,One year,No,28.5,0
20,Two year,Fiber optic,61.37,0
57,Month-to-month,Fiber optic,72.9,0
53,Month-to-month,DSL,45.19,0
26,Month-to-month,Fiber optic,76.41,0
17,Two year,Fiber optic,92.11,1
54,Month-to-month,DSL,77.1,0
49,Month-to-month,DSL,50.56,0
12,Two year,DSL,43.68,0
18,Month-to-month,Fiber optic,75.29,1
35,One year,Fiber optic,67.21,0
37,Month-to-month,DSL,25.95,0
12,One year,DSL,44.44,0
69,Month-to-month,DSL,57.99,1
28,Month-to-month,Fiber optic,52.42,0
27,Month-to-month,Fiber optic,58.18,0
4,Month-to-month,No,18.02,1
63,Month-to-month,Fiber optic,74.47,0
17,Month-to-month,DSL,73.52,0
72,One year,Fiber optic,60.29,0
36,Month-to-month,Fiber optic,71.09,0
63,Month-to-month,DSL,45.07,0
13,Month-to-month,Fiber optic,66.39,1
12,Month-to-month,Fiber optic,69.43,1
58,One year,DSL,39.42,0
59,Month-to-month,Fiber optic,102.92,0
39,Two year,Fiber optic,79.0,0
2,One year,DSL,39.53,0
68,Two year,Fiber optic,84.2,1
28,One year,DSL,48.08,0
68,Month-to-month,Fiber optic,70.7,0
63,Two year,Fiber optic,67.82,0
62,One year,Fiber optic,67.0,0
50,One year,DSL,30.36,0
49,Month-to-month,Fiber optic,49.92,0
38,Month-to-month,No,29.45,0
1,One year,Fiber optic,67.7,0
28,Month-to-month,Fiber optic,80.53,1
53,One year,DSL,34.32,0
59,Month-to-month,Fiber optic,56.82,0
40,Month-to-month,DSL,54.31,0
51,Month-to-month,No,21.46,0
1,Month-to-month,DSL,55.27,1
34,Month-to-month,DSL,45.4,0
37,Two year,DSL,67.53,0
65,One year,Fiber optic,79.07,1
22,Two year,DSL,49.92,1
16,One year,Fiber optic,79.6,0
25,One year,Fiber optic,66.73,0
12,Month-to-month,DSL,25.29,0
40,Two year,Fiber optic,74.33,0
46,Two year,DSL,68.3,0
58,One year,Fiber optic,42.51,0
70,Month-to-month,Fiber optic,75.63,0
5,One year,DSL,26.58,0
18,Month-to-month,DSL,44.72,1
21,Month-to-month,No,25.95,0
18,One year,Fiber optic,78.96,1
60,Two year,Fiber optic,72.52,0
10,Month-to-month,Fiber optic,86.48,1
2,Month-to-month,Fiber optic,84.0,0
62,Two year,Fiber optic,67.64,0
70,Month-to-month,DSL,58.13,0
16,Month-to-month,Fiber optic,66.25,1
24,One year,No,19.18,0
36,Two year,DSL,30.55,0
38,Month-to-month,DSL,60.74,0
72,Month-to-month,Fiber optic,66.4,0
29,Month-to-month,Fiber optic,40.94,0
0,Month-to-month,Fiber optic,76.5,1
30,One year,DSL,39.79,0
40,Two year,DSL,41.42,0
37,Month-to-month,Fiber optic,67.19,0
37,Month-to-month,Fiber optic,65.96,0
67,Month-to-month,No,57.73,0
58,Month-to-month,Fiber optic,89.95,0
18,Month-to-month,Fiber optic,78.39,0
25,Month-to-month,Fiber optic,72.9,0
48,One year,Fiber optic,83.55,0
29,Month-to-month,Fiber optic,72.92,1
31,One year,DSL,54.79,0
12,Month-to-month,DSL,51.7,0
18,Two year,DSL,46.54,0
54,Two year,Fiber optic,81.28,0
61,Month-to-month,Fiber optic,64.96,0
57,Month-to-month,DSL,45.7,0
22,One year,Fiber optic,58.25,0
9,Month-to-month,Fiber optic,59.63,1
11,Month-to-month,Fiber optic,39.65,1
28,Month-to-month,DSL,50.48,0
37,Two year,Fiber optic,78.78,0
65,Month-to-month,No,38.03,0
65,Month-to-month,Fiber optic,56.77,0
0,Month-to-month,No,30.28,1
51,One year,Fiber optic,69.99,0
21,Month-to-month,DSL,53.85,0
14,Two year,Fiber optic,62.18,0
40,One year,DSL,40.96,0
2,Month-to-month,Fiber optic,51.36,1
24,Month-to-month,DSL,36.4,0
40,Two year,DSL,45.04,0
19,One year,DSL,47.09,0
43,Month-to-month,Fiber optic,49.77,0
33,Month-to-month,Fiber optic,63.86,0
58,Month-to-month,No,26.92,0
13,Month-to-month,No,41.9,0
4,Month-to-month,Fiber optic,59.86,1
38,Month-to-month,Fiber optic,75.88,1
18,Month-to-month,Fiber optic,63.26,0
51,Two year,Fiber optic,64.65,1
6,One year,Fiber optic,59.47,1
41,Two year,DSL,32.47,0
72,One year,Fiber optic,64.3,0
6,One year,DSL,57.58,0
22,Month-to-month,No,15.94,0
61,One year,Fiber optic,59.07,0
38,Month-to-month,Fiber optic,72.51,0
12,Month-to-month,DSL,45.06,0
15,Two year,Fiber optic,69.18,0
55,Two year,DSL,48.05,0
62,Month-to-month,DSL,32.89,0
26,One year,Fiber optic,59.21,0
34,Month-to-month,DSL,56.84,0
57,Month-to-month,Fiber optic,68.25,0
12,Month-to-month,Fiber optic,77.16,1
15,Month-to-month,No,39.69,0
56,One year,Fiber optic,80.15,0
13,Month-to-month,Fiber optic,53.56,1
56,Month-to-month,Fiber optic,68.6,0
36,Two year,Fiber optic,82.49,0
72,Month-to-month,Fiber optic,76.27,0
2,Month-to-month,DSL,47.21,0
69,Month-to-month,Fiber optic,50.33,0
16,Month-to-month,DSL,37.6,0
2,Month-to-month,Fiber optic,70.83,1
52,One year,Fiber optic,52.89,0
38,Two year,No,34.52,0
61,Month-to-month,DSL,43.59,0
7,Month-to-month,DSL,21.24,1
5,Month-to-month,Fiber optic,63.2,0
41,Two year,DSL,41.56,1
64,Month-to-month,DSL,43.44,0
29,Month-to-month,DSL,62.04,0
58,Two year,DSL,51.94,0
66,One year,Fiber optic,53.61,0
63,Month-to-month,Fiber optic,52.13,1
37,Month-to-month,Fiber optic,66.8,0
50,Month-to-month,Fiber optic,71.51,0
38,Two year,Fiber optic,81.91,0
49,Month-to-month,Fiber optic,90.76,0
41,Month-to-month,Fiber optic,91.41,1
38,One year,DSL,39.69,1
31,Month-to-month,DSL,56.21,0
47,Month-to-month,DSL,50.11,0
54,Two year,Fiber optic,56.91,0
67,Month-to-month,DSL,22.35,0
44,Two year,No,26.73,0
7,One year,Fiber optic,52.06,0
42,Month-to-month,DSL,34.78,0
23,One year,Fiber optic,61.78,0
1,One year,DSL,47.63,0
5,One year,DSL,60.37,0
43,One year,DSL,45.15,0
68,Month-to-month,DSL,38.53,0
36,Month-to-month,Fiber optic,45.18,0
32,One year,DSL,50.5,0
6,Month-to-month,DSL,45.34,0
49,Month-to-month,DSL,38.4,0
4,Month-to-month,Fiber optic,83.99,1
61,Month-to-month,Fiber optic,55.71,0
59,One year,DSL,36.78,0
72,Two year,DSL,42.06,0
20,Two year,No,18.25,0
11,Month-to-month,Fiber optic,76.61,0
21,Month-to-month,DSL,50.57,0
58,Two year,DSL,57.61,0
15,Month-to-month,DSL,51.03,0
64,One year,DSL,43.62,0
11,One year,Fiber optic,65.92,0
3,Month-to-month,DSL,50.46,0
16,Month-to-month,DSL,42.72,0
55,One year,Fiber optic,70.57,0
43,Month-to-month,Fiber optic,76.12,0
25,Two year,DSL,46.66,1
47,One year,Fiber optic,73.7,0
47,Month-to-month,Fiber optic,60.51,0
40,One year,DSL,61.2,0
37,Month-to-month,No,11.72,0
7,Month-to-month,DSL,50.27,1
18,Two year,Fiber optic,64.17,1
38,One year,Fiber optic,82.99,0
9,One year,Fiber optic,80.6,1
34,Two year,Fiber optic,69.98,0
8,Month-to-month,DSL,63.66,0
57,Month-to-month,Fiber optic,67.75,0
7,Month-to-month,Fiber optic,80.58,0
6,Month-to-month,DSL,36.29,0
46,Month-to-month,Fiber optic,74.86,0
16,Month-to-month,Fiber optic,58.81,0
25,One year,Fiber optic,70.23,0
22,Month-to-month,Fiber optic,69.38,0
15,One year,Fiber optic,80.54,0
55,Two year,No,16.95,0
50,Two year,DSL,81.88,0
17,Month-to-month,DSL,28.41,1
50,Two year,DSL,47.8,0
52,Two year,Fiber optic,73.45,1
39,Month-to-month,DSL,51.46,0
42,Month-to-month,Fiber optic,63.82,0
68,Month-to-month,Fiber optic,72.9,0
33,One year,Fiber optic,63.23,1
28,One year,DSL,67.48,0
39,Month-to-month,Fiber optic,62.38,1
61,One year,Fiber optic,68.22,0
51,Month-to-month,Fiber optic,62.04,0
5,Month-to-month,Fiber optic,60.4,0
33,Two year,Fiber optic,53.19,0
54,Two year,DSL,53.06,0
16,One year,Fiber optic,61.93,0
72,Month-to-month,DSL,35.43,0
58,Month-to-month,Fiber optic,58.44,0
61,Month-to-month,Fiber optic,73.65,0
5,Month-to-month,DSL,45.26,0
42,Month-to-month,DSL,45.32,0
38,Two year,Fiber optic,60.86,0
45,One year,DSL,50.22,0
62,Month-to-month,DSL,37.05,0
25,Month-to-month,Fiber optic,70.84,0
38,Month-to-month,DSL,43.32,0
49,Month-to-month,Fiber optic,49.74,0
54,One year,DSL,69.35,0
56,Month-to-month,Fiber optic,76.9,0
24,Two year,No,,0
72,Month-to-month,DSL,49.06,0
0,Month-to-month,DSL,69.63,0
35,Two year,Fiber optic,83.64,0
44,Month-to-month,DSL,49.19,0
4,Month-to-month,Fiber optic,61.5,0
32,One year,Fiber optic,63.39,0
43,Month-to-month,Fiber optic,48.36,0
44,Month-to-month,DSL,40.58,0
8,Month-to-month,DSL,52.94,0
20,Month-to-month,No,32.6,0
17,Month-to-month,Fiber optic,77.39,1
46,Month-to-month,DSL,38.82,0
24,One year,DSL,51.61,0
41,Two year,DSL,54.89,0
53,Month-to-month,DSL,18.28,1
58,Month-to-month,Fiber optic,73.65,0
13,Month-to-month,DSL,69.97,1
65,Month-to-month,DSL,41.5,0
12,Month-to-month,DSL,14.74,0
1,One year,Fiber optic,60.25,0
3,Month-to-month,Fiber optic,48.23,1
14,Month-to-month,Fiber optic,62.39,0
63,One year,DSL,30.31,0
15,Two year,Fiber optic,81.17,0
50,Month-to-month,DSL,54.34,0
30,Month-to-month,Fiber optic,74.12,1
2,Two year,Fiber optic,84.71,0
32,Month-to-month,Fiber optic,63.22,1
2,One year,Fiber optic,70.88,1
34,One year,Fiber optic,96.33,1
40,Month-to-month,DSL,52.02,0
38,Month-to-month,No,31.99,0
20,Month-to-month,Fiber optic,60.79,1
55,Month-to-month,Fiber optic,65.0,0
43,Month-to-month,DSL,32.96,0
18,One year,Fiber optic,90.17,0
31,One year,DSL,26.3,0
7,Two year,DSL,55.97,0
67,Two year,DSL,51.97,0
54,One year,Fiber optic,50.76,0
21,Month-to-month,No,38.71,0
49,Month-to-month,No,21.9,0
49,One year,Fiber optic,54.15,0
44,One year,DSL,49.37,0
3,Month-to-month,Fiber optic,60.13,1
64,One year,Fiber optic,67.54,0
69,Month-to-month,No,18.93,0
71,Month-to-month,Fiber optic,59.45,0
71,Two year,Fiber optic,55.74,0
67,Month-to-month,Fiber optic,79.56,0
53,Month-to-month,DSL,48.9,0
4,One year,DSL,48.13,0
33,One year,DSL,40.63,0
17,Month-to-month,DSL,45.62,0
16,One year,Fiber optic,61.17,0
60,Month-to-month,DSL,35.96,0
59,One year,Fiber optic,90.52,0
38,Month-to-month,Fiber optic,80.61,1
53,Two year,DSL,38.26,0
9,One year,No,7.05,0
16,Month-to-month,DSL,24.59,0
62,Month-to-month,DSL,37.39,0
32,Month-to-month,Fiber optic,71.29,1
39,One year,Fiber optic,71.42,1
33,One year,DSL,46.78,0
14,One year,DSL,49.01,0
60,Two year,DSL,32.54,0
55,Month-to-month,DSL,63.09,0
49,One year,Fiber optic,67.63,0
25,Month-to-month,Fiber optic,73.54,0
46,One year,Fiber optic,62.13,0
69,Month-to-month,DSL,48.74,0
47,One year,No,49.92,0
36,Month-to-month,DSL,33.13,0
19,Month-to-month,DSL,31.61,0
38,Month-to-month,DSL,34.63,0
27,Two year,Fiber optic,66.0,1
44,Month-to-month,Fiber optic,63.74,1
3,Month-to-month,Fiber optic,57.51,1
13,Month-to-month,No,24.4,0
57,Month-to-month,Fiber optic,88.73,0
27,Two year,DSL,43.2,0
31,Two year,Fiber optic,68.84,1
39,Two year,DSL,49.12,0
31,Two year,Fiber optic,77.77,0
55,Month-to-month,No,41.48,0
17,Month-to-month,Fiber optic,72.88,0
55,One year,No,24.97,0
15,One year,DSL,33.1,0
27,Month-to-month,Fiber optic,78.88,0
42,One year,DSL,34.87,0
64,Month-to-month,DSL,34.49,0
16,Month-to-month,Fiber optic,72.32,0
42,Month-to-month,DSL,63.5,0
4,Two year,DSL,53.72,0
5,One year,DSL,44.55,0
56,Month-to-month,DSL,33.22,0
52,Two year,DSL,63.27,0
27,Two year,Fiber optic,69.32,0
45,Month-to-month,Fiber optic,66.52,1
27,One year,Fiber optic,76.66,0
20,Month-to-month,DSL,39.62,0
31,Month-to-month,Fiber optic,60.96,0
22,Month-to-month,Fiber optic,62.11,1
59,Month-to-month,DSL,37.08,0
30,Month-to-month,Fiber optic,56.47,0
23,Month-to-month,Fiber optic,55.13,0
39,Month-to-month,DSL,56.66,0
55,One year,DSL,53.03,0
19,One year,DSL,35.13,0
68,Month-to-month,Fiber optic,80.66,0
33,Month-to-month,DSL,48.71,0
48,Month-to-month,No,21.11,0
69,Two year,Fiber optic,55.29,0
31,Two year,Fiber optic,74.1,1
14,Month-to-month,Fiber optic,92.38,1
54,One year,DSL,45.17,0
0,One year,Fiber optic,81.98,0
33,Two year,DSL,42.46,0
71,Month-to-month,DSL,56.06,0
30,Month-to-month,No,23.2,0
49,One year,Fiber optic,41.14,0
38,Month-to-month,DSL,36.34,0
15,Month-to-month,No,26.59,0
23,Month-to-month,Fiber optic,82.99,0
38,Month-to-month,DSL,43.16,1
7,One year,Fiber optic,70.36,1
30,One year,Fiber optic,62.95,0
30,Month-to-month,Fiber optic,88.73,0
60,Two year,Fiber optic,88.01,0
9,Month-to-month,Fiber optic,61.89,0
61,Two year,DSL,26.8,0
29,Month-to-month,Fiber optic,48.31,0
47,Two year,Fiber optic,77.24,0
40,Two year,DSL,46.62,0
21,Two year,No,15.62,0
67,Two year,Fiber optic,73.26,1
16,Month-to-month,Fiber optic,55.24,1
2,One year,Fiber optic,79.54,0
54,One year,DSL,40.41,0
45,Month-to-month,DSL,32.02,0
65,Two year,Fiber optic,65.6,0
33,Month-to-month,Fiber optic,65.18,1
1,Month-to-month,DSL,49.38,1
1,Two year,DSL,58.99,0
31,Month-to-month,Fiber optic,83.37,1
18,Month-to-month,Fiber optic,71.92,1
67,Month-to-month,Fiber optic,67.75,0
8,One year,DSL,38.18,1
64,Two year,No,3.78,0
15,Month-to-month,Fiber optic,69.77,0
8,One year,No,14.79,0
20,One year,Fiber optic,84.62,1
10,One year,DSL,42.59,1
29,One year,DSL,53.97,0
24,Two year,DSL,39.21,0
38,Month-to-month,Fiber optic,61.89,0
39,Month-to-month,Fiber optic,77.26,0
0,One year,DSL,48.33,0
9,Month-to-month,DSL,48.87,0
11,Month-to-month,Fiber optic,68.87,1
14,Month-to-month,DSL,54.47,1
6,Month-to-month,Fiber optic,77.74,1
22,Two year,Fiber optic,43.88,0
40,Month-to-month,DSL,41.91,1
22,One year,Fiber optic,82.18,0
24,One year,Fiber optic,57.77,0
34,Month-to-month,Fiber optic,49.69,1
40,Month-to-month,No,23.33,0
24,Month-to-month,Fiber optic,76.25,1
16,Month-to-month,Fiber optic,64.47,1
29,Month-to-month,Fiber optic,85.52,0
1,One year,Fiber optic,92.12,1
35,Month-to-month,Fiber optic,46.9,0
68,Month-to-month,Fiber optic,65.39,1
29,Month-to-month,Fiber optic,42.62,0
7,Month-to-month,DSL,52.93,0
51,Month-to-month,Fiber optic,61.84,0
9,Two year,Fiber optic,64.29,0
14,Month-to-month,DSL,58.78,0
10,Month-to-month,Fiber optic,54.06,1
64,One year,Fiber optic,51.05,0
71,One year,No,-2.33,0
41,One year,DSL,60.25,0
45,Month-to-month,DSL,57.46,0
47,One year,DSL,41.47,0
44,Month-to-month,No,9.7,0
39,One year,Fiber optic,80.01,1
72,Month-to-month,Fiber optic,103.06,1
53,One year,DSL,42.17,0
6,One year,Fiber optic,55.57,0
28,One year,DSL,59.9,0
71,Month-to-month,Fiber optic,56.41,0
29,One year,Fiber optic,65.6,0
14,One year,DSL,13.34,0
63,Month-to-month,DSL,41.36,0
45,Month-to-month,DSL,29.66,0
41,Month-to-month,Fiber optic,85.11,1
30,Month-to-month,Fiber optic,58.29,0
9,One year,DSL,54.36,0
28,Month-to-month,Fiber optic,68.74,1
31,One year,DSL,46.5,0
67,One year,DSL,51.27,0
22,One year,Fiber optic,69.36,1
10,One year,Fiber optic,62.23,0
31,One year,DSL,35.26,0
72,Month-to-month,Fiber optic,76.11,0
35,Month-to-month,Fiber optic,47.18,0
27,Two year,No,45.14,0
48,Two year,Fiber optic,71.58,0
47,Month-to-month,DSL,40.95,0
21,Two year,Fiber optic,73.19,0
70,Two year,Fiber optic,62.87,0
43,Month-to-month,DSL,42.86,0
4,One year,Fiber optic,56.42,0
29,One year,DSL,49.5,0
67,Month-to-month,Fiber optic,69.06,0
28,Month-to-month,DSL,47.25,0
41,Month-to-month,DSL,62.8,0
44,One year,DSL,35.35,0
51,Month-to-month,Fiber optic,68.45,0
63,One year,Fiber optic,50.18,0
10,One year,Fiber optic,76.6,1
37,One year,No,24.79,0
38,Month-to-month,DSL,45.21,0
11,Month-to-month,DSL,43.11,0
49,Month-to-month,Fiber optic,63.06,0
8,Month-to-month,Fiber optic,99.95,0
33,Month-to-month,Fiber optic,70.46,1
24,Month-to-month,Fiber optic,73.56,1
11,Month-to-month,Fiber optic,56.33,0
60,One year,Fiber optic,80.62,0
17,Month-to-month,Fiber optic,68.52,1
18,Month-to-month,DSL,50.35,0
62,Two year,Fiber optic,80.83,0
64,Month-to-month,Fiber optic,68.75,0
2,Two year,DSL,36.88,0
20,One year,DSL,17.07,0
51,Month-to-month,Fiber optic,65.35,0
56,Two year,DSL,36.81,0
72,Two year,DSL,31.28,0
40,One year,DSL,62.44,0
0,Month-to-month,DSL,56.79,0
63,Month-to-month,Fiber optic,48.04,0
11,Month-to-month,DSL,46.84,1
8,One year,Fiber optic,60.19,0
49,Month-to-month,Fiber optic,74.4,0
44,Month-to-month,Fiber optic,60.4,0
4,Month-to-month,Fiber optic,63.53,1
12,Month-to-month,Fiber optic,81.56,0
43,Month-to-month,DSL,54.83,1
18,Month-to-month,Fiber optic,88.11,0
49,Two year,Fiber optic,67.4,0
30,Month-to-month,Fiber optic,52.53,0
42,Month-to-month,Fiber optic,81.06,0
34,Month-to-month,Fiber optic,81.13,0
26,Month-to-month,Fiber optic,77.54,1
24,One year,DSL,36.07,0
50,Month-to-month,No,12.15,0
37,Two year,Fiber optic,76.43,0
43,Two year,Fiber optic,59.37,0
42,Two year,DSL,41.3,0
15,Two year,DSL,79.88,0
66,Month-to-month,No,50.55,0
41,One year,DSL,54.51,0
52,Month-to-month,DSL,37.05,0
64,One year,Fiber optic,61.33,0
67,Month-to-month,Fiber optic,78.59,0
48,Month-to-month,DSL,62.96,0
57,Month-to-month,DSL,38.86,0
34,One year,DSL,39.52,0
53,One year,No,26.05,0
23,Month-to-month,Fiber optic,53.33,1
51,Month-to-month,Fiber optic,53.7,1
6,Month-to-month,DSL,30.89,0
66,One year,DSL,51.55,0
17,Month-to-month,DSL,48.26,0
47,Month-to-month,DSL,58.64,1
0,One year,No,4.15,0
11,One year,Fiber optic,51.8,1
72,Two year,Fiber optic,75.47,0
60,One year,Fiber optic,59.54,0
16,Two year,Fiber optic,60.41,0
9,Month-to-month,DSL,57.15,0
59,Month-to-month,Fiber optic,63.36,0
72,Two year,DSL,39.77,1
12,Month-to-month,Fiber optic,67.0,1
48,One year,DSL,42.73,0
20,Month-to-month,Fiber optic,78.22,1
54,Month-to-month,DSL,30.48,0
30,Month-to-month,Fiber optic,67.74,0
9,One year,Fiber optic,83.95,0
23,One year,Fiber optic,95.59,0
39,Month-to-month,DSL,28.72,0
58,Month-to-month,DSL,48.97,1
1,Month-to-month,No,22.72,1
69,Month-to-month,No,23.81,0
47,Month-to-month,Fiber optic,60.53,0
63,Two year,Fiber optic,79.07,0
67,Month-to-month,Fiber optic,78.45,0
11,Month-to-month,Fiber optic,100.27,1
6,Month-to-month,Fiber optic,54.15,1
56,Month-to-month,DSL,24.03,0
13,Month-to-month,No,49.66,1
10,One year,Fiber optic,69.38,0
34,One year,DSL,39.52,0
66,Two year,DSL,47.26,0
58,Month-to-month,Fiber optic,53.26,0
37,One year,DSL,49.51,0
14,Two year,No,24.04,0
24,Two year,No,37.89,0
50,Two year,DSL,55.28,0
11,Month-to-month,Fiber optic,81.28,1
38,Two year,Fiber optic,72.29,0
0,Two year,No,44.25,0
23,One year,Fiber optic,76.92,0
18,One year,Fiber optic,63.6,0
49,Two year,Fiber optic,60.29,0
66,Month-to-month,DSL,36.64,0
10,One year,Fiber optic,77.07,0
58,One year,DSL,29.02,0
47,One year,DSL,46.86,0
70,One year,Fiber optic,60.01,0
66,Month-to-month,Fiber optic,54.96,0
7,Month-to-month,DSL,31.9,0
54,Month-to-month,DSL,44.71,0
43,One year,No,34.17,0
8,One year,DSL,36.89,0
18,Two year,Fiber optic,45.09,0
67,One year,DSL,82.85,0
39,One year,DSL,58.41,0
24,Month-to-month,DSL,56.19,0
23,One year,DSL,64.53,0
61,Two year,Fiber optic,71.11,0
20,One year,DSL,43.38,0
11,Two year,DSL,61.27,0
41,Two year,Fiber optic,86.19,1
72,Month-to-month,DSL,52.38,0
13,One year,Fiber optic,80.59,0
18,Month-to-month,DSL,30.13,0
34,Month-to-month,DSL,41.91,0
14,Month-to-month,Fiber optic,90.45,0
47,Month-to-month,Fiber optic,79.65,0
18,Month-to-month,DSL,27.46,0
9,One year,Fiber optic,63.63,0
19,Month-to-month,Fiber optic,88.49,1
67,Month-to-month,DSL,50.46,0
68,Month-to-month,Fiber optic,72.18,0
36,Month-to-month,DSL,47.54,0
29,Two year,Fiber optic,69.0,0
59,Month-to-month,Fiber optic,63.71,0
14,Month-to-month,Fiber optic,60.0,0
47,Two year,No,37.12,0
49,Two year,DSL,47.85,0
51,One year,Fiber optic,78.48,0
15,One year,Fiber optic,76.56,0
52,Month-to-month,DSL,61.9,0
44,One year,DSL,50.46,0
63,Month-to-month,Fiber optic,79.88,0
12,Month-to-month,Fiber optic,72.01,1
44,Month-to-month,DSL,33.63,0
60,One year,DSL,42.29,0
20,Month-to-month,DSL,52.08,0
54,Month-to-month,DSL,53.13,0
7,Month-to-month,DSL,62.41,0
52,One year,DSL,39.48,1
44,Month-to-month,DSL,47.71,0
14,Month-to-month,DSL,43.45,0
4,Month-to-month,Fiber optic,89.49,1
54,One year,No,29.52,0
17,Month-to-month,Fiber optic,74.75,0
36,Two year,DSL,44.57,0
4,Month-to-month,DSL,42.3,1
70,Month-to-month,DSL,27.62,0
40,Month-to-month,Fiber optic,54.87,1
68,Month-to-month,DSL,47.15,0
11,Month-to-month,Fiber optic,70.65,0
15,Month-to-month,Fiber optic,72.21,0
44,Two year,DSL,56.3,0
44,Month-to-month,Fiber optic,71.12,0
57,Month-to-month,DSL,40.82,0
67,Month-to-month,Fiber optic,67.48,1
59,Month-to-month,No,27.93,1
10,Month-to-month,DSL,40.44,0
22,Month-to-month,Fiber optic,82.77,0
66,Month-to-month,DSL,44.86,0
40,Month-to-month,Fiber optic,73.02,1
63,Two year,DSL,35.2,0
41,One year,DSL,57.78,0
3,Two year,DSL,62.27,0
34,Month-to-month,DSL,28.64,0
60,Two year,DSL,49.81,0
47,Month-to-month,DSL,43.71,0
9,Month-to-month,No,28.41,0
15,Two year,Fiber optic,75.43,0
62,Month-to-month,Fiber optic,43.18,0
71,Month-to-month,DSL,54.11,0
54,Two year,Fiber optic,83.35,0
7,One year,Fiber optic,84.7,0
45,Month-to-month,DSL,33.66,0
60,Month-to-month,DSL,44.63,0
46,Month-to-month,Fiber optic,63.53,0
43,Two year,Fiber optic,47.02,0
34,Month-to-month,Fiber optic,62.55,0
17,Month-to-month,Fiber optic,56.99,0
20,Month-to-month,Fiber optic,74.01,0
54,Two year,DSL,25.42,0
5,One year,Fiber optic,58.25,0
6,Month-to-month,DSL,38.77,0
28,Two year,No,34.24,0
56,Month-to-month,Fiber optic,103.33,0
47,Two year,No,28.64,0
43,Month-to-month,Fiber optic,57.61,0
38,Month-to-month,DSL,36.85,0
8,Month-to-month,No,32.9,0
24,Two year,DSL,28.85,0
5,Two year,Fiber optic,83.16,0
55,One year,Fiber optic,73.28,0
54,Month-to-month,Fiber optic,68.5,0
18,Month-to-month,No,4.78,0
21,Month-to-month,Fiber optic,81.04,1
23,Month-to-month,DSL,35.86,0
64,Month-to-month,Fiber optic,71.84,0
35,One year,Fiber optic,68.11,0
55,One year,Fiber optic,50.99,1
32,Two year,Fiber optic,67.23,0
50,Month-to-month,DSL,30.48,0
38,Month-to-month,Fiber optic,62.18,0
20,Month-to-month,Fiber optic,75.19,1
63,Month-to-month,DSL,53.43,0
51,One year,Fiber optic,69.78,0
56,One year,DSL,34.39,0
69,Month-to-month,DSL,37.23,0
18,Month-to-month,DSL,37.02,1
6,Two year,Fiber optic,44.36,0
42,Month-to-month,Fiber optic,70.88,0
23,Month-to-month,DSL,25.01,0
31,One year,DSL,45.91,1
17,One year,Fiber optic,52.49,0
29,Month-to-month,Fiber optic,55.52,1
28,Two year,Fiber optic,78.02,0
25,Two year,DSL,45.29,0
54,Month-to-month,Fiber optic,47.38,0
43,Month-to-month,No,18.29,1
34,One year,Fiber optic,73.14,0
8,One year,No,17.57,0
41,Month-to-month,Fiber optic,65.88,0
12,Month-to-month,Fiber optic,72.93,1
22,One year,Fiber optic,70.54,1
30,Month-to-month,Fiber optic,58.09,0
10,Month-to-month,No,25.27,1
28,Month-to-month,Fiber optic,66.55,1
19,Month-to-month,Fiber optic,90.69,1
62,Two year,No,23.76,0
62,One year,Fiber optic,71.62,1
0,Month-to-month,Fiber optic,73.12,0
43,Two year,Fiber optic,66.13,0
46,Month-to-month,Fiber optic,61.36,0
27,Month-to-month,No,30.52,0
34,Month-to-month,Fiber optic,75.62,1
57,One year,DSL,69.99,0
27,One year,Fiber optic,78.91,0
4,One year,Fiber optic,79.11,1
27,Month-to-month,DSL,53.61,1
18,Month-to-month,DSL,36.72,1
27,Month-to-month,DSL,29.9,0
16,Two year,Fiber optic,57.96,0
10,Month-to-month,Fiber optic,78.26,1
71,One year,DSL,62.06,0
9,One year,DSL,53.81,1
51,Month-to-month,Fiber optic,68.0,0
52,Month-to-month,Fiber optic,90.12,1
45,Month-to-month,DSL,39.68,0
66,One year,Fiber optic,56.22,0
0,Two year,DSL,48.04,0
22,Month-to-month,DSL,60.5,1
13,Two year,Fiber optic,59.87,0
42,Month-to-month,DSL,24.54,0
46,Month-to-month,DSL,45.45,0
65,Two year,DSL,54.26,0
27,Two year,No,-10.57,0
17,Month-to-month,DSL,56.73,0
67,One year,Fiber optic,53.6,0
49,Two year,Fiber optic,78.7,0
55,One year,DSL,21.04,0
32,One year,Fiber optic,52.3,0
32,Month-to-month,DSL,52.42,0
28,Month-to-month,Fiber optic,84.59,1
54,One year,Fiber optic,69.89,0
15,Month-to-month,Fiber optic,98.74,0
71,Month-to-month,DSL,32.73,0
12,Month-to-month,DSL,32.58,0
33,Month-to-month,DSL,41.37,0
22,Month-to-month,Fiber optic,65.8,1
46,Month-to-month,No,28.4,0
49,Month-to-month,DSL,36.09,0
67,Month-to-month,Fiber optic,76.81,0
57,Two year,DSL,51.52,0
18,One year,No,44.36,0
15,Month-to-month,Fiber optic,64.11,1
64,Month-to-month,Fiber optic,74.04,0
35,Month-to-month,DSL,52.27,0
7,One year,Fiber optic,69.91,0
60,One year,DSL,42.46,0
47,One year,DSL,20.23,0
1,One year,Fiber optic,71.0,0
57,Month-to-month,Fiber optic,77.15,0
44,Month-to-month,DSL,44.31,0
44,Month-to-month,Fiber optic,60.61,0
63,Month-to-month,Fiber optic,,1
36,Month-to-month,Fiber optic,75.44,0
33,One year,DSL,45.4,1
45,Month-to-month,Fiber optic,86.68,0
14,One year,Fiber optic,52.61,1
11,Month-to-month,DSL,39.36,0
61,Month-to-month,Fiber optic,54.14,0
15,One year,DSL,57.3,0
36,Month-to-month,Fiber optic,84.87,0
19,Month-to-month,DSL,68.07,1
16,Month-to-month,Fiber optic,76.26,1
43,One year,Fiber optic,79.47,0
58,Month-to-month,Fiber optic,75.23,0
32,Two year,No,31.88,0
10,Two year,DSL,45.59,1
17,Two year,Fiber optic,77.43,0
12,Month-to-month,Fiber optic,95.68,1
64,One year,Fiber optic,72.62,0
23,Month-to-month,Fiber optic,70.29,0
27,Two year,Fiber optic,72.38,0
5,Month-to-month,DSL,43.21,0
32,Month-to-month,Fiber optic,72.96,1
66,Month-to-month,DSL,42.8,1
29,Two year,Fiber optic,83.73,0
47,Two year,DSL,57.53,0
13,Month-to-month,Fiber optic,95.99,0
10,Month-to-month,Fiber optic,69.72,1
53,One year,DSL,48.46,0
4,Two year,Fiber optic,72.96,0
32,One year,DSL,47.4,0
23,Month-to-month,DSL,58.56,0
1,One year,No,5.5,1
38,Two year,DSL,50.53,0
70,Month-to-month,Fiber optic,93.95,0
5,Month-to-month,Fiber optic,86.36,1
59,Month-to-month,DSL,59.98,1
39,Month-to-month,Fiber optic,80.1,0
52,One year,DSL,37.85,0
7,Month-to-month,Fiber optic,61.0,1
63,Month-to-month,DSL,36.1,0
0,Month-to-month,Fiber optic,56.34,1
66,Two year,Fiber optic,81.36,1
48,Two year,No,42.62,0
24,Month-to-month,DSL,50.21,0
0,One year,Fiber optic,79.66,0
44,Month-to-month,Fiber optic,73.52,0
6,Two year,DSL,51.83,1
44,One year,Fiber optic,44.6,0
56,Month-to-month,DSL,48.78,0
19,Two year,DSL,39.89,0
17,Month-to-month,Fiber optic,69.52,1
16,One year,Fiber optic,72.71,0
16,Month-to-month,Fiber optic,61.41,0
8,One year,Fiber optic,57.09,0
18,Month-to-month,DSL,36.05,0
48,Month-to-month,Fiber optic,52.62,1
22,Month-to-month,No,11.14,0
57,Two year,DSL,32.79,1
59,Month-to-month,Fiber optic,52.78,0
55,One year,DSL,51.35,0
39,Month-to-month,Fiber optic,59.19,0
23,Two year,Fiber optic,47.64,1
67,Month-to-month,DSL,40.18,1
14,One year,Fiber optic,56.64,0
33,Two year,Fiber optic,87.51,0
33,Month-to-month,Fiber optic,71.59,0
54,Month-to-month,Fiber optic,52.35,0
39,Two year,DSL,51.82,0
58,Month-to-month,No,26.02,0
67,Month-to-month,DSL,42.14,0
28,Month-to-month,No,43.9,0
63,Two year,DSL,33.29,0
12,Two year,Fiber optic,82.42,0
66,One year,DSL,40.09,0
12,One year,Fiber optic,69.78,0
62,Month-to-month,Fiber optic,61.0,0
28,Month-to-month,No,16.77,1
70,Month-to-month,DSL,39.77,0
9,Month-to-month,No,2.19,1
33,Month-to-month,Fiber optic,74.16,0
65,One year,DSL,46.38,0
3,Month-to-month,Fiber optic,52.03,1
19,Month-to-month,Fiber optic,77.92,1
6,Month-to-month,DSL,62.48,0
23,Month-to-month,Fiber optic,62.03,1
28,Month-to-month,DSL,35.58,0
45,Month-to-month,DSL,58.36,0
18,Month-to-month,DSL,49.84,0
11,Month-to-month,Fiber optic,68.37,1
12,One year,Fiber optic,79.77,0
68,Two year,No,28.29,0
69,One year,DSL,62.14,0
16,One year,DSL,44.8,0
14,Two year,Fiber optic,75.12,0
3,Month-to-month,Fiber optic,83.18,0
70,One year,No,-4.37,0
51,Month-to-month,Fiber optic,83.61,1
55,Month-to-month,DSL,38.94,0
21,Month-to-month,Fiber optic,76.0,1
46,Month-to-month,Fiber optic,89.97,0
4,One year,DSL,41.33,0
49,Month-to-month,DSL,39.53,0
42,One year,Fiber optic,69.34,0
24,Two year,Fiber optic,52.57,0
51,Month-to-month,DSL,71.39,0
47,Month-to-month,Fiber optic,69.49,0
32,Month-to-month,Fiber optic,89.75,1
13,Month-to-month,DSL,41.0,1
1,Two year,Fiber optic,70.41,0
68,One year,DSL,56.33,0
20,One year,Fiber optic,56.77,0
22,Month-to-month,DSL,43.77,1
49,One year,DSL,55.88,0
18,One year,DSL,42.44,0
27,Month-to-month,DSL,39.2,0
51,Month-to-month,DSL,58.38,0
43,Month-to-month,Fiber optic,86.81,1
47,Month-to-month,Fiber optic,88.72,0
0,Two year,Fiber optic,61.9,0
32,One year,DSL,38.05,0
34,Month-to-month,Fiber optic,64.34,0
46,Two year,Fiber optic,78.62,0
11,Month-to-month,DSL,30.64,0
11,Month-to-month,DSL,31.32,1
55,Two year,Fiber optic,61.43,1
49,Two year,Fiber optic,58.74,0
59,One year,DSL,55.61,0
19,Month-to-month,No,34.8,0
72,Two year,DSL,39.22,0
19,One year,Fiber optic,67.67,0
47,One year,DSL,14.52,0
11,Month-to-month,Fiber optic,64.51,0
67,Month-to-month,Fiber optic,84.93,0
24,Two year,Fiber optic,63.86,0
58,Two year,Fiber optic,56.89,0
24,One year,DSL,61.51,0
57,Month-to-month,DSL,31.63,0
33,One year,DSL,63.55,0
4,Month-to-month,DSL,79.65,0
13,Month-to-month,Fiber optic,68.69,1
49,Month-to-month,DSL,59.93,0
14,Month-to-month,DSL,24.97,0
20,One year,DSL,24.44,0
39,Month-to-month,Fiber optic,60.44,0
18,Month-to-month,DSL,54.87,0
9,Two year,DSL,45.02,0
45,One year,Fiber optic,67.76,0
50,Month-to-month,DSL,29.51,0
53,Month-to-month,Fiber optic,68.47,0
68,One year,Fiber optic,62.28,0
9,Month-to-month,DSL,33.93,0
31,Month-to-month,DSL,32.91,0
17,Month-to-month,DSL,47.3,1
65,Month-to-month,Fiber optic,61.36,0
39,One year,No,24.92,0
7,Month-to-month,Fiber optic,48.77,0
50,Month-to-month,Fiber optic,76.04,1
3,Month-to-month,DSL,47.89,1
20,Month-to-month,Fiber optic,67.22,1
52,Month-to-month,DSL,46.94,0
36,Two year,No,36.21,0
55,Month-to-month,Fiber optic,52.61,1
41,Month-to-month,Fiber optic,70.8,0
61,Month-to-month,Fiber optic,54.34,0
41,One year,DSL,46.05,0
4,Month-to-month,DSL,41.89,1
5,Two year,No,24.7,0
56,One year,DSL,55.18,0
2,Month-to-month,No,34.82,0
27,One year,Fiber optic,83.04,0
1,Month-to-month,Fiber optic,65.24,0
22,Two year,Fiber optic,78.44,0
43,Two year,DSL,51.08,0
12,Month-to-month,Fiber optic,65.55,0
34,One year,Fiber optic,71.41,0
72,Month-to-month,Fiber optic,68.41,0
5,Month-to-month,Fiber optic,86.74,1
4,One year,DSL,54.72,0
19,Two year,DSL,40.97,0
60,Month-to-month,Fiber optic,65.13,0
29,One year,DSL,56.49,0
46,One year,Fiber optic,86.08,0
2,Month-to-month,Fiber optic,73.79,0
53,One year,Fiber optic,77.9,0
4,One year,DSL,60.64,0
51,One year,DSL,42.9,0
10,Two year,DSL,46.0,0
62,Month-to-month,DSL,50.84,0
21,Month-to-month,Fiber optic,64.85,1
13,Month-to-month,DSL,65.39,1
24,Month-to-month,DSL,39.74,0
0,Month-to-month,Fiber optic,70.74,1
12,Two year,Fiber optic,93.0,0
43,Month-to-month,Fiber optic,47.66,1
21,One year,Fiber optic,72.59,0
25,Month-to-month,Fiber optic,62.07,1
58,Month-to-month,Fiber optic,70.0,0
9,Two year,No,10.53,0
28,One year,DSL,40.55,0
13,Month-to-month,DSL,45.3,0
35,Two year,DSL,47.86,0
24,Month-to-month,No,35.75,0
3,Month-to-month,Fiber optic,42.11,0
5,Month-to-month,DSL,43.49,0
62,One year,DSL,42.9,0
4,Month-to-month,No,24.23,0
57,Two year,DSL,45.39,0
66,Month-to-month,Fiber optic,60.04,0
34,Month-to-month,DSL,26.44,0
22,Two year,Fiber optic,72.61,0
56,Month-to-month,Fiber optic,58.07,0
71,Month-to-month,DSL,49.83,0
8,Month-to-month,DSL,33.75,0
70,Month-to-month,Fiber optic,78.31,0
68,Month-to-month,Fiber optic,69.35,1
10,Month-to-month,DSL,45.18,1
3,One year,Fiber optic,67.04,1
52,Month-to-month,DSL,40.12,0
5,Month-to-month,Fiber optic,67.2,1
43,One year,DSL,59.18,0
4,Month-to-month,Fiber optic,51.59,0
50,One year,No,17.22,0
16,One year,No,37.68,0
7,Month-to-month,Fiber optic,79.84,1
4,Month-to-month,DSL,61.12,1
13,Month-to-month,DSL,44.29,0
39,Month-to-month,Fiber optic,54.18,0
5,Month-to-month,DSL,31.71,1
58,One year,DSL,41.42,0
44,One year,DSL,54.13,0
21,Month-to-month,No,21.94,1
72,Two year,Fiber optic,66.02,0
48,Month-to-month,No,29.76,0
49,Two year,No,25.33,0
12,Two year,Fiber optic,64.71,0
51,Month-to-month,Fiber optic,57.98,1
40,Month-to-month,DSL,56.36,0
71,Month-to-month,DSL,57.57,0
34,Two year,Fiber optic,57.31,1
49,Month-to-month,Fiber optic,65.17,0
24,Two year,DSL,53.0,0
2,Month-to-month,Fiber optic,56.35,1
9,Month-to-month,DSL,49.38,0
63,One year,DSL,41.08,0
53,Month-to-month,No,10.4,0
26,Month-to-month,Fiber optic,91.33,1
50,Two year,No,20.9,0
0,Month-to-month,DSL,51.29,0
2,Two year,No,11.55,0
37,Two year,Fiber optic,88.63,0
45,Month-to-month,DSL,68.37,0
68,Month-to-month,DSL,26.97,0
55,Month-to-month,DSL,43.03,0
18,One year,Fiber optic,85.93,1
59,Two year,Fiber optic,64.38,0
35,Two year,Fiber optic,74.91,0
60,Two year,Fiber optic,49.84,0
12,Month-to-month,DSL,35.54,0
1,Month-to-month,No,28.66,0
4,Month-to-month,DSL,37.93,0
72,Two year,Fiber optic,65.67,1
5,Month-to-month,Fiber optic,51.81,0
68,Month-to-month,Fiber optic,77.85,0
53,Month-to-month,Fiber optic,53.93,0
10,Month-to-month,DSL,63.49,0
63,Month-to-month,Fiber optic,61.81,0
10,Month-to-month,Fiber optic,79.61,1
10,Two year,DSL,53.43,0
42,One year,Fiber optic,58.18,0
21,Month-to-month,Fiber optic,63.09,1
21,One year,DSL,39.51,0
14,Month-to-month,Fiber optic,65.32,1
44,One year,DSL,29.43,0
1,Month-to-month,DSL,51.41,1
17,One year,DSL,36.74,0
40,Month-to-month,Fiber optic,68.63,0
35,Month-to-month,Fiber optic,82.08,0
51,One year,DSL,51.86,0
15,One year,Fiber optic,62.54,0
47,One year,Fiber optic,82.49,0
55,Month-to-month,Fiber optic,77.99,0
28,Month-to-month,Fiber optic,61.53,1
18,One year,Fiber optic,63.83,0
40,Month-to-month,No,37.01,0
42,Month-to-month,Fiber optic,79.34,0
6,Month-to-month,DSL,26.97,0
41,Month-to-month,Fiber optic,57.93,0
11,Month-to-month,Fiber optic,78.34,0
41,Month-to-month,DSL,30.91,0
68,One year,DSL,54.66,0
39,One year,No,48.23,0
55,One year,Fiber optic,74.48,0
22,One year,Fiber optic,58.92,1
67,Month-to-month,DSL,47.12,0
59,Two year,Fiber optic,82.42,0
66,One year,Fiber optic,71.19,0
54,Month-to-month,Fiber optic,75.81,1
47,Month-to-month,Fiber optic,60.41,1
38,One year,DSL,36.32,0
67,One year,DSL,55.87,0
61,One year,DSL,36.46,0
30,One year,Fiber optic,38.97,1
6,Two year,DSL,41.32,0
0,Two year,DSL,48.77,0
17,One year,DSL,57.7,0
4,Two year,DSL,64.75,0
15,Two year,No,26.02,0
7,Month-to-month,Fiber optic,77.9,0
71,One year,DSL,46.45,0
6,Month-to-month,DSL,49.25,1
45,Month-to-month,DSL,42.76,1
25,Month-to-month,No,29.64,1
12,Month-to-month,Fiber optic,61.24,1
51,Month-to-month,DSL,68.76,1
70,Month-to-month,Fiber optic,41.31,0
57,Month-to-month,DSL,51.85,0
71,One year,Fiber optic,73.83,1
43,Two year,Fiber optic,74.46,0
49,Two year,No,10.81,0
10,Month-to-month,DSL,24.86,1
62,Month-to-month,DSL,52.27,0
54,Two year,Fiber optic,86.09,0
18,Month-to-month,Fiber optic,72.64,1
25,Two year,Fiber optic,79.66,0
44,One year,Fiber optic,64.5,0
0,Month-to-month,No,28.98,0
59,Month-to-month,DSL,59.71,1
20,Month-to-month,Fiber optic,66.24,1
5,Month-to-month,DSL,59.23,1
24,Month-to-month,Fiber optic,50.39,0
61,Two year,Fiber optic,62.64,0
20,One year,Fiber optic,76.55,0
39,Month-to-month,Fiber optic,92.83,1
59,Month-to-month,DSL,45.17,0
2,Month-to-month,DSL,32.59,1
55,Month-to-month,DSL,67.56,1
21,One year,DSL,43.49,0
50,One year,No,32.98,0
13,Two year,DSL,40.99,0
10,Month-to-month,No,26.71,0
57,Month-to-month,No,18.25,0
58,Two year,DSL,72.09,0
71,One year,Fiber optic,84.29,0
49,One year,Fiber optic,91.22,0
34,Month-to-month,DSL,35.54,0
14,Two year,DSL,23.1,0
21,Month-to-month,DSL,41.48,0
47,Month-to-month,DSL,75.2,0
25,One year,DSL,41.14,0
35,Month-to-month,DSL,57.62,0
12,Two year,DSL,32.7,0
32,Month-to-month,Fiber optic,60.05,0
17,Month-to-month,Fiber optic,69.04,1
8,Month-to-month,Fiber optic,95.32,1
9,Two year,Fiber optic,83.2,0
37,One year,DSL,20.36,0
26,Month-to-month,Fiber optic,78.0,1
7,Month-to-month,No,11.22,0
37,Month-to-month,Fiber optic,61.82,0
11,Month-to-month,DSL,51.12,0
1,One year,Fiber optic,86.78,1
9,Month-to-month,DSL,61.19,0
32,Month-to-month,Fiber optic,73.98,0
69,Month-to-month,DSL,49.15,0
17,One year,DSL,61.15,0
20,One year,DSL,26.09,0
17,One year,DSL,66.93,0
25,One year,DSL,36.17,1
52,Two year,DSL,48.13,0
23,Month-to-month,Fiber optic,64.04,1
48,Two year,No,11.13,0
65,One year,Fiber optic,75.54,0
69,Month-to-month,Fiber optic,72.84,0
41,Two year,Fiber optic,68.74,0
52,One year,Fiber optic,68.17,0
67,One year,Fiber optic,88.31,0
57,Month-to-month,DSL,71.31,0
21,Month-to-month,DSL,60.03,1
9,Two year,No,28.33,0
8,Month-to-month,Fiber optic,50.35,1
64,Month-to-month,DSL,,1
40,Month-to-month,Fiber optic,78.06,0
21,Month-to-month,Fiber optic,79.26,0
25,Two year,Fiber optic,56.31,0
20,One year,DSL,55.2,0
58,Two year,DSL,63.74,0
44,Month-to-month,Fiber optic,58.21,0
64,Month-to-month,Fiber optic,78.22,0
22,Month-to-month,Fiber optic,60.26,1
34,Month-to-month,Fiber optic,68.75,0
8,One year,DSL,33.62,0
70,Month-to-month,DSL,40.79,0
37,Month-to-month,DSL,40.88,0
40,Two year,No,29.95,0
30,One year,Fiber optic,80.68,0
19,Month-to-month,No,39.59,1
69,One year,DSL,37.18,0
35,Month-to-month,Fiber optic,74.32,0
49,Two year,DSL,31.82,0
2,One year,DSL,43.67,0
20,Month-to-month,DSL,45.51,0
58,Month-to-month,DSL,33.93,0
6,Month-to-month,DSL,51.71,0
7,One year,DSL,43.13,0
59,Month-to-month,DSL,46.85,0
22,One year,Fiber optic,84.69,0
19,Month-to-month,No,19.87,0
41,Month-to-month,DSL,55.2,0
14,Month-to-month,DSL,62.31,1
3,Month-to-month,DSL,61.58,0
0,Month-to-month,Fiber optic,67.74,1
5,One year,Fiber optic,58.33,0
11,Two year,DSL,36.48,0
50,Month-to-month,No,5.96,0
21,One year,DSL,53.23,0
5,Month-to-month,DSL,53.98,0
1,One year,Fiber optic,71.41,1
34,Month-to-month,DSL,28.49,0
61,One year,Fiber optic,65.62,0
24,Month-to-month,DSL,61.56,0
4,Month-to-month,DSL,52.32,1
16,One year,Fiber optic,79.4,1
36,Month-to-month,DSL,84.7,0
13,Month-to-month,No,28.94,0
71,Month-to-month,DSL,19.1,0
55,Two year,Fiber optic,56.79,0
25,Month-to-month,DSL,48.67,0
69,Month-to-month,Fiber optic,70.22,0
23,Two year,Fiber optic,67.94,1
10,One year,DSL,43.15,0
68,Month-to-month,Fiber optic,60.59,0
70,One year,DSL,49.49,0
22,Month-to-month,Fiber optic,86.73,0
43,Month-to-month,Fiber optic,90.79,1
12,Month-to-month,DSL,65.45,1
46,One year,DSL,33.53,0
50,Two year,Fiber optic,69.76,1
51,Month-to-month,Fiber optic,66.23,0
41,Month-to-month,DSL,52.1,0
51,Month-to-month,No,24.01,0
40,Month-to-month,Fiber optic,67.29,1
59,Month-to-month,Fiber optic,87.45,0
13,One year,No,26.18,0
35,Month-to-month,Fiber optic,71.49,1
30,Two year,No,29.96,0
38,Month-to-month,DSL,53.11,0
10,Month-to-month,Fiber optic,,0
23,Month-to-month,Fiber optic,88.63,0
69,One year,No,9.57,0
7,Month-to-month,Fiber optic,73.89,1
46,Month-to-month,DSL,43.77,1
48,Month-to-month,Fiber optic,66.39,0
34,One year,DSL,54.09,0
2,Two year,DSL,60.56,0
2,Month-to-month,DSL,,1
20,Month-to-month,Fiber optic,90.24,0
7,Month-to-month,DSL,27.82,0
6,Month-to-month,DSL,,1
11,Two year,Fiber optic,59.31,0
13,Month-to-month,DSL,37.3,1
61,One year,DSL,45.72,0
46,Two year,Fiber optic,65.21,1
2,One year,No,-9.36,0
45,Month-to-month,Fiber optic,77.34,1
9,One year,Fiber optic,79.36,0
30,Month-to-month,Fiber optic,68.07,1
2,Month-to-month,Fiber optic,67.12,1
6,Two year,Fiber optic,65.53,0
9,Month-to-month,Fiber optic,49.46,1
31,Month-to-month,DSL,23.19,1
33,Month-to-month,DSL,54.64,1
25,Month-to-month,Fiber optic,82.78,0
45,One year,DSL,52.16,0
52,One year,DSL,49.55,0
53,One year,DSL,54.39,0
42,Month-to-month,No,33.59,0
39,Month-to-month,Fiber optic,60.58,0
35,Month-to-month,Fiber optic,72.67,1
17,Month-to-month,Fiber optic,66.45,1
35,One year,Fiber optic,66.61,0
0,One year,DSL,58.68,0
70,Two year,Fiber optic,88.9,0
27,One year,DSL,16.84,0
55,Month-to-month,No,21.94,0
69,One year,DSL,41.31,0
36,One year,DSL,58.94,0
62,Two year,DSL,27.6,0
34,Month-to-month,DSL,9.13,0
9,One year,DSL,54.85,0
1,Month-to-month,Fiber optic,81.56,1
9,One year,Fiber optic,48.59,0
68,Two year,Fiber optic,68.51,0
34,Two year,DSL,63.36,0
23,Month-to-month,Fiber optic,57.06,1
32,Month-to-month,Fiber optic,71.21,0
18,One year,Fiber optic,76.1,0
63,One year,DSL,27.87,0
72,Two year,Fiber optic,63.23,0
6,Month-to-month,Fiber optic,49.71,1
52,Two year,Fiber optic,68.03,0
24,One year,Fiber optic,60.51,1
3,Month-to-month,DSL,47.49,1
67,Month-to-month,Fiber optic,77.62,0
4,One year,Fiber optic,86.66,1
15,Month-to-month,No,52.99,0
1,One year,Fiber optic,72.49,0
34,One year,DSL,41.2,0
43,Month-to-month,DSL,40.5,0
23,Month-to-month,Fiber optic,58.42,1
5,Two year,Fiber optic,75.38,0
8,One year,Fiber optic,64.06,1
68,One year,Fiber optic,76.22,0
58,One year,Fiber optic,58.8,0
68,One year,DSL,39.41,0
38,Two year,Fiber optic,75.19,1
39,One year,Fiber optic,68.5,0
57,Month-to-month,DSL,21.96,0
45,Month-to-month,Fiber optic,69.82,0
31,Month-to-month,DSL,35.38,0
21,One year,Fiber optic,84.18,0
35,Month-to-month,DSL,56.65,0
4,One year,DSL,17.6,0
14,Two year,DSL,54.62,0
53,Month-to-month,DSL,49.67,0
63,Month-to-month,Fiber optic,52.19,0
7,One year,Fiber optic,80.54,0
7,Month-to-month,Fiber optic,54.64,1
6,One year,Fiber optic,83.74,1
57,Month-to-month,DSL,37.25,0
22,Month-to-month,Fiber optic,51.78,0
23,One year,Fiber optic,95.45,0
0,Month-to-month,DSL,26.44,0
70,Month-to-month,Fiber optic,60.33,1
31,Month-to-month,DSL,37.68,0
58,Month-to-month,Fiber optic,64.53,0
51,Two year,No,33.39,0
10,Month-to-month,Fiber optic,70.69,1
58,Month-to-month,DSL,57.05,0
40,Month-to-month,DSL,49.46,0
44,Month-to-month,No,4.92,0
14,Month-to-month,No,31.6,1
61,One year,DSL,47.81,0
68,Month-to-month,Fiber optic,62.5,0
29,One year,Fiber optic,94.88,0
6,Month-to-month,DSL,52.3,1
61,Month-to-month,DSL,56.3,0
64,Month-to-month,DSL,56.72,0
36,One year,DSL,39.96,0
42,Two year,Fiber optic,77.6,1
16,Month-to-month,Fiber optic,73.79,1
4,Two year,Fiber optic,63.32,0
68,Month-to-month,DSL,30.34,0
35,One year,DSL,45.29,0
20,One year,Fiber optic,77.04,0
50,Month-to-month,DSL,45.19,0
1,Month-to-month,Fiber optic,67.81,0
5,Month-to-month,Fiber optic,70.33,0
17,One year,Fiber optic,66.56,0
32,Month-to-month,DSL,63.59,1
26,Two year,Fiber optic,73.24,0
13,Month-to-month,DSL,39.16,1
25,Two year,DSL,23.3,0
24,Month-to-month,DSL,42.63,0
38,One year,No,18.08,0
41,Month-to-month,Fiber optic,62.63,1
64,Month-to-month,Fiber optic,81.31,1
58,Month-to-month,Fiber optic,70.96,0
21,One year,DSL,24.81,0
65,Month-to-month,Fiber optic,77.43,1
38,One year,No,6.02,0
13,Two year,DSL,53.32,0
24,Month-to-month,DSL,39.3,1
54,Month-to-month,Fiber optic,71.04,0
59,Month-to-month,DSL,44.7,0
27,Month-to-month,Fiber optic,68.22,0
11,Month-to-month,DSL,47.51,0
14,One year,DSL,45.98,0
7,Month-to-month,Fiber optic,92.44,0
51,Month-to-month,DSL,47.69,0
36,One year,DSL,47.97,0
32,Month-to-month,DSL,36.49,0
49,One year,Fiber optic,74.57,0
60,Two year,Fiber optic,57.72,0
58,Month-to-month,Fiber optic,83.8,0
10,Month-to-month,DSL,27.19,0
43,Two year,Fiber optic,59.88,0
64,One year,No,5.45,0
56,One year,No,30.04,0
24,One year,Fiber optic,64.91,0
28,Month-to-month,DSL,53.23,0
64,Month-to-month,Fiber optic,58.29,1
2,One year,Fiber optic,76.38,0
38,One year,Fiber optic,76.96,0
8,One year,DSL,47.54,0
65,Month-to-month,DSL,45.37,0
2,Two year,Fiber optic,71.65,0
1,Month-to-month,Fiber optic,59.07,1
24,Month-to-month,Fiber optic,57.1,0
14,Month-to-month,DSL,,0
36,Month-to-month,Fiber optic,65.58,0
21,One year,DSL,50.44,0
26,Month-to-month,No,43.61,0
41,One year,Fiber optic,64.51,0
40,Month-to-month,DSL,37.8,0
68,Month-to-month,DSL,41.11,0
35,Month-to-month,DSL,45.47,1
41,Month-to-month,DSL,52.37,0
49,One year,Fiber optic,69.66,0
12,Month-to-month,DSL,69.94,1
48,Month-to-month,Fiber optic,75.05,0
62,Month-to-month,DSL,54.37,0
23,Month-to-month,Fiber optic,69.56,0
13,Month-to-month,Fiber optic,82.14,0
25,Two year,Fiber optic,67.54,0
20,Month-to-month,Fiber optic,62.27,1
42,Month-to-month,Fiber optic,80.86,0
63,Two year,Fiber optic,69.31,0
43,One year,DSL,47.94,0
9,Month-to-month,DSL,56.78,0
22,One year,Fiber optic,71.67,0
50,Two year,DSL,43.21,0
24,Month-to-month,DSL,38.58,0
42,Month-to-month,Fiber optic,82.74,1
50,Two year,DSL,40.9,0
24,One year,Fiber optic,69.39,1
47,Two year,DSL,48.44,0
29,Month-to-month,DSL,48.39,1
9,Two year,Fiber optic,82.16,0
27,Month-to-month,DSL,44.16,0
32,One year,Fiber optic,86.52,1
0,Two year,DSL,42.01,0
65,Month-to-month,Fiber optic,74.45,0
38,Month-to-month,DSL,42.79,0
2,One year,DSL,70.12,0
63,Two year,Fiber optic,65.79,0
62,Month-to-month,DSL,41.88,0
0,Two year,Fiber optic,71.38,0
11,Month-to-month,DSL,41.8,0
26,Month-to-month,DSL,48.77,0
37,Month-to-month,Fiber optic,84.75,0
52,Two year,Fiber optic,71.77,0
30,Month-to-month,Fiber optic,72.21,0
44,One year,DSL,42.25,1
0,Month-to-month,DSL,38.94,1
48,Two year,Fiber optic,71.16,0
66,One year,Fiber optic,70.09,0
38,Month-to-month,DSL,59.08,1
33,Month-to-month,Fiber optic,58.49,1
21,Month-to-month,Fiber optic,87.45,0
69,Month-to-month,DSL,43.24,0
2,Two year,Fiber optic,71.78,0
20,One year,No,12.22,0
10,Month-to-month,Fiber optic,76.74,1
63,One year,DSL,33.47,0
35,Month-to-month,Fiber optic,74.48,1
67,Month-to-month,Fiber optic,73.31,0
48,Month-to-month,Fiber optic,66.09,1
40,Month-to-month,No,0.22,0
37,One year,DSL,70.93,0
14,Month-to-month,Fiber optic,57.35,0
41,One year,No,28.27,0
50,Month-to-month,Fiber optic,61.24,0
70,One year,Fiber optic,82.58,0
40,Month-to-month,Fiber optic,65.45,0
68,Month-to-month,DSL,35.98,0
68,Month-to-month,Fiber optic,77.14,0
38,Month-to-month,Fiber optic,54.74,0
32,Month-to-month,No,20.04,1
10,Month-to-month,DSL,53.28,0
19,One year,Fiber optic,88.08,0
64,Month-to-month,DSL,33.45,0
10,One year,Fiber optic,62.66,1
28,One year,DSL,49.23,0
51,Month-to-month,Fiber optic,46.03,0
17,One year,DSL,61.29,0
71,Month-to-month,DSL,33.01,0
47,One year,Fiber optic,64.75,0
2,One year,Fiber optic,73.13,0
18,One year,Fiber optic,70.61,0
54,Month-to-month,DSL,33.44,0
63,One year,DSL,65.66,0
67,Month-to-month,DSL,14.1,0
62,Month-to-month,No,11.54,0
5,Month-to-month,DSL,37.36,0
53,Month-to-month,No,13.6,0
8,One year,DSL,59.63,0
5,Two year,Fiber optic,50.1,1
50,Month-to-month,DSL,63.69,0
34,One year,Fiber optic,66.66,0
47,One year,Fiber optic,53.67,0
62,Two year,Fiber optic,44.79,1
5,One year,Fiber optic,67.42,0
38,Month-to-month,DSL,36.58,0
60,Month-to-month,Fiber optic,72.84,0
32,One year,Fiber optic,64.59,0
38,Month-to-month,No,36.47,0
36,Two year,DSL,43.29,0
66,Two year,Fiber optic,64.91,0
3,Two year,Fiber optic,81.68,0
64,Month-to-month,Fiber optic,72.74,0
59,One year,No,34.3,0
59,One year,Fiber optic,83.78,0
30,Month-to-month,No,21.47,0
37,Month-to-month,Fiber optic,70.46,0
26,Month-to-month,DSL,55.13,1
18,Month-to-month,Fiber optic,40.59,0
63,Two year,DSL,43.78,0
36,Two year,Fiber optic,67.3,0
52,Month-to-month,Fiber optic,74.49,1
7,Month-to-month,No,15.39,0
57,Month-to-month,DSL,58.15,0
48,Month-to-month,Fiber optic,61.15,0
72,Month-to-month,DSL,39.49,0
9,One year,Fiber optic,62.03,0
39,One year,No,39.76,0
37,Two year,Fiber optic,44.97,0
39,Two year,Fiber optic,91.44,0
3,Month-to-month,Fiber optic,87.68,1
34,One year,Fiber optic,63.22,0
21,Month-to-month,No,37.32,0
45,Month-to-month,Fiber optic,71.56,0
16,Month-to-month,Fiber optic,89.83,0
31,Month-to-month,DSL,56.41,0
45,Month-to-month,Fiber optic,96.32,0
4,Month-to-month,Fiber optic,,1
57,Month-to-month,DSL,47.3,0
52,Two year,Fiber optic,49.31,1
4,Month-to-month,DSL,38.78,0
4,Month-to-month,DSL,,1
62,Two year,Fiber optic,75.62,0
20,One year,Fiber optic,81.81,0
62,Month-to-month,Fiber optic,76.17,0
36,Two year,DSL,50.41,0
24,Month-to-month,DSL,38.73,0
19,Month-to-month,DSL,36.5,0
48,Month-to-month,Fiber optic,63.41,1
8,Month-to-month,DSL,12.24,0
29,One year,Fiber optic,69.02,0
25,Month-to-month,No,27.88,0
11,One year,Fiber optic,62.57,0
25,One year,DSL,43.43,0
38,Two year,DSL,51.3,0
49,Month-to-month,Fiber optic,80.62,0
6,Month-to-month,Fiber optic,55.63,0
63,Two year,No,15.46,0
64,One year,DSL,54.04,0
50,Month-to-month,DSL,52.07,0
67,Month-to-month,Fiber optic,86.13,0
31,One year,DSL,60.64,0
59,One year,Fiber optic,98.98,0
53,One year,DSL,41.49,0
41,Two year,Fiber optic,88.94,0
13,Month-to-month,DSL,33.96,0
40,Month-to-month,DSL,73.73,1
65,One year,Fiber optic,75.46,0
71,Two year,DSL,51.5,1
32,Month-to-month,Fiber optic,81.88,1
18,One year,Fiber optic,53.74,0
54,Month-to-month,Fiber optic,57.1,0
5,Month-to-month,Fiber optic,71.39,0
11,Two year,Fiber optic,74.15,1
41,Month-to-month,DSL,69.99,0
72,Month-to-month,DSL,33.61,0
24,One year,Fiber optic,88.48,0
32,Month-to-month,No,21.81,0
23,Month-to-month,DSL,41.65,0
32,One year,Fiber optic,68.03,0
0,Month-to-month,Fiber optic,66.34,1
43,One year,No,30.84,0
43,Month-to-month,Fiber optic,65.26,1
23,Month-to-month,Fiber optic,53.07,1
19,One year,No,21.79,0
55,Month-to-month,DSL,50.48,0
13,Two year,DSL,28.17,0
3,Two year,DSL,51.98,0
2,Two year,Fiber optic,84.17,1
64,Month-to-month,DSL,62.76,0
26,Month-to-month,DSL,49.05,0
7,Two year,Fiber optic,48.34,0
64,Month-to-month,Fiber optic,77.77,0
10,One year,Fiber optic,81.61,0
24,Two year,DSL,36.64,0
1,Month-to-month,DSL,44.13,1
49,Month-to-month,DSL,50.8,1
51,One year,Fiber optic,91.45,0
55,One year,DSL,41.93,0
19,Month-to-month,Fiber optic,80.7,0
23,One year,No,28.8,1
68,One year,DSL,47.39,0
59,Month-to-month,DSL,60.97,0
2,Month-to-month,Fiber optic,60.02,1
50,One year,Fiber optic,72.76,0
59,One year,Fiber optic,70.33,0
40,Two year,DSL,26.92,0
46,Month-to-month,Fiber optic,84.79,0
0,Two year,DSL,54.95,0
2,One year,Fiber optic,70.41,0
2,One year,DSL,41.86,1
11,Month-to-month,Fiber optic,70.0,1
72,Month-to-month,Fiber optic,78.49,0
46,Month-to-month,DSL,45.63,0
57,Month-to-month,Fiber optic,61.99,0
21,Month-to-month,Fiber optic,63.8,1
68,Two year,DSL,44.85,0
14,Month-to-month,Fiber optic,58.81,0
65,Two year,DSL,49.0,0
2,Month-to-month,DSL,35.48,1
1,Two year,Fiber optic,58.55,0
5,Month-to-month,Fiber optic,108.32,1
57,One year,Fiber optic,93.28,0
18,One year,Fiber optic,71.73,0
32,Two year,Fiber optic,80.21,1
34,Month-to-month,DSL,57.25,0
57,Month-to-month,Fiber optic,69.09,0
25,Two year,DSL,48.39,0
0,Month-to-month,DSL,41.85,1
28,One year,Fiber optic,85.07,0
21,Month-to-month,DSL,60.23,0
53,Month-to-month,Fiber optic,88.74,1
54,One year,Fiber optic,73.19,1
6,One year,No,51.01,0
57,One year,Fiber optic,69.08,0
5,Month-to-month,Fiber optic,94.56,0
45,One year,DSL,39.44,0
28,Two year,No,9.43,0
21,Month-to-month,DSL,69.33,1
35,Month-to-month,DSL,52.92,0
22,Month-to-month,DSL,51.23,0
57,One year,DSL,40.67,0
70,Month-to-month,DSL,34.86,0
59,One year,DSL,36.0,0
32,Month-to-month,DSL,46.66,0
36,One year,Fiber optic,68.2,0
32,Two year,Fiber optic,46.71,0
57,Month-to-month,Fiber optic,90.33,0
40,Month-to-month,Fiber optic,64.96,0
34,Month-to-month,Fiber optic,84.86,0
29,Month-to-month,Fiber optic,61.53,1
27,Month-to-month,No,26.86,0
40,Two year,Fiber optic,81.67,0
50,Month-to-month,Fiber optic,80.01,0
31,Month-to-month,DSL,41.78,0
58,Month-to-month,Fiber optic,76.11,0
60,Month-to-month,DSL,53.11,0
31,Two year,DSL,43.22,0
66,Month-to-month,DSL,31.64,0
12,Month-to-month,Fiber optic,62.51,0
68,Month-to-month,Fiber optic,65.45,0
21,Two year,DSL,45.31,0
41,Two year,Fiber optic,89.11,0
20,Month-to-month,Fiber optic,80.89,1
32,One year,Fiber optic,60.21,0
24,One year,DSL,67.04,0
51,One year,DSL,44.05,0
5,Month-to-month,DSL,53.07,0
61,One year,DSL,33.73,0
65,One year,Fiber optic,64.57,0
41,Month-to-month,No,37.46,0
39,Month-to-month,DSL,34.45,0
51,Month-to-month,Fiber optic,70.66,0
14,Month-to-month,DSL,50.65,1
54,Month-to-month,Fiber optic,57.72,0
15,Two year,No,3.67,0
49,Two year,Fiber optic,80.89,1
22,Month-to-month,Fiber optic,104.36,0
54,Month-to-month,No,30.51,0
57,One year,DSL,52.81,0
15,Month-to-month,Fiber optic,59.39,1
45,Month-to-month,DSL,62.64,0
36,Two year,DSL,40.48,1
21,Month-to-month,Fiber optic,83.96,0
42,Month-to-month,DSL,52.29,0
72,One year,DSL,52.58,0
0,One year,DSL,52.12,0
69,Month-to-month,No,31.74,1
62,One year,DSL,48.4,0
38,Two year,DSL,56.63,0
44,Month-to-month,DSL,36.29,0
26,One year,Fiber optic,67.13,0
9,Month-to-month,Fiber optic,87.62,1
41,Month-to-month,No,27.07,0
59,Month-to-month,DSL,41.09,0
16,Month-to-month,Fiber optic,82.42,1
52,Month-to-month,Fiber optic,80.05,0
54,Two year,Fiber optic,54.4,0
55,Month-to-month,Fiber optic,78.76,0
24,Two year,Fiber optic,71.65,0
28,Month-to-month,DSL,53.54,0
30,Two year,Fiber optic,70.13,0
62,Month-to-month,DSL,50.57,0
65,Month-to-month,No,3.03,0
30,One year,No,14.26,0
70,One year,DSL,53.88,0
41,Month-to-month,Fiber optic,101.46,0
28,Month-to-month,DSL,49.41,0
0,One year,DSL,36.69,0
44,One year,Fiber optic,71.62,0
47,Month-to-month,DSL,34.28,0
70,One year,DSL,60.0,0
52,Month-to-month,DSL,45.58,0
2,Month-to-month,Fiber optic,82.64,1
41,One year,Fiber optic,68.16,0
54,Two year,DSL,58.7,0
36,Month-to-month,Fiber optic,50.52,0
31,Month-to-month,Fiber optic,70.29,1
59,Month-to-month,DSL,51.48,1
44,One year,DSL,41.78,0
49,Month-to-month,Fiber optic,74.31,0
33,Month-to-month,Fiber optic,74.11,1
20,Month-to-month,DSL,57.59,0
37,Two year,No,32.46,0
70,Month-to-month,Fiber optic,74.72,0
43,One year,DSL,55.55,0
51,Month-to-month,Fiber optic,53.76,0
9,Month-to-month,DSL,35.97,0
72,Month-to-month,DSL,28.38,0
17,Month-to-month,DSL,51.58,0
70,Month-to-month,DSL,49.97,0
32,Month-to-month,Fiber optic,86.62,0
67,Month-to-month,Fiber optic,74.22,0
65,Month-to-month,DSL,37.42,0
55,Month-to-month,Fiber optic,71.61,1
66,Month-to-month,DSL,22.49,0
44,Month-to-month,Fiber optic,65.1,0
61,Month-to-month,Fiber optic,41.83,0
12,One year,DSL,48.94,1
5,Two year,DSL,41.65,1
39,One year,DSL,43.41,0
59,Month-to-month,Fiber optic,58.82,0
55,Two year,Fiber optic,61.97,0
38,Two year,Fiber optic,78.31,0
38,Month-to-month,Fiber optic,,0
44,Month-to-month,DSL,51.07,1
63,One year,Fiber optic,60.27,0
61,Two year,Fiber optic,49.83,0
8,One year,No,39.72,0
43,One year,Fiber optic,85.95,0
27,One year,Fiber optic,63.53,0
58,Two year,DSL,38.41,0
36,Month-to-month,DSL,41.99,0
72,Month-to-month,Fiber optic,60.28,0
31,Two year,No,17.39,0
49,Month-to-month,DSL,50.4,1
7,Month-to-month,Fiber optic,94.89,0
68,Month-to-month,Fiber optic,65.74,0
11,Month-to-month,No,37.28,1
27,Month-to-month,Fiber optic,74.23,0
61,One year,DSL,24.93,0
70,Month-to-month,Fiber optic,69.71,0
35,One year,Fiber optic,68.2,0
35,Month-to-month,DSL,62.57,0
3,Two year,No,43.06,0
71,One year,Fiber optic,74.52,0
1,Two year,Fiber optic,84.57,0
1,Month-to-month,DSL,43.24,0
34,Month-to-month,DSL,58.43,0
0,One year,Fiber optic,71.2,1
11,Two year,Fiber optic,83.17,0
45,Month-to-month,No,39.39,0
51,One year,Fiber optic,78.6,1
21,One year,Fiber optic,61.1,0
58,Month-to-month,Fiber optic,64.95,0
44,One year,Fiber optic,79.03,0
16,Month-to-month,DSL,55.72,1
52,Month-to-month,Fiber optic,71.9,1
43,Two year,DSL,41.25,0
59,Month-to-month,Fiber optic,72.3,0
11,One year,Fiber optic,66.66,0
16,One year,DSL,41.73,0
22,Two year,DSL,68.52,0
24,Month-to-month,Fiber optic,64.29,0
64,Month-to-month,Fiber optic,76.09,0
53,Month-to-month,DSL,46.84,0
39,One year,DSL,30.28,0
39,Month-to-month,DSL,29.87,0
64,One year,DSL,44.03,0
32,Month-to-month,Fiber optic,46.57,0
16,Month-to-month,No,46.96,0
9,Two year,Fiber optic,65.66,0
24,Two year,Fiber optic,64.68,0
47,Month-to-month,DSL,59.68,1
34,One year,Fiber optic,68.31,0
30,Month-to-month,Fiber optic,77.81,0
35,One year,Fiber optic,63.13,1
71,Month-to-month,DSL,45.55,0
72,Month-to-month,DSL,56.62,0
11,Month-to-month,DSL,34.66,1
8,Month-to-month,Fiber optic,76.33,1
17,One year,Fiber optic,41.0,1
62,Month-to-month,DSL,60.19,0
33,Month-to-month,DSL,38.32,1
63,Month-to-month,DSL,43.97,0
47,Month-to-month,Fiber optic,68.82,0
40,One year,Fiber optic,58.3,0
20,Month-to-month,Fiber optic,57.38,0
25,One year,DSL,51.26,0
10,Two year,DSL,51.82,0
37,Month-to-month,No,14.38,0
20,Two year,Fiber optic,76.49,0
21,Month-to-month,Fiber optic,76.69,1
2,Month-to-month,DSL,40.46,1
58,Month-to-month,Fiber optic,54.48,0
68,Month-to-month,DSL,44.55,0
36,Month-to-month,DSL,49.38,0
39,Month-to-month,Fiber optic,69.29,0
67,Two year,Fiber optic,62.89,0
37,Month-to-month,Fiber optic,75.6,1
45,Two year,DSL,60.18,0
31,Month-to-month,Fiber optic,60.76,1
37,One year,Fiber optic,66.42,0
38,Month-to-month,Fiber optic,102.92,0
51,Month-to-month,DSL,48.49,0
44,Month-to-month,DSL,29.8,0
36,Two year,No,19.27,0
5,Two year,DSL,35.92,0
66,Month-to-month,Fiber optic,74.56,0
64,One year,Fiber optic,73.69,0
13,One year,DSL,37.36,1
21,One year,DSL,67.28,0
71,Month-to-month,DSL,46.02,0
23,One year,Fiber optic,64.53,0
59,One year,No,10.35,0
57,Month-to-month,Fiber optic,59.26,0
62,Month-to-month,DSL,30.05,0
1,Month-to-month,DSL,42.71,1
35,Two year,DSL,34.38,0
41,Month-to-month,DSL,54.41,0
61,Month-to-month,DSL,37.99,0
16,Month-to-month,DSL,55.08,1
22,Two year,DSL,50.9,0
13,One year,Fiber optic,77.75,0
55,Month-to-month,Fiber optic,80.76,1
72,Month-to-month,DSL,68.92,0
10,One year,DSL,34.81,0
17,Month-to-month,DSL,55.15,0
22,Month-to-month,Fiber optic,74.78,0
64,Two year,Fiber optic,82.76,0
32,Month-to-month,Fiber optic,71.33,1
20,Month-to-month,No,39.11,1
23,Month-to-month,Fiber optic,54.5,1
43,One year,Fiber optic,57.95,0
28,One year,Fiber optic,63.17,1
10,Month-to-month,DSL,44.1,1
59,One year,Fiber optic,70.56,1
30,Two year,DSL,36.12,0
18,Two year,Fiber optic,58.11,0
53,Month-to-month,Fiber optic,62.14,1
54,Month-to-month,Fiber optic,49.49,0
11,Two year,Fiber optic,66.54,0
5,Month-to-month,DSL,44.3,1
3,Month-to-month,No,,0
55,Month-to-month,DSL,47.0,0
45,Two year,DSL,66.52,0
57,Month-to-month,Fiber optic,79.75,0
45,Month-to-month,DSL,53.85,0
29,One year,Fiber optic,74.38,0
43,Month-to-month,DSL,51.43,0
52,Month-to-month,DSL,42.35,0
29,Month-to-month,Fiber optic,71.2,1
66,Month-to-month,Fiber optic,93.06,0
65,Two year,Fiber optic,69.16,0
58,Month-to-month,Fiber optic,54.02,0
72,Two year,DSL,53.36,0
28,Month-to-month,No,35.5,0
8,Month-to-month,Fiber optic,71.85,0
35,Month-to-month,DSL,22.46,0
54,Month-to-month,DSL,60.44,0
56,Month-to-month,Fiber optic,72.76,1
28,Month-to-month,Fiber optic,66.28,1
21,Two year,Fiber optic,84.26,0
32,Month-to-month,DSL,20.7,0
58,Two year,Fiber optic,71.34,0
4,Month-to-month,Fiber optic,63.51,1
23,Month-to-month,Fiber optic,87.91,1
16,One year,DSL,47.91,0
58,Month-to-month,DSL,34.62,0
34,Month-to-month,Fiber optic,83.66,0
6,Month-to-month,DSL,15.49,1
19,Month-to-month,No,31.09,0
3,One year,Fiber optic,54.84,0
34,Month-to-month,Fiber optic,64.45,0
72,Two year,Fiber optic,67.11,1
41,Month-to-month,Fiber optic,80.92,0
63,Month-to-month,DSL,71.44,0
54,Month-to-month,DSL,23.65,1
64,Month-to-month,DSL,50.36,0
22,Two year,Fiber optic,96.43,0
69,Two year,DSL,38.12,0
17,Month-to-month,Fiber optic,62.38,0
31,Month-to-month,Fiber optic,72.83,0
49,Two year,Fiber optic,79.95,0
20,Month-to-month,DSL,52.89,1
19,Month-to-month,DSL,40.7,1
9,Month-to-month,DSL,35.37,0
0,Month-to-month,DSL,60.79,0
36,Month-to-month,Fiber optic,60.71,0
72,Month-to-month,Fiber optic,47.01,1
16,Two year,DSL,27.56,0
32,Month-to-month,No,18.09,0
68,Two year,DSL,62.91,0
56,One year,Fiber optic,55.74,0
0,Month-to-month,No,43.26,0
36,Month-to-month,Fiber optic,85.68,1
10,Month-to-month,Fiber optic,72.7,0
18,Two year,Fiber optic,39.41,0
17,Month-to-month,Fiber optic,55.79,1
44,Two year,DSL,37.4,0
14,One year,DSL,65.77,0
18,One year,Fiber optic,63.17,1
16,Month-to-month,Fiber optic,60.72,1
26,One year,DSL,47.26,0
47,One year,Fiber optic,53.09,0
29,One year,Fiber optic,69.7,0
23,Month-to-month,Fiber optic,60.42,1
37,One year,DSL,77.25,0
44,Month-to-month,No,13.99,1
1,One year,Fiber optic,93.16,1
64,Month-to-month,DSL,31.32,0
66,Month-to-month,DSL,48.15,0
43,One year,Fiber optic,76.0,0
41,Month-to-month,No,26.7,0
50,One year,DSL,45.96,0
32,One year,DSL,55.34,0
26,One year,DSL,50.01,0
25,One year,Fiber optic,67.93,0
11,Month-to-month,DSL,36.91,0
61,Month-to-month,DSL,43.01,0
23,One year,Fiber optic,67.86,0
20,Month-to-month,DSL,42.63,1
70,Month-to-month,No,25.91,0
36,Month-to-month,DSL,28.09,0
45,Month-to-month,DSL,32.67,0
17,Two year,Fiber optic,79.98,0
20,Month-to-month,Fiber optic,42.99,1
53,Month-to-month,Fiber optic,84.36,0
32,Two year,DSL,38.29,0
10,Two year,DSL,65.03,0
60,Month-to-month,No,39.71,1
29,Two year,Fiber optic,66.07,0
48,Month-to-month,No,22.32,0
24,One year,No,44.12,0
40,Month-to-month,DSL,60.28,0
56,Month-to-month,DSL,56.67,0
64,Month-to-month,Fiber optic,83.73,0
15,One year,Fiber optic,56.95,0
49,Month-to-month,Fiber optic,72.46,0
66,Month-to-month,Fiber optic,60.76,0
46,One year,Fiber optic,56.64,0
10,Month-to-month,DSL,46.97,1
13,Two year,Fiber optic,65.03,0
14,Month-to-month,Fiber optic,68.01,1
7,Month-to-month,Fiber optic,64.0,1
55,Month-to-month,DSL,29.95,0
70,Month-to-month,No,45.36,0
37,Month-to-month,Fiber optic,71.87,0
43,Month-to-month,DSL,27.69,0
56,One year,No,27.18,0
30,Month-to-month,DSL,63.26,0
34,Month-to-month,DSL,56.5,0
42,One year,DSL,38.78,1
22,Month-to-month,No,19.06,0
4,One year,Fiber optic,58.52,0
41,Two year,DSL,36.09,0
60,Month-to-month,Fiber optic,62.07,1
5,One year,Fiber optic,52.38,0
15,Two year,DSL,39.67,0
19,Month-to-month,DSL,49.13,0
58,Two year,DSL,40.03,0
36,Month-to-month,No,27.61,0
39,One year,DSL,64.46,0
47,Month-to-month,DSL,67.03,0
20,Month-to-month,No,24.18,0
52,Two year,Fiber optic,80.56,0
2,Month-to-month,Fiber optic,68.0,1
8,Two year,Fiber optic,64.15,0
59,One year,DSL,31.6,0
48,Two year,DSL,46.04,0
12,Two year,DSL,58.01,1
32,One year,Fiber optic,54.71,0
3,Two year,DSL,41.55,0
49,One year,DSL,40.98,0
55,Month-to-month,No,27.96,0
20,One year,Fiber optic,73.15,0
25,Month-to-month,DSL,51.45,0
17,Month-to-month,DSL,67.76,0
28,Month-to-month,DSL,34.55,1
19,Month-to-month,Fiber optic,58.89,0
18,Month-to-month,Fiber optic,72.97,0
31,Month-to-month,Fiber optic,87.43,1
62,One year,DSL,27.45,0
55,One year,DSL,48.98,0
21,Two year,DSL,42.58,0
68,Two year,DSL,55.25,0
15,Two year,Fiber optic,77.54,0
66,One year,Fiber optic,70.58,0
22,Month-to-month,DSL,50.85,0
39,Two year,DSL,37.1,0
14,Month-to-month,DSL,54.6,0
55,Month-to-month,DSL,61.64,0
23,Month-to-month,No,26.2,0
63,One year,No,20.1,0
6,One year,DSL,43.26,0
36,Month-to-month,Fiber optic,79.48,1
11,One year,Fiber optic,69.5,0
64,Month-to-month,DSL,30.6,1
30,Month-to-month,Fiber optic,81.43,1
49,Month-to-month,Fiber optic,58.21,0
64,Month-to-month,Fiber optic,75.09,1
39,One year,No,2.6,0
4,Month-to-month,Fiber optic,71.3,0
16,Month-to-month,DSL,44.18,0
15,Month-to-month,No,1.4,0
66,One year,DSL,48.99,0
66,Two year,Fiber optic,56.78,0
34,One year,DSL,46.02,0
64,One year,DSL,40.06,0
17,Two year,Fiber optic,52.23,1
49,Month-to-month,DSL,32.45,0
28,Month-to-month,Fiber optic,58.41,0
17,Month-to-month,DSL,56.79,0
18,Month-to-month,No,35.03,0
30,Month-to-month,DSL,71.33,1
24,Month-to-month,No,18.86,0
15,Month-to-month,Fiber optic,63.47,0
24,Month-to-month,DSL,46.62,1
9,Month-to-month,DSL,40.74,0
70,Month-to-month,Fiber optic,63.01,0
27,Two year,No,25.65,0
7,One year,No,33.44,0
42,Month-to-month,Fiber optic,44.65,1
64,Month-to-month,DSL,38.13,0
26,Month-to-month,Fiber optic,53.17,0
61,Month-to-month,Fiber optic,68.15,0
44,Month-to-month,Fiber optic,75.19,0
53,Month-to-month,DSL,58.4,0
21,Two year,Fiber optic,64.8,0
2,Two year,Fiber optic,71.28,0
25,One year,No,4.81,0
67,One year,DSL,34.67,0
57,One year,DSL,47.49,0
57,One year,Fiber optic,53.69,0
64,Two year,Fiber optic,84.84,0
27,One year,DSL,51.28,0
23,One year,Fiber optic,59.15,1
67,Two year,Fiber optic,52.21,0
41,One year,No,16.37,0
21,Month-to-month,Fiber optic,59.21,1
20,Month-to-month,Fiber optic,55.4,0
64,Month-to-month,DSL,28.12,0
3,Month-to-month,Fiber optic,67.24,1
4,Month-to-month,DSL,53.79,0
53,Month-to-month,Fiber optic,61.47,1
0,Month-to-month,Fiber optic,75.34,1
12,Two year,Fiber optic,66.07,1
72,Month-to-month,Fiber optic,77.35,0
31,Month-to-month,DSL,35.56,0
53,Month-to-month,No,28.37,0
35,Month-to-month,DSL,46.44,0
6,One year,Fiber optic,86.35,1
13,One year,No,31.7,0
55,Month-to-month,DSL,48.07,0
6,Month-to-month,Fiber optic,52.36,0
43,Month-to-month,Fiber optic,63.7,0
25,One year,Fiber optic,60.4,0
27,Two year,Fiber optic,60.13,0
69,Two year,DSL,45.19,0
44,Month-to-month,Fiber optic,72.89,0
44,One year,No,28.36,0
25,One year,Fiber optic,85.14,1
27,Two year,Fiber optic,75.8,0
50,Month-to-month,No,10.27,0
2,Month-to-month,DSL,47.43,0
17,Month-to-month,Fiber optic,77.01,0
43,Month-to-month,Fiber optic,85.15,0
45,One year,DSL,43.15,0
6,Month-to-month,DSL,43.27,0
57,Month-to-month,DSL,57.95,0
39,Two year,DSL,47.14,0
17,Month-to-month,DSL,25.82,0
54,Two year,DSL,23.25,0
72,One year,DSL,67.09,0
30,Two year,DSL,24.44,0
20,One year,Fiber optic,67.99,0
21,Month-to-month,DSL,55.6,1
43,Month-to-month,Fiber optic,48.82,0
3,Two year,DSL,32.02,0
35,Month-to-month,Fiber optic,55.04,0
1,Month-to-month,DSL,66.61,1
2,One year,Fiber optic,94.22,1
31,Month-to-month,DSL,36.19,0
54,Month-to-month,Fiber optic,76.95,0
64,Month-to-month,No,28.7,0
6,Month-to-month,Fiber optic,66.63,0
17,One year,DSL,25.48,1
30,Month-to-month,DSL,72.69,0
41,Month-to-month,Fiber optic,48.21,0
72,Month-to-month,DSL,47.55,0
49,One year,No,17.23,0
39,Month-to-month,DSL,57.1,0
4,Month-to-month,No,35.15,1
5,Two year,Fiber optic,58.25,1
11,Month-to-month,No,15.52,0
48,One year,DSL,26.4,0
24,Month-to-month,DSL,47.34,1
17,Month-to-month,DSL,53.53,0
48,Month-to-month,DSL,39.7,0
59,Two year,DSL,42.06,0
32,Month-to-month,DSL,67.89,0
64,Month-to-month,Fiber optic,81.23,0
53,Month-to-month,DSL,61.17,0
52,Month-to-month,Fiber optic,43.1,1
63,One year,DSL,51.57,0
13,Two year,DSL,48.02,0
55,Month-to-month,Fiber optic,54.98,0
69,Month-to-month,Fiber optic,57.47,0
72,Month-to-month,Fiber optic,67.38,0
42,Two year,DSL,28.9,0
55,Month-to-month,Fiber optic,60.42,0
64,Month-to-month,Fiber optic,64.46,0
62,Two year,Fiber optic,76.88,0
65,Two year,Fiber optic,61.52,0
60,Month-to-month,Fiber optic,64.63,0
27,Month-to-month,Fiber optic,82.29,1
53,One year,DSL,23.83,0
29,Two year,DSL,47.73,0
58,Month-to-month,No,29.67,0
59,Month-to-month,Fiber optic,75.0,0
68,Month-to-month,Fiber optic,63.98,0
42,Month-to-month,Fiber optic,57.22,0
34,Month-to-month,DSL,63.23,0
12,One year,Fiber optic,59.72,1
46,Month-to-month,Fiber optic,56.6,0
41,Month-to-month,DSL,45.24,0
37,Two year,Fiber optic,61.13,0
49,Month-to-month,DSL,57.61,1
62,Month-to-month,DSL,41.82,0
10,Two year,DSL,59.17,0
31,Month-to-month,Fiber optic,75.39,1
52,Two year,Fiber optic,65.34,0
59,Month-to-month,DSL,58.37,0
56,Month-to-month,Fiber optic,62.19,0
58,One year,Fiber optic,66.16,0
62,Month-to-month,Fiber optic,76.35,0
70,Month-to-month,Fiber optic,72.72,0
44,Month-to-month,Fiber optic,61.92,1
18,One year,DSL,26.56,1
41,Month-to-month,DSL,44.78,0
51,One year,Fiber optic,61.27,0
7,One year,DSL,45.36,0
55,Month-to-month,No,19.95,0
39,Month-to-month,Fiber optic,61.39,0
68,Month-to-month,DSL,41.78,0
15,One year,Fiber optic,69.12,0
66,Month-to-month,No,33.34,1
32,One year,Fiber optic,75.08,1
41,Month-to-month,Fiber optic,95.13,0
48,Month-to-month,No,26.7,0
42,One year,DSL,36.92,0
65,Month-to-month,Fiber optic,68.0,0
12,Month-to-month,DSL,51.82,0
53,One year,DSL,57.04,0
71,One year,DSL,61.1,0
16,Month-to-month,Fiber optic,57.8,1
18,Month-to-month,Fiber optic,85.37,0
34,Month-to-month,No,24.45,1
52,One year,Fiber optic,58.88,0
70,Month-to-month,Fiber optic,67.55,0
58,One year,Fiber optic,84.53,0
57,One year,Fiber optic,75.49,1
32,Two year,DSL,30.46,0
47,Month-to-month,Fiber optic,55.55,1
15,Month-to-month,Fiber optic,55.21,0
33,Month-to-month,Fiber optic,61.22,1
13,Month-to-month,Fiber optic,70.93,0
1,Month-to-month,Fiber optic,56.49,1
62,Two year,Fiber optic,64.86,0
58,Month-to-month,DSL,61.82,0
37,Month-to-month,Fiber optic,89.41,0
1,Month-to-month,Fiber optic,88.61,1
6,Two year,DSL,23.46,0
8,Month-to-month,DSL,65.08,0
52,One year,DSL,46.1,0
14,Two year,No,25.94,1
18,Month-to-month,Fiber optic,82.35,1
62,One year,Fiber optic,78.44,1
63,Month-to-month,Fiber optic,47.58,0
55,Month-to-month,Fiber optic,62.65,1
22,Month-to-month,No,20.61,0
42,Month-to-month,DSL,29.04,0
14,One year,DSL,56.97,0
62,Two year,No,42.27,0
6,Month-to-month,DSL,44.87,1
54,One year,Fiber optic,73.58,0
37,Month-to-month,DSL,44.86,0
55,Month-to-month,Fiber optic,71.19,1
32,One year,Fiber optic,83.41,0
11,Month-to-month,DSL,23.81,0
54,One year,No,30.83,0
46,Month-to-month,DSL,45.14,0
33,Two year,Fiber optic,61.44,0
27,Month-to-month,DSL,38.96,0
25,Month-to-month,Fiber optic,91.99,1
35,One year,DSL,29.07,0
19,Month-to-month,Fiber optic,67.98,0
20,Month-to-month,Fiber optic,89.55,1
20,Two year,Fiber optic,54.76,0
0,Month-to-month,DSL,39.53,0
67,Month-to-month,No,25.51,0
17,Month-to-month,Fiber optic,74.95,0
12,One year,Fiber optic,69.04,0
11,One year,Fiber optic,59.26,0
72,Two year,DSL,50.37,0
34,Month-to-month,DSL,43.79,0
23,Month-to-month,DSL,52.53,0
29,Month-to-month,Fiber optic,81.08,1
6,Month-to-month,Fiber optic,52.17,1
22,One year,No,37.4,0
18,Month-to-month,DSL,41.94,1
58,One year,Fiber optic,79.9,0
4,One year,Fiber optic,75.93,1
31,One year,Fiber optic,92.25,0
57,Month-to-month,Fiber optic,70.08,0
60,Month-to-month,Fiber optic,65.16,0
37,Two year,DSL,38.84,0
16,One year,Fiber optic,57.55,0
24,Month-to-month,Fiber optic,79.7,0
16,One year,DSL,31.78,0
48,Two year,Fiber optic,79.59,0
21,Month-to-month,Fiber optic,67.32,0
46,Two year,DSL,23.84,0
47,Month-to-month,Fiber optic,87.86,0
68,Two year,DSL,4.49,0
27,Month-to-month,Fiber optic,69.02,0
70,Month-to-month,Fiber optic,72.81,0
29,Month-to-month,Fiber optic,42.33,1
49,Two year,DSL,50.3,0
48,Two year,Fiber optic,61.96,0
59,Month-to-month,DSL,42.02,0
34,Month-to-month,Fiber optic,86.12,1
57,Month-to-month,DSL,46.71,0
25,Month-to-month,Fiber optic,65.79,1
35,One year,Fiber optic,67.95,0
36,Month-to-month,DSL,66.31,0
51,Two year,Fiber optic,74.86,0
45,Two year,Fiber optic,59.39,0
5,Month-to-month,DSL,39.14,1
59,Month-to-month,DSL,30.72,0
55,Two year,DSL,39.58,0
7,Two year,Fiber optic,89.29,0
70,One year,Fiber optic,68.0,0
48,Month-to-month,Fiber optic,53.96,1
6,Month-to-month,Fiber optic,75.17,1
35,One year,Fiber optic,65.29,0
61,Month-to-month,Fiber optic,76.74,0
20,One year,Fiber optic,67.09,1
68,One year,DSL,62.34,0
30,Month-to-month,Fiber optic,59.07,0
16,Month-to-month,Fiber optic,56.02,1
26,Month-to-month,Fiber optic,81.25,1
38,Two year,Fiber optic,45.96,0
50,Month-to-month,DSL,42.94,0
67,Month-to-month,Fiber optic,79.61,0
14,Two year,Fiber optic,43.67,0
70,One year,DSL,45.78,0
38,Month-to-month,Fiber optic,52.05,0
9,Two year,Fiber optic,47.86,1
67,Month-to-month,DSL,32.21,0
25,Two year,DSL,42.8,0
45,Two year,No,16.53,0
50,Month-to-month,DSL,58.28,0
0,Month-to-month,DSL,45.99,0
16,Month-to-month,Fiber optic,64.13,0
50,One year,DSL,29.28,0
23,One year,Fiber optic,72.69,0
0,Month-to-month,DSL,69.71,0
1,Two year,No,16.57,0
60,Month-to-month,Fiber optic,62.97,0
11,One year,DSL,32.27,0
7,One year,DSL,59.21,0
41,Month-to-month,Fiber optic,81.12,0
8,Month-to-month,DSL,39.64,0
47,One year,DSL,37.81,0
39,One year,Fiber optic,58.67,0
47,Month-to-month,DSL,41.53,0
35,One year,Fiber optic,82.24,0
56,Month-to-month,Fiber optic,70.5,0
47,Month-to-month,DSL,60.45,0
30,Two year,DSL,36.36,0
1,Month-to-month,DSL,17.25,0
19,One year,DSL,76.26,0
9,One year,DSL,47.57,1
1,Month-to-month,Fiber optic,79.34,1
19,Month-to-month,DSL,35.55,0
15,Month-to-month,DSL,28.65,0
5,Month-to-month,Fiber optic,71.86,1
22,One year,Fiber optic,46.1,0
36,Month-to-month,DSL,41.8,0
13,Two year,No,37.27,0
19,Month-to-month,No,30.38,0
1,Month-to-month,Fiber optic,73.06,1
3,Two year,DSL,65.92,1
11,Month-to-month,Fiber optic,74.5,0
33,One year,DSL,22.15,0
48,One year,DSL,43.21,0
57,Two year,No,48.1,0
45,Month-to-month,No,21.29,0
45,Month-to-month,Fiber optic,92.37,0
68,Two year,No,37.28,1
18,Month-to-month,DSL,40.1,0
58,One year,Fiber optic,57.03,1
68,One year,Fiber optic,74.08,0
41,One year,DSL,60.25,0
61,One year,Fiber optic,51.06,1
10,Two year,Fiber optic,71.44,1
64,Month-to-month,DSL,20.5,0
41,One year,Fiber optic,65.92,0
16,One year,Fiber optic,50.14,0
4,Month-to-month,DSL,51.75,0
52,Two year,Fiber optic,61.73,1
31,Month-to-month,DSL,58.9,0
22,Month-to-month,Fiber optic,63.51,0
28,Two year,DSL,37.42,0
72,Two year,Fiber optic,50.62,0
31,Month-to-month,DSL,49.69,0
5,One year,DSL,50.91,0
20,Month-to-month,DSL,56.28,0
10,Month-to-month,DSL,52.86,0
50,Month-to-month,DSL,49.82,0
58,Two year,Fiber optic,77.15,0
61,Month-to-month,DSL,53.36,0
46,Month-to-month,DSL,55.89,0
56,One year,DSL,26.67,0
30,Month-to-month,Fiber optic,64.46,1
45,Month-to-month,DSL,25.52,0
7,Month-to-month,Fiber optic,73.99,1
39,One year,DSL,64.56,0
40,One year,DSL,55.76,0
2,One year,Fiber optic,62.72,1
40,Month-to-month,DSL,51.06,0
52,Month-to-month,Fiber optic,74.19,1
26,One year,DSL,47.8,0
39,Month-to-month,DSL,29.36,0
20,Month-to-month,Fiber optic,85.78,1
19,Month-to-month,Fiber optic,55.86,0
9,Month-to-month,DSL,40.6,0
23,Month-to-month,DSL,56.51,1
58,Two year,Fiber optic,65.52,1
68,Month-to-month,Fiber optic,70.95,0
46,One year,Fiber optic,71.44,1
45,Month-to-month,DSL,45.79,0
44,One year,Fiber optic,71.38,0
34,One year,DSL,47.57,1
30,Two year,DSL,45.9,1
45,Month-to-month,DSL,34.25,0
57,One year,No,6.4,0
30,Month-to-month,Fiber optic,81.98,1
41,One year,DSL,57.53,0
34,Two year,DSL,49.05,0
20,One year,DSL,48.95,0
21,One year,DSL,34.02,0
5,Two year,Fiber optic,40.74,0
32,Two year,No,22.02,0
52,Month-to-month,Fiber optic,47.23,0
50,Month-to-month,No,27.21,0
71,One year,Fiber optic,85.65,0
2,Two year,DSL,37.61,0
55,Month-to-month,No,18.3,0
58,Month-to-month,DSL,32.93,0
31,Month-to-month,DSL,45.53,0
20,Month-to-month,Fiber optic,69.6,0
26,Month-to-month,Fiber optic,57.77,0
49,Month-to-month,Fiber optic,80.95,0
62,Month-to-month,DSL,77.43,0
46,One year,Fiber optic,84.28,0
37,Month-to-month,Fiber optic,68.67,0
47,Month-to-month,Fiber optic,68.53,1
5,Month-to-month,No,18.84,1
44,Month-to-month,DSL,38.59,0
3,Month-to-month,Fiber optic,81.5,1
70,Month-to-month,No,37.02,0
64,Month-to-month,Fiber optic,55.97,0
37,One year,Fiber optic,74.4,0
27,Month-to-month,Fiber optic,83.33,1
53,Month-to-month,DSL,40.8,0
46,Month-to-month,Fiber optic,67.46,1
51,Month-to-month,Fiber optic,78.35,0
37,Month-to-month,No,33.69,0
17,Month-to-month,DSL,50.15,0
5,Month-to-month,DSL,48.05,0
20,Month-to-month,DSL,49.66,0
38,Two year,DSL,41.67,0
30,Month-to-month,Fiber optic,56.59,0
36,Month-to-month,DSL,26.32,0
20,Month-to-month,Fiber optic,77.15,0
68,Month-to-month,Fiber optic,71.3,0
26,One year,No,30.47,0
61,Month-to-month,Fiber optic,60.05,0
28,Month-to-month,Fiber optic,71.23,1
32,Two year,Fiber optic,70.94,0
44,Month-to-month,DSL,60.35,0
19,Month-to-month,No,35.22,0
16,One year,Fiber optic,61.12,0
27,Two year,Fiber optic,76.05,1
58,Month-to-month,DSL,36.04,0
10,One year,DSL,13.64,0
31,Month-to-month,Fiber optic,90.71,0
49,One year,Fiber optic,65.5,0
51,Month-to-month,DSL,57.47,1
31,One year,Fiber optic,62.06,0
5,Month-to-month,DSL,35.31,1
1,Month-to-month,Fiber optic,63.44,1
34,Month-to-month,DSL,48.03,0
59,One year,DSL,47.11,0
2,One year,DSL,50.97,0
64,Two year,DSL,39.04,0
49,Two year,Fiber optic,70.49,1
0,Month-to-month,Fiber optic,59.88,1
25,One year,DSL,62.63,0
16,Month-to-month,DSL,29.23,0
69,Two year,DSL,35.14,0
40,One year,Fiber optic,64.92,0
23,Month-to-month,DSL,73.67,0
20,Month-to-month,Fiber optic,79.2,0
41,One year,Fiber optic,59.76,0
0,Two year,Fiber optic,79.87,0
18,Two year,No,31.19,0
12,Month-to-month,DSL,48.28,0
45,Month-to-month,DSL,53.35,0
48,Two year,DSL,45.7,0
34,One year,Fiber optic,72.05,0
10,Month-to-month,Fiber optic,51.36,1
27,One year,Fiber optic,87.32,0
61,One year,Fiber optic,64.63,0
14,One year,Fiber optic,55.15,0
11,One year,Fiber optic,63.95,0
8,Two year,DSL,39.43,0
59,Two year,DSL,35.39,0
8,Month-to-month,No,34.33,1
42,Month-to-month,Fiber optic,81.69,0
72,One year,DSL,21.49,0
46,One year,Fiber optic,63.82,0
30,Month-to-month,Fiber optic,64.68,0
15,Two year,DSL,42.93,0
0,Month-to-month,Fiber optic,90.48,1
11,Month-to-month,DSL,35.24,0
69,Two year,DSL,63.75,0
10,Two year,Fiber optic,68.25,0
1,Month-to-month,No,43.86,0
59,Month-to-month,Fiber optic,66.27,1
30,Month-to-month,No,19.86,0
26,Month-to-month,DSL,44.73,0
52,Month-to-month,Fiber optic,85.51,1
38,Month-to-month,Fiber optic,71.9,0
66,Month-to-month,Fiber optic,72.51,0
34,One year,DSL,52.64,0
52,One year,Fiber optic,59.44,1
64,One year,DSL,,0
33,Month-to-month,Fiber optic,62.46,0
20,Month-to-month,No,42.66,1
71,Month-to-month,Fiber optic,75.02,0
16,Two year,DSL,53.31,0
2,Month-to-month,DSL,20.53,0
42,One year,Fiber optic,78.48,0
72,Month-to-month,Fiber optic,67.87,0
6,Two year,DSL,27.75,0
62,Month-to-month,DSL,46.14,0
60,Month-to-month,DSL,26.78,0
67,Two year,Fiber optic,77.33,1
30,Month-to-month,DSL,62.21,0
18,One year,No,3.51,0
37,Month-to-month,DSL,44.64,0
10,Two year,Fiber optic,68.02,0
61,One year,Fiber optic,46.13,0
48,Month-to-month,No,36.0,0
35,Two year,DSL,52.51,1
37,One year,DSL,69.31,0
51,One year,No,30.95,0
38,Month-to-month,Fiber optic,59.45,1
61,Month-to-month,DSL,51.17,0
67,One year,DSL,60.42,0
69,Month-to-month,DSL,39.42,0
45,Two year,DSL,55.23,0
54,Month-to-month,DSL,16.74,0
22,One year,Fiber optic,87.7,0
2,Month-to-month,No,,0
29,One year,DSL,14.47,0
63,Month-to-month,Fiber optic,74.59,0
9,Month-to-month,No,1.16,0
39,Month-to-month,Fiber optic,62.67,0
14,One year,Fiber optic,78.15,0
31,Month-to-month,No,23.37,0
10,One year,DSL,60.08,0
53,Month-to-month,DSL,45.76,0
59,One year,DSL,44.55,0
55,One year,DSL,58.18,0
51,Month-to-month,Fiber optic,65.95,0
17,Month-to-month,DSL,44.7,0
38,Month-to-month,DSL,46.28,0
7,One year,DSL,44.19,1
27,Two year,DSL,58.92,0
36,Month-to-month,Fiber optic,62.0,0
48,One year,Fiber optic,60.04,0
7,One year,DSL,32.26,0
59,One year,DSL,19.3,0
33,Month-to-month,Fiber optic,87.8,0
64,Two year,Fiber optic,59.19,0
38,Month-to-month,Fiber optic,67.14,1
39,Two year,DSL,63.7,0
50,Month-to-month,Fiber optic,68.3,0
59,Two year,DSL,51.17,0
11,Two year,DSL,27.95,0
37,Two year,Fiber optic,86.78,0
2,Month-to-month,DSL,43.54,0
34,Two year,DSL,32.78,0
59,Month-to-month,Fiber optic,57.77,0
63,One year,Fiber optic,90.28,1
20,Month-to-month,Fiber optic,62.97,0
28,One year,DSL,33.04,0
40,Month-to-month,No,19.8,0
28,Month-to-month,DSL,45.54,0
12,Month-to-month,No,26.82,0
22,Month-to-month,DSL,50.33,0
29,Month-to-month,Fiber optic,72.82,0
37,Two year,Fiber optic,77.77,0
67,One year,DSL,41.73,0
39,One year,DSL,69.87,0
28,Two year,DSL,39.14,1
48,Month-to-month,DSL,61.23,0
56,Month-to-month,Fiber optic,62.81,1
31,Month-to-month,Fiber optic,52.87,0
35,Month-to-month,DSL,24.99,0
15,One year,DSL,48.65,0
63,One year,DSL,58.94,0
63,One year,Fiber optic,56.19,0
12,One year,DSL,34.47,0
25,Month-to-month,Fiber optic,74.63,0
19,One year,Fiber optic,69.97,0
67,Month-to-month,DSL,37.97,0
4,Two year,No,9.65,0
15,Month-to-month,No,28.71,0
22,Month-to-month,Fiber optic,77.84,0
40,Month-to-month,Fiber optic,75.9,0
18,Month-to-month,DSL,45.32,0
39,Month-to-month,DSL,32.33,0
54,Month-to-month,DSL,48.77,0
60,One year,Fiber optic,72.88,0
7,Two year,DSL,29.24,1
10,Month-to-month,Fiber optic,66.37,1
6,Month-to-month,Fiber optic,74.4,0
66,Two year,DSL,44.06,0
47,Month-to-month,Fiber optic,46.47,0
38,Two year,DSL,37.32,0
57,Month-to-month,DSL,36.52,0
42,Month-to-month,Fiber optic,76.71,1
17,Month-to-month,Fiber optic,101.18,1
37,Month-to-month,No,26.61,1
51,One year,DSL,30.62,0
2,Two year,DSL,43.07,0
44,Month-to-month,Fiber optic,70.13,1
36,Two year,DSL,54.08,0
5,Month-to-month,No,39.91,1
19,Month-to-month,Fiber optic,86.69,1
32,Two year,Fiber optic,76.45,0
25,Two year,No,24.99,1
21,Month-to-month,Fiber optic,87.8,1
47,Month-to-month,Fiber optic,65.83,0
29,Month-to-month,No,25.65,1
36,Month-to-month,Fiber optic,67.08,1
58,One year,DSL,19.42,0
6,Month-to-month,DSL,60.26,1
26,One year,DSL,53.11,0
5,Month-to-month,Fiber optic,41.56,0
67,Month-to-month,Fiber optic,82.02,0
13,Month-to-month,DSL,41.36,0
59,Month-to-month,DSL,56.86,0
13,One year,Fiber optic,70.91,0
23,Two year,Fiber optic,53.71,0
44,Two year,DSL,45.32,0
60,One year,Fiber optic,59.22,0
12,Month-to-month,DSL,30.33,0
15,Two year,No,35.4,0
64,Two year,Fiber optic,74.7,0
23,Two year,No,42.97,0
15,Month-to-month,DSL,40.27,1
54,Month-to-month,DSL,33.45,0
6,One year,No,32.67,1
63,Month-to-month,Fiber optic,60.0,0
63,Month-to-month,No,21.28,0
62,Month-to-month,Fiber optic,76.3,0
21,One year,Fiber optic,68.49,0
8,Month-to-month,DSL,39.14,0
31,One year,Fiber optic,53.17,0
24,One year,DSL,56.24,0
70,Month-to-month,Fiber optic,65.58,0
46,Month-to-month,Fiber optic,77.42,0
68,Two year,DSL,50.83,0
54,Month-to-month,Fiber optic,83.1,0
52,Month-to-month,Fiber optic,67.17,1
8,Month-to-month,Fiber optic,65.83,1
5,Month-to-month,No,11.7,0
3,One year,DSL,38.49,0
43,Month-to-month,DSL,49.09,1
14,Two year,DSL,35.2,0
72,Month-to-month,DSL,48.79,0
9,Two year,Fiber optic,87.61,0
69,One year,Fiber optic,64.66,0
48,Month-to-month,DSL,29.23,0
7,One year,Fiber optic,65.04,0
4,Month-to-month,DSL,27.93,0
28,Two year,Fiber optic,86.01,0
24,One year,DSL,46.02,0
23,Month-to-month,Fiber optic,61.26,0
38,Month-to-month,DSL,38.28,0
9,Two year,No,10.81,0
9,One year,Fiber optic,82.13,0
50,Month-to-month,Fiber optic,92.05,0
72,Month-to-month,DSL,27.07,0
19,Month-to-month,Fiber optic,82.52,0
68,One year,Fiber optic,67.05,0
25,One year,DSL,60.21,0
24,Two year,Fiber optic,47.99,0
6,One year,Fiber optic,72.7,0
30,One year,Fiber optic,65.11,0
36,Month-to-month,Fiber optic,77.91,0
48,One year,No,25.73,0
11,Month-to-month,Fiber optic,70.27,1
13,Two year,Fiber optic,68.73,0
31,Month-to-month,DSL,63.75,0
5,One year,DSL,42.9,0
10,Two year,Fiber optic,80.37,0
45,One year,DSL,52.54,0
69,Month-to-month,DSL,55.67,0
41,One year,Fiber optic,57.82,0
10,Month-to-month,Fiber optic,78.49,0
72,Month-to-month,DSL,49.04,0
38,One year,Fiber optic,55.73,0
52,Two year,Fiber optic,67.45,0
14,Month-to-month,DSL,72.53,0
42,Two year,Fiber optic,65.3,0
5,Month-to-month,Fiber optic,65.59,0
45,Two year,Fiber optic,75.41,0
14,One year,DSL,38.51,0
66,Two year,DSL,46.69,0
3,Two year,Fiber optic,64.61,0
47,Two year,Fiber optic,74.83,0
10,One year,No,24.26,0
50,Month-to-month,DSL,68.42,0
36,Month-to-month,DSL,45.55,0
70,One year,Fiber optic,67.33,0
47,Month-to-month,Fiber optic,82.35,1
27,Two year,Fiber optic,53.31,0
6,Month-to-month,DSL,65.3,1
43,Two year,No,13.14,0
32,Month-to-month,Fiber optic,84.31,1
3,Two year,DSL,62.48,0
42,Two year,DSL,38.69,0
15,Month-to-month,DSL,39.84,1
17,One year,Fiber optic,68.69,0
0,Month-to-month,Fiber optic,77.46,1
27,Two year,No,13.02,0
15,Two year,Fiber optic,68.69,0
5,Month-to-month,Fiber optic,66.24,1
31,Month-to-month,Fiber optic,56.18,1
16,Month-to-month,DSL,32.46,0
9,Month-to-month,Fiber optic,71.54,1
34,Two year,DSL,46.33,0
4,Month-to-month,No,15.83,0
72,Two year,DSL,45.95,0
34,Two year,No,17.24,0
72,Two year,No,40.69,0
64,One year,DSL,43.76,0
71,Month-to-month,DSL,58.17,0
39,Two year,DSL,24.69,0
30,One year,DSL,48.87,0
52,Two year,Fiber optic,77.15,0
5,Month-to-month,No,23.35,0
61,Month-to-month,DSL,38.53,0
23,Two year,No,23.15,0
0,Two year,Fiber optic,78.91,0
17,Month-to-month,Fiber optic,55.47,1
17,One year,DSL,53.41,0
1,Month-to-month,DSL,48.82,1
48,One year,Fiber optic,66.87,0
6,Month-to-month,DSL,42.38,0
61,Month-to-month,DSL,45.74,0
33,Month-to-month,Fiber optic,89.9,1
52,Month-to-month,DSL,49.18,0
24,Month-to-month,Fiber optic,58.69,1
9,Month-to-month,DSL,39.78,0
13,Month-to-month,Fiber optic,56.27,1
47,One year,Fiber optic,47.32,1
52,One year,No,11.05,0
19,One year,Fiber optic,71.44,0
26,Month-to-month,DSL,60.29,0
68,Month-to-month,DSL,56.95,0
62,Two year,Fiber optic,56.14,0
30,Two year,No,15.43,0
17,Two year,Fiber optic,58.74,0
21,Two year,DSL,14.02,0
39,One year,DSL,42.99,0
41,Two year,DSL,54.64,0
13,Month-to-month,Fiber optic,66.97,0
4,One year,DSL,29.79,0
36,Two year,No,14.86,0
58,One year,Fiber optic,66.05,0
11,Month-to-month,DSL,54.24,1
29,Month-to-month,Fiber optic,67.81,1
11,Month-to-month,Fiber optic,77.62,0
17,Month-to-month,Fiber optic,69.02,1
44,Two year,Fiber optic,72.84,0
20,One year,DSL,33.72,0
19,Month-to-month,Fiber optic,61.77,0
72,One year,Fiber optic,,0
12,Month-to-month,Fiber optic,77.22,0
13,One year,Fiber optic,66.51,0
67,Month-to-month,DSL,1.83,0
40,Month-to-month,DSL,50.77,0
3,One year,Fiber optic,81.69,0
31,One year,Fiber optic,60.26,0
41,One year,Fiber optic,75.76,1
18,Month-to-month,DSL,42.48,0
40,One year,Fiber optic,44.59,0
47,Month-to-month,DSL,68.44,0
18,Month-to-month,DSL,42.56,0
59,One year,Fiber optic,72.42,0
33,One year,Fiber optic,62.5,0
70,Two year,Fiber optic,66.45,0
6,Month-to-month,Fiber optic,71.94,1
23,Two year,Fiber optic,57.49,0
52,Month-to-month,No,45.33,0
65,One year,Fiber optic,80.06,0
16,Two year,Fiber optic,76.2,0
71,One year,DSL,43.3,0
14,Two year,No,15.87,0
30,Two year,Fiber optic,82.36,0
22,Month-to-month,DSL,52.33,1
30,Two year,Fiber optic,65.21,0
65,Two year,DSL,31.99,0
53,Month-to-month,DSL,26.09,0
58,Month-to-month,Fiber optic,70.34,0
18,Month-to-month,Fiber optic,67.01,1
69,Two year,Fiber optic,84.23,0
31,Two year,DSL,56.91,0
47,Two year,Fiber optic,70.47,0
50,Month-to-month,DSL,44.03,0
48,Month-to-month,Fiber optic,56.17,0
43,Month-to-month,DSL,57.73,0
35,Month-to-month,Fiber optic,,0
47,Month-to-month,No,32.26,0
66,Month-to-month,Fiber optic,84.12,1
28,Month-to-month,Fiber optic,63.21,1
37,Month-to-month,Fiber optic,60.07,0
13,One year,DSL,74.62,0
25,Month-to-month,Fiber optic,77.13,0
56,Month-to-month,Fiber optic,66.66,0
46,One year,Fiber optic,84.88,0
15,Two year,Fiber optic,66.3,1
39,One year,DSL,48.91,0
59,One year,Fiber optic,63.18,0
9,One year,DSL,44.8,0
4,One year,DSL,41.71,0
28,One year,DSL,35.98,0
47,Month-to-month,Fiber optic,72.91,1
22,One year,DSL,37.34,0
59,Month-to-month,DSL,51.91,0
61,Month-to-month,Fiber optic,66.35,0
38,Month-to-month,Fiber optic,49.36,0
27,Month-to-month,Fiber optic,77.45,1
3,Month-to-month,Fiber optic,77.65,1
59,One year,Fiber optic,97.04,0
65,Month-to-month,Fiber optic,70.21,0
32,Month-to-month,DSL,47.2,0
37,Month-to-month,Fiber optic,75.74,0
55,Month-to-month,Fiber optic,82.24,0
50,One year,No,36.49,0
9,Month-to-month,Fiber optic,73.83,0
49,Month-to-month,Fiber optic,69.6,0
67,Month-to-month,Fiber optic,80.11,1
54,Month-to-month,Fiber optic,69.1,1
35,Month-to-month,DSL,29.53,0
38,Month-to-month,Fiber optic,51.99,1
18,One year,DSL,41.48,0
48,Two year,DSL,46.44,0
17,One year,Fiber optic,99.66,0
24,Month-to-month,DSL,43.56,0
19,Month-to-month,DSL,45.56,0
24,One year,DSL,40.15,0
26,Month-to-month,Fiber optic,77.43,0
6,Two year,DSL,48.36,0
52,Month-to-month,Fiber optic,62.34,0
32,Month-to-month,Fiber optic,57.86,0
69,Month-to-month,DSL,40.17,0
13,Two year,Fiber optic,59.88,0
48,Two year,Fiber optic,67.23,0
13,Two year,Fiber optic,71.7,1
39,Month-to-month,DSL,38.99,0
35,One year,Fiber optic,87.45,0
32,Month-to-month,Fiber optic,83.91,0
47,Month-to-month,DSL,42.25,0
60,One year,Fiber optic,58.43,0
23,Two year,Fiber optic,69.64,0
62,Month-to-month,DSL,43.4,0
13,Month-to-month,No,24.25,0
21,Month-to-month,DSL,40.22,0
22,Month-to-month,Fiber optic,57.41,1
69,Month-to-month,Fiber optic,70.42,0
8,Two year,DSL,40.79,0
28,Month-to-month,Fiber optic,66.86,0
30,One year,DSL,46.13,0
58,Month-to-month,Fiber optic,69.17,0
35,Month-to-month,DSL,45.87,0
70,Month-to-month,Fiber optic,65.23,0
54,Month-to-month,No,29.32,0
51,Month-to-month,Fiber optic,61.39,1
54,One year,DSL,31.94,0
11,Two year,Fiber optic,59.32,0
32,Month-to-month,DSL,36.88,0
42,One year,Fiber optic,54.55,0
15,Two year,Fiber optic,49.69,1
8,Month-to-month,Fiber optic,76.04,0
9,Two year,Fiber optic,85.29,0
57,Two year,No,31.69,0
47,Two year,DSL,39.2,0
20,One year,DSL,24.4,0
53,One year,Fiber optic,72.3,1
50,Month-to-month,Fiber optic,50.71,1
59,One year,Fiber optic,68.96,0
66,Two year,Fiber optic,60.41,0
64,Month-to-month,DSL,17.63,0
13,One year,DSL,62.77,0
56,Month-to-month,Fiber optic,54.93,0
28,Month-to-month,Fiber optic,65.73,1
29,One year,Fiber optic,68.45,1
47,One year,Fiber optic,64.35,0
43,One year,Fiber optic,75.57,0
30,Two year,Fiber optic,61.11,0
72,Month-to-month,Fiber optic,74.58,0
12,Two year,Fiber optic,73.82,1
7,One year,DSL,28.47,0
2,Two year,No,27.83,0
59,Month-to-month,Fiber optic,57.35,1
29,Month-to-month,Fiber optic,56.01,0
31,Two year,Fiber optic,73.49,0
47,Month-to-month,DSL,40.1,0
31,Month-to-month,DSL,49.48,1
41,One year,DSL,49.58,0
4,One year,DSL,27.86,0
11,Two year,No,33.89,0
68,One year,Fiber optic,73.42,0
32,Two year,Fiber optic,62.96,0
12,Month-to-month,Fiber optic,68.37,0
26,One year,DSL,54.23,0
24,Two year,Fiber optic,66.16,0
20,One year,DSL,70.38,0
21,Month-to-month,DSL,62.89,0
53,Month-to-month,No,26.4,0
7,One year,No,22.26,0
22,One year,DSL,42.78,0
34,Month-to-month,DSL,37.79,0
39,One year,DSL,46.5,0
64,Two year,Fiber optic,78.25,0
67,Month-to-month,DSL,28.81,0
21,One year,No,32.71,0
39,One year,DSL,56.2,0
1,Month-to-month,DSL,51.87,0
45,Month-to-month,Fiber optic,68.44,0
11,Month-to-month,DSL,51.37,0
5,Two year,Fiber optic,85.59,0
49,Month-to-month,DSL,44.3,0
13,Month-to-month,DSL,45.28,1
34,Month-to-month,DSL,70.59,0
7,Two year,Fiber optic,73.69,0
54,One year,DSL,32.91,0
55,Month-to-month,Fiber optic,80.48,0
41,Two year,Fiber optic,74.82,1
61,Month-to-month,Fiber optic,62.13,1
31,Month-to-month,DSL,31.75,1
13,Month-to-month,Fiber optic,72.86,1
11,One year,Fiber optic,69.28,1
16,Two year,DSL,30.07,0
14,Month-to-month,Fiber optic,68.94,1
23,One year,DSL,43.18,0
15,One year,DSL,44.25,0
43,Two year,Fiber optic,75.9,0
10,Two year,DSL,23.86,0
45,One year,Fiber optic,56.65,0
24,Month-to-month,No,19.16,0
50,Month-to-month,Fiber optic,85.91,0
37,Two year,DSL,73.41,0
66,One year,DSL,45.06,0
32,Month-to-month,DSL,45.55,0
21,Two year,Fiber optic,40.68,0
43,Two year,DSL,55.85,0
48,One year,Fiber optic,75.4,0
32,Two year,DSL,48.4,0
40,Month-to-month,Fiber optic,55.05,0
34,One year,Fiber optic,93.76,0
22,Two year,DSL,63.25,0
22,Month-to-month,Fiber optic,73.53,1
66,Month-to-month,DSL,56.9,0
49,One year,DSL,45.61,0
6,Month-to-month,Fiber optic,79.85,1
70,Month-to-month,DSL,29.31,0
51,Month-to-month,Fiber optic,42.72,0
3,Month-to-month,DSL,29.77,1
53,Month-to-month,Fiber optic,60.32,0
43,Two year,Fiber optic,62.28,0
66,One year,DSL,50.38,0
35,One year,No,21.91,0
37,Month-to-month,No,24.66,0
22,Month-to-month,DSL,30.78,0
23,Month-to-month,Fiber optic,54.75,1
45,Two year,Fiber optic,70.49,0
60,Two year,Fiber optic,63.49,0
65,Month-to-month,DSL,45.05,0
56,Two year,Fiber optic,76.53,0
44,Month-to-month,No,44.67,0
36,Month-to-month,Fiber optic,69.75,0
24,One year,Fiber optic,91.76,1
56,Month-to-month,DSL,49.88,0
23,Two year,Fiber optic,78.27,0
19,Month-to-month,Fiber optic,82.64,1
63,One year,DSL,53.64,0
43,Month-to-month,No,15.38,0
25,Month-to-month,Fiber optic,83.0,0
63,Month-to-month,Fiber optic,65.51,0
70,Two year,Fiber optic,73.62,0
23,One year,DSL,46.59,0
38,One year,Fiber optic,83.73,0
35,Month-to-month,DSL,49.72,1
51,Month-to-month,Fiber optic,53.37,1
69,Month-to-month,No,50.1,0
40,Two year,DSL,55.02,0
58,Month-to-month,DSL,38.39,0
43,Month-to-month,DSL,31.35,0
64,One year,Fiber optic,81.39,0
29,One year,Fiber optic,57.77,0
28,Month-to-month,DSL,54.61,0
30,Month-to-month,Fiber optic,82.83,1
72,Month-to-month,Fiber optic,62.2,0
44,One year,Fiber optic,61.13,0
11,Month-to-month,Fiber optic,64.36,0
2,One year,Fiber optic,58.13,1
37,Month-to-month,DSL,47.75,1
58,Two year,DSL,49.47,0
34,Two year,Fiber optic,78.73,0
40,Month-to-month,DSL,35.0,0
58,Month-to-month,Fiber optic,80.08,0
37,Month-to-month,No,13.15,0
66,Two year,DSL,55.07,0
46,Month-to-month,Fiber optic,52.16,0
53,One year,DSL,63.81,0
57,Month-to-month,Fiber optic,63.74,1
45,Month-to-month,Fiber optic,77.19,0
3,One year,Fiber optic,78.14,0
31,One year,No,9.77,0
10,Two year,DSL,55.02,0
37,Two year,DSL,38.39,0
10,One year,DSL,41.33,0
37,Month-to-month,Fiber optic,61.96,0
25,Two year,DSL,64.37,0
1,Two year,Fiber optic,55.96,0
9,Two year,Fiber optic,75.16,0
36,Two year,No,17.52,0
5,Month-to-month,DSL,58.09,0
62,One year,No,52.86,0
55,One year,DSL,37.44,0
51,Month-to-month,Fiber optic,71.68,0
12,One year,DSL,40.38,1
58,Month-to-month,Fiber optic,82.46,0
46,Month-to-month,DSL,42.02,0
28,Month-to-month,Fiber optic,80.87,1
0,One year,DSL,40.23,0
38,One year,DSL,71.92,0
58,Month-to-month,Fiber optic,43.7,0
2,Month-to-month,Fiber optic,74.52,0
3,One year,Fiber optic,69.87,0
27,Month-to-month,Fiber optic,69.44,0
37,Month-to-month,DSL,48.42,1
34,Month-to-month,Fiber optic,70.7,1
31,Two year,Fiber optic,72.63,0
18,Month-to-month,Fiber optic,74.9,1
4,One year,Fiber optic,90.99,1
2,Two year,Fiber optic,36.81,0
7,Month-to-month,DSL,67.16,0
50,Two year,DSL,75.72,0
57,Month-to-month,No,3.99,0
31,Month-to-month,Fiber optic,70.57,0
5,Month-to-month,Fiber optic,86.46,1
30,One year,Fiber optic,81.02,0
71,Two year,DSL,65.11,0
18,One year,Fiber optic,74.46,0
35,One year,Fiber optic,45.61,0
39,Month-to-month,DSL,60.66,0
24,Two year,Fiber optic,77.63,0
31,Month-to-month,DSL,62.6,0
34,Month-to-month,DSL,26.59,0
34,Two year,DSL,30.41,0
52,Month-to-month,Fiber optic,70.2,0
42,Month-to-month,DSL,61.0,0
3,Month-to-month,Fiber optic,89.34,1
0,Month-to-month,Fiber optic,61.29,0
29,Two year,Fiber optic,65.12,0
66,Month-to-month,Fiber optic,104.46,0
2,Two year,Fiber optic,63.37,0
5,Month-to-month,DSL,53.1,1
49,One year,DSL,39.58,0
32,One year,Fiber optic,75.7,0
16,One year,Fiber optic,59.6,0
15,Month-to-month,Fiber optic,59.95,1
48,One year,No,20.55,0
38,One year,Fiber optic,63.46,0
46,Two year,Fiber optic,66.35,0
20,Month-to-month,Fiber optic,76.31,1
38,Month-to-month,DSL,67.68,1
62,One year,Fiber optic,62.91,0
23,Month-to-month,Fiber optic,58.14,0
28,Month-to-month,Fiber optic,70.11,0
11,Two year,DSL,34.78,0
46,Month-to-month,Fiber optic,50.38,0
2,Month-to-month,No,37.77,0
18,One year,DSL,45.97,0
52,Month-to-month,DSL,47.14,0
1,Month-to-month,No,1.87,1
72,Month-to-month,DSL,37.98,0
29,Month-to-month,Fiber optic,53.01,0
29,Month-to-month,DSL,44.75,0
39,Two year,DSL,46.61,0
46,Month-to-month,DSL,46.6,0
33,Month-to-month,DSL,37.0,0
64,One year,DSL,34.76,0
70,Month-to-month,No,22.68,0
14,Month-to-month,Fiber optic,74.28,1
51,Month-to-month,DSL,38.05,0
21,Month-to-month,DSL,33.75,0
72,Month-to-month,DSL,34.26,0
18,Month-to-month,Fiber optic,62.1,0
21,Two year,Fiber optic,64.57,0
52,Two year,Fiber optic,56.82,0
57,Two year,Fiber optic,64.65,0
9,Month-to-month,Fiber optic,84.83,0
40,One year,Fiber optic,66.47,0
25,One year,Fiber optic,55.13,1
44,Month-to-month,DSL,17.9,0
40,Two year,Fiber optic,92.04,0
71,One year,Fiber optic,83.67,0
68,Month-to-month,DSL,48.42,0
47,Two year,Fiber optic,83.95,0
49,Month-to-month,DSL,51.33,0
65,Month-to-month,DSL,44.09,0
13,Month-to-month,Fiber optic,55.12,0
52,Month-to-month,Fiber optic,92.9,0
56,Two year,Fiber optic,64.76,0
9,One year,Fiber optic,65.41,0
64,Month-to-month,DSL,45.45,0
51,One year,Fiber optic,70.66,0
25,Two year,Fiber optic,76.9,0
35,Two year,DSL,50.52,0
35,Two year,Fiber optic,63.08,0
67,Two year,Fiber optic,70.31,0
70,One year,DSL,51.52,0
58,Month-to-month,Fiber optic,62.06,0
47,Two year,DSL,62.36,0
7,Month-to-month,No,24.76,0
66,Month-to-month,DSL,64.18,0
9,Month-to-month,Fiber optic,53.29,1
12,Month-to-month,Fiber optic,77.86,1
5,One year,DSL,34.32,0
69,Two year,DSL,37.39,0
36,Month-to-month,No,35.86,0
17,One year,DSL,42.26,0
5,Month-to-month,Fiber optic,101.17,0
30,One year,Fiber optic,76.22,0
52,Month-to-month,No,16.65,0
72,Month-to-month,DSL,51.24,0
40,One year,DSL,42.15,0
44,Month-to-month,DSL,54.98,0
61,Month-to-month,No,21.45,0
65,Month-to-month,DSL,49.88,0
20,Month-to-month,No,27.38,0
72,One year,DSL,45.94,0
37,Month-to-month,DSL,57.5,1
67,Month-to-month,No,3.36,0
8,Two year,DSL,46.17,1
7,One year,DSL,36.59,0
64,Month-to-month,DSL,28.82,0
49,One year,DSL,34.95,0
12,Month-to-month,DSL,37.56,0
65,Month-to-month,DSL,42.18,0
7,One year,Fiber optic,74.05,1
49,Month-to-month,DSL,51.51,1
14,Month-to-month,DSL,40.09,0
5,Two year,DSL,64.02,1
58,One year,Fiber optic,65.54,0
61,Two year,DSL,21.64,0
7,Two year,DSL,40.86,0
6,Month-to-month,Fiber optic,70.57,1
44,One year,DSL,5.72,0
2,Month-to-month,DSL,59.49,0
54,One year,DSL,43.81,0
66,Month-to-month,Fiber optic,56.17,0
54,Month-to-month,Fiber optic,58.48,0
16,Month-to-month,DSL,54.14,0
13,One year,No,35.61,0
49,Month-to-month,Fiber optic,62.21,1
4,One year,No,8.74,0
39,Two year,Fiber optic,71.57,1
32,One year,Fiber optic,73.77,0
54,Month-to-month,DSL,51.78,0
14,Month-to-month,Fiber optic,63.24,0
55,Two year,Fiber optic,68.53,1
51,One year,No,25.24,0
17,Month-to-month,DSL,56.6,1
26,Two year,Fiber optic,85.95,0
4,Month-to-month,DSL,64.21,1
32,Month-to-month,DSL,60.63,0
19,Month-to-month,DSL,,0
8,Month-to-month,Fiber optic,82.16,1
40,Month-to-month,Fiber optic,62.93,0
41,One year,DSL,63.4,0
6,Month-to-month,DSL,28.48,0
13,One year,No,53.37,0
6,Two year,Fiber optic,58.3,0
49,Two year,DSL,55.65,0
24,Month-to-month,No,42.33,0
5,One year,Fiber optic,75.51,0
13,Month-to-month,Fiber optic,45.4,0
71,One year,DSL,33.62,0
18,Month-to-month,No,29.28,1
49,One year,Fiber optic,77.63,1
34,Month-to-month,Fiber optic,67.85,0
13,One year,DSL,45.89,0
22,Month-to-month,DSL,27.37,1
1,Month-to-month,Fiber optic,91.29,1
54,One year,Fiber optic,65.46,0
24,Month-to-month,Fiber optic,79.47,1
36,One year,No,41.84,0
11,One year,DSL,31.14,1
60,One year,Fiber optic,71.54,0
15,One year,DSL,,0
41,One year,DSL,41.9,0
63,Two year,No,36.13,0
52,Month-to-month,Fiber optic,61.99,0
44,One year,Fiber optic,70.66,0
64,One year,Fiber optic,65.55,0
12,Month-to-month,Fiber optic,97.91,1
70,Month-to-month,DSL,37.05,0
40,Month-to-month,DSL,53.94,1
29,One year,Fiber optic,91.56,0
18,Month-to-month,DSL,33.98,0
54,One year,DSL,46.14,0
71,One year,DSL,33.16,0
50,One year,Fiber optic,45.84,0
2,Month-to-month,No,15.58,0
34,One year,DSL,38.16,0
53,One year,DSL,38.87,0
29,Month-to-month,DSL,41.4,0
56,Month-to-month,DSL,45.07,1
51,Month-to-month,Fiber optic,55.64,0
4,Two year,DSL,49.22,0
40,Month-to-month,Fiber optic,84.56,1
12,Month-to-month,No,40.97,0
35,Month-to-month,Fiber optic,66.88,1
28,Month-to-month,Fiber optic,80.73,1
58,Month-to-month,DSL,36.83,0
63,One year,DSL,40.88,0
33,Month-to-month,DSL,49.78,0
39,Two year,DSL,40.98,0
45,Month-to-month,DSL,29.83,0
47,Month-to-month,No,35.0,0
46,One year,Fiber optic,60.06,0
57,One year,DSL,38.76,0
71,Two year,DSL,57.7,0
60,Month-to-month,Fiber optic,76.45,0
9,Month-to-month,Fiber optic,72.11,0
34,One year,Fiber optic,52.37,0
33,Month-to-month,DSL,31.04,0
37,Two year,DSL,49.77,0
38,Month-to-month,Fiber optic,77.56,1
52,Month-to-month,Fiber optic,73.04,1
30,One year,Fiber optic,64.32,1
19,One year,DSL,38.92,0
33,Two year,Fiber optic,72.59,0
62,Two year,DSL,29.98,0
22,Month-to-month,No,26.1,0
1,One year,DSL,28.33,0
71,Two year,DSL,32.37,0
14,Month-to-month,No,27.14,1
44,Month-to-month,DSL,52.0,0
58,Two year,DSL,49.1,0
20,Month-to-month,DSL,31.63,0
24,Two year,DSL,22.55,0
20,Month-to-month,Fiber optic,69.9,0
10,Two year,Fiber optic,47.21,0
11,One year,DSL,,0
13,One year,DSL,32.02,0
33,One year,DSL,71.81,0
38,Month-to-month,Fiber optic,58.46,0
1,One year,DSL,50.56,0
61,Two year,DSL,36.16,0
49,Two year,DSL,42.98,1
5,Two year,DSL,47.21,0
61,One year,Fiber optic,80.32,0
2,One year,Fiber optic,82.23,0
40,One year,No,33.73,0
33,One year,Fiber optic,82.45,0
36,One year,DSL,37.61,0
69,Month-to-month,Fiber optic,77.79,1
67,Month-to-month,No,20.91,0
20,One year,Fiber optic,81.83,1
42,Month-to-month,DSL,46.39,0
70,Month-to-month,DSL,52.44,0
53,Month-to-month,DSL,48.5,0
64,Two year,DSL,54.12,0
31,Two year,Fiber optic,60.31,0
20,One year,Fiber optic,51.14,0
37,Two year,Fiber optic,81.87,0
59,Two year,DSL,61.14,0
67,Month-to-month,DSL,43.61,0
50,Month-to-month,Fiber optic,79.73,0
51,Month-to-month,DSL,25.45,0
37,Month-to-month,Fiber optic,62.54,0
23,One year,Fiber optic,70.98,1
30,Month-to-month,Fiber optic,49.18,0
36,Two year,DSL,26.65,0
59,One year,Fiber optic,71.9,1
40,Month-to-month,No,17.73,0
57,Two year,DSL,40.84,0
1,Two year,DSL,40.12,1
55,One year,Fiber optic,54.6,0
37,One year,DSL,42.39,0
72,Two year,DSL,44.84,0
34,One year,DSL,38.01,0
34,Two year,Fiber optic,63.98,0
9,Month-to-month,Fiber optic,67.55,1
58,One year,Fiber optic,79.84,0
51,Month-to-month,Fiber optic,68.87,0
62,Month-to-month,DSL,21.88,0
6,Month-to-month,Fiber optic,55.67,1
15,Month-to-month,DSL,56.18,0
64,Month-to-month,Fiber optic,61.77,1
3,Month-to-month,DSL,43.94,0
37,Month-to-month,No,48.1,0
29,Two year,Fiber optic,77.58,0
68,One year,Fiber optic,44.22,0
62,One year,DSL,62.34,0
65,Month-to-month,DSL,46.8,0
21,Two year,DSL,49.43,1
42,Month-to-month,DSL,48.65,0
51,Month-to-month,DSL,55.96,0
70,Month-to-month,No,24.04,0
0,Two year,Fiber optic,52.22,0
71,Two year,Fiber optic,73.88,0
25,One year,Fiber optic,53.42,1
9,One year,DSL,66.8,0
44,Month-to-month,Fiber optic,65.65,0
57,One year,Fiber optic,69.38,0
9,Month-to-month,No,16.89,0
2,Month-to-month,Fiber optic,74.07,0
65,Two year,Fiber optic,75.45,0
68,Two year,Fiber optic,61.86,0
11,Month-to-month,Fiber optic,75.44,0
65,Month-to-month,Fiber optic,70.81,1
66,Month-to-month,Fiber optic,68.85,0
72,Month-to-month,Fiber optic,60.98,0
15,Month-to-month,DSL,72.77,0
42,One year,Fiber optic,84.19,0
72,Month-to-month,DSL,53.74,0
65,Month-to-month,DSL,58.52,0
44,Month-to-month,DSL,48.6,0
14,One year,No,20.81,0
6,Month-to-month,DSL,13.28,0
18,Month-to-month,Fiber optic,55.37,0
4,One year,Fiber optic,95.98,0
14,One year,Fiber optic,83.92,0
5,Month-to-month,DSL,47.43,0
55,One year,DSL,26.07,0
43,Month-to-month,Fiber optic,77.62,0
37,One year,Fiber optic,66.66,0
59,Month-to-month,DSL,53.38,0
29,Two year,DSL,31.66,0
29,Two year,Fiber optic,64.12,1
15,One year,DSL,55.62,0
32,Two year,DSL,68.13,0
12,Month-to-month,Fiber optic,62.1,1
43,One year,Fiber optic,58.0,0
72,Month-to-month,DSL,57.27,0
38,Month-to-month,Fiber optic,54.88,0
21,Month-to-month,No,10.74,1
50,One year,DSL,48.19,0
59,One year,DSL,70.03,0
34,Two year,DSL,34.81,0
18,One year,No,20.56,0
52,Two year,Fiber optic,71.34,0
13,Two year,Fiber optic,64.33,0
72,Two year,DSL,23.8,0
23,Month-to-month,Fiber optic,79.62,1
25,Month-to-month,DSL,47.24,0
53,One year,DSL,49.4,0
0,Two year,Fiber optic,68.3,0
14,Month-to-month,Fiber optic,88.16,1
9,Month-to-month,DSL,38.95,1
28,Month-to-month,Fiber optic,57.08,0
40,Month-to-month,Fiber optic,89.96,1
13,Two year,Fiber optic,43.62,0
25,Month-to-month,Fiber optic,68.15,0
56,Month-to-month,DSL,44.09,0
68,One year,No,23.63,0
1,Month-to-month,DSL,26.39,1
45,Month-to-month,DSL,30.78,0
1,One year,Fiber optic,81.5,1
37,Month-to-month,No,41.62,0
64,Two year,DSL,39.99,0
58,One year,DSL,33.83,0
16,Two year,Fiber optic,48.58,0
18,Month-to-month,Fiber optic,81.29,0
57,One year,Fiber optic,82.0,0
59,One year,Fiber optic,36.27,1
20,One year,Fiber optic,40.91,0
0,Month-to-month,DSL,46.64,0
32,Month-to-month,Fiber optic,73.19,0
45,Month-to-month,Fiber optic,64.27,1
32,Two year,DSL,44.6,0
68,Two year,No,22.03,0
59,Month-to-month,Fiber optic,70.32,0
57,One year,Fiber optic,59.19,0
1,One year,DSL,44.85,0
62,One year,No,16.91,0
55,Month-to-month,DSL,35.91,0
28,Two year,Fiber optic,47.6,0
43,One year,DSL,42.89,0
60,One year,DSL,54.64,0
66,One year,Fiber optic,66.09,0
40,One year,Fiber optic,65.76,0
3,Month-to-month,DSL,60.07,1
45,Two year,DSL,57.3,1
49,Month-to-month,Fiber optic,90.81,1
4,Two year,DSL,72.09,0
59,Two year,DSL,45.71,0
14,One year,Fiber optic,56.11,0
65,One year,Fiber optic,63.75,0
40,Month-to-month,Fiber optic,76.88,1
23,Month-to-month,No,42.28,1
4,One year,Fiber optic,57.41,0
1,Month-to-month,DSL,48.06,0
54,Month-to-month,DSL,35.49,0
27,Two year,DSL,43.24,0
61,Month-to-month,No,23.06,0
16,Month-to-month,No,29.57,0
67,Month-to-month,DSL,69.39,0
68,One year,Fiber optic,75.7,0
7,Month-to-month,Fiber optic,64.84,0
47,One year,Fiber optic,62.86,0
68,Month-to-month,DSL,42.71,0
23,Month-to-month,Fiber optic,59.54,1
4,Month-to-month,Fiber optic,71.68,1
63,Month-to-month,Fiber optic,41.07,0
34,Two year,DSL,42.47,1
1,Month-to-month,Fiber optic,68.42,0
61,Month-to-month,Fiber optic,56.07,0
49,Month-to-month,DSL,40.41,0
5,Month-to-month,DSL,58.44,0
18,Month-to-month,DSL,59.3,1
1,Month-to-month,DSL,38.6,0
69,Two year,DSL,51.28,0
1,Month-to-month,Fiber optic,52.02,1
58,One year,Fiber optic,66.45,0
37,One year,DSL,47.77,0
42,Month-to-month,Fiber optic,88.32,0
59,One year,DSL,59.31,0
65,Two year,No,27.51,0
9,One year,Fiber optic,59.06,0
1,Two year,DSL,61.3,0
9,One year,Fiber optic,65.92,0
49,Month-to-month,Fiber optic,75.38,1
41,Two year,Fiber optic,68.53,0
6,Month-to-month,DSL,68.91,1
17,One year,No,17.68,0
39,One year,Fiber optic,81.0,0
53,Two year,DSL,43.96,0
25,Two year,Fiber optic,76.83,0
69,Month-to-month,Fiber optic,89.44,0
72,One year,DSL,20.95,0
55,Month-to-month,DSL,44.22,0
33,One year,DSL,34.27,0
64,One year,No,30.35,0
53,Month-to-month,Fiber optic,78.3,0
37,Two year,DSL,39.35,0
32,Month-to-month,Fiber optic,63.74,0
60,Month-to-month,DSL,47.45,0
40,Two year,Fiber optic,54.72,0
13,One year,Fiber optic,74.0,0
72,One year,DSL,35.19,0
4,Month-to-month,Fiber optic,78.8,1
50,Month-to-month,DSL,29.19,0
47,Month-to-month,No,18.19,0
42,Month-to-month,Fiber optic,60.99,1
3,Month-to-month,DSL,41.42,1
35,Month-to-month,No,41.52,0
65,One year,DSL,55.15,0
17,Month-to-month,Fiber optic,64.24,0
50,One year,DSL,39.23,0
62,Two year,DSL,55.62,0
69,Month-to-month,DSL,31.03,0
37,One year,DSL,45.27,0
22,Month-to-month,Fiber optic,62.73,0
51,Month-to-month,DSL,42.94,1
35,One year,Fiber optic,79.71,0
45,Month-to-month,DSL,36.97,0
54,Month-to-month,DSL,56.69,0
51,Two year,No,51.4,0
17,Month-to-month,Fiber optic,77.25,1
55,One year,Fiber optic,68.99,0
39,One year,Fiber optic,83.89,0
67,Month-to-month,Fiber optic,56.69,0
48,One year,Fiber optic,88.25,0
65,Month-to-month,DSL,35.96,1
71,Month-to-month,Fiber optic,96.02,0
72,Two year,No,16.39,1
54,Month-to-month,Fiber optic,77.94,0
43,One year,Fiber optic,51.29,0
8,Month-to-month,DSL,42.44,0
28,Month-to-month,Fiber optic,57.04,0
34,One year,DSL,27.7,0
56,One year,DSL,59.47,0
42,Month-to-month,DSL,30.27,0
32,One year,DSL,36.18,0
10,Month-to-month,DSL,34.78,1
52,Month-to-month,No,38.68,1
31,One year,Fiber optic,82.21,0
2,One year,DSL,60.24,0
20,Month-to-month,DSL,35.56,0
64,One year,Fiber optic,86.2,0
8,Month-to-month,DSL,35.46,1
29,Two year,DSL,35.94,0
37,Two year,Fiber optic,61.62,1
6,Month-to-month,Fiber optic,62.05,1
12,Month-to-month,DSL,43.91,0
68,Two year,Fiber optic,59.94,0
43,Two year,Fiber optic,72.78,0
15,Month-to-month,DSL,13.69,1
12,Month-to-month,DSL,47.74,1
31,Month-to-month,DSL,31.92,0
52,Two year,Fiber optic,61.97,0
53,Two year,Fiber optic,62.26,0
14,Two year,DSL,56.32,0
52,Month-to-month,Fiber optic,76.06,0
65,Two year,No,23.01,0
16,Month-to-month,DSL,36.42,0
1,Month-to-month,Fiber optic,79.39,1
69,Month-to-month,DSL,66.54,1
38,Month-to-month,No,24.66,0
56,One year,DSL,25.82,0
23,Month-to-month,DSL,36.57,0
21,Month-to-month,Fiber optic,76.71,1
16,Two year,DSL,39.69,0
15,Month-to-month,DSL,34.7,0
34,Month-to-month,DSL,34.17,0
7,Month-to-month,Fiber optic,71.1,0
61,Month-to-month,No,6.59,0
37,Month-to-month,DSL,44.58,0
66,One year,Fiber optic,71.06,0
36,Month-to-month,Fiber optic,64.61,0
22,Month-to-month,Fiber optic,57.49,0
37,Two year,Fiber optic,82.22,0
11,Month-to-month,Fiber optic,54.01,1
60,One year,DSL,47.07,0
52,Month-to-month,Fiber optic,78.73,1
10,Two year,Fiber optic,71.91,0
42,Month-to-month,Fiber optic,84.77,0
39,One year,Fiber optic,56.38,0
14,One year,Fiber optic,60.51,1
8,One year,Fiber optic,64.47,1
55,Two year,DSL,84.49,1
19,Month-to-month,DSL,51.09,1
37,Month-to-month,DSL,53.34,0
18,Two year,Fiber optic,,0
47,Two year,Fiber optic,70.95,0
3,Month-to-month,Fiber optic,82.59,1
26,One year,Fiber optic,47.56,0
39,One year,DSL,48.32,0
32,One year,DSL,50.14,0
44,Two year,DSL,57.22,1
13,Two year,Fiber optic,56.13,0
32,Month-to-month,Fiber optic,57.01,1
55,One year,No,12.77,0
24,Month-to-month,Fiber optic,76.27,1
11,Month-to-month,Fiber optic,76.44,0
61,Two year,Fiber optic,58.6,0
56,One year,No,47.97,0
49,Month-to-month,No,28.44,0
58,One year,Fiber optic,71.49,0
56,Month-to-month,Fiber optic,67.51,0
54,Month-to-month,DSL,56.17,0
37,One year,Fiber optic,74.67,0
1,One year,Fiber optic,92.68,1
43,Month-to-month,Fiber optic,55.43,0
19,Month-to-month,Fiber optic,51.45,1
56,One year,Fiber optic,61.12,0
34,Month-to-month,DSL,51.64,0
66,Two year,DSL,39.86,0
43,Month-to-month,DSL,60.25,0
40,Two year,Fiber optic,65.28,0
67,Month-to-month,Fiber optic,82.98,0
34,Month-to-month,DSL,35.03,0
27,Month-to-month,Fiber optic,84.2,0
27,One year,Fiber optic,86.43,0
63,Two year,Fiber optic,63.22,1
55,Month-to-month,Fiber optic,75.87,0
11,Month-to-month,DSL,48.21,0
35,Month-to-month,Fiber optic,76.2,0
27,One year,DSL,60.41,0
47,Month-to-month,Fiber optic,81.68,1
3,Two year,DSL,51.17,0
52,Month-to-month,DSL,52.96,0
54,One year,Fiber optic,54.77,0
16,Two year,DSL,44.51,0
10,Month-to-month,No,11.78,1
45,Month-to-month,Fiber optic,69.78,0
18,Two year,DSL,58.4,1
68,Month-to-month,DSL,44.92,0
56,One year,DSL,14.93,0
69,Two year,Fiber optic,57.44,0
39,Month-to-month,Fiber optic,76.97,0
68,Two year,Fiber optic,63.53,0
1,Month-to-month,Fiber optic,79.41,1
21,One year,Fiber optic,55.51,0
0,Month-to-month,DSL,49.58,0
49,Month-to-month,Fiber optic,75.18,0
37,Month-to-month,Fiber optic,79.48,0
20,Month-to-month,Fiber optic,62.14,1
22,Month-to-month,Fiber optic,79.36,0
46,Month-to-month,DSL,63.08,0
13,One year,DSL,17.73,0
37,Month-to-month,Fiber optic,70.62,1
44,Month-to-month,Fiber optic,48.32,0
17,Month-to-month,Fiber optic,59.68,1
16,Month-to-month,No,15.66,0
25,Month-to-month,Fiber optic,69.2,1
43,Month-to-month,Fiber optic,74.53,0
18,One year,Fiber optic,80.86,0
27,One year,Fiber optic,73.17,0
39,One year,Fiber optic,78.08,0
13,Month-to-month,No,12.06,1
41,Two year,Fiber optic,82.68,0
10,One year,Fiber optic,30.45,0
10,One year,Fiber optic,88.32,0
17,Month-to-month,Fiber optic,86.17,1
20,Month-to-month,No,34.0,0
2,Month-to-month,DSL,71.75,0
70,Month-to-month,No,3.35,0
22,One year,DSL,54.35,0
58,Month-to-month,DSL,46.62,0
65,Month-to-month,DSL,47.93,0
58,Month-to-month,DSL,31.04,0
60,Month-to-month,DSL,49.74,0
7,Month-to-month,DSL,49.17,0
27,Month-to-month,DSL,36.72,0
54,Month-to-month,Fiber optic,69.18,0
42,Month-to-month,DSL,29.23,0
0,One year,Fiber optic,65.26,1
41,Two year,DSL,56.53,0
58,Two year,DSL,56.77,0
60,One year,DSL,54.22,0
28,Month-to-month,DSL,56.52,0
17,One year,DSL,56.68,0
22,Two year,DSL,37.28,0
21,Month-to-month,Fiber optic,74.07,1
25,Month-to-month,Fiber optic,83.04,1
22,One year,Fiber optic,53.45,0
33,Month-to-month,Fiber optic,53.38,0
2,One year,Fiber optic,52.71,1
20,Month-to-month,DSL,23.57,1
22,Month-to-month,DSL,32.39,0
11,One year,Fiber optic,63.69,0
64,One year,DSL,63.15,1
49,One year,Fiber optic,64.75,0
66,Two year,DSL,26.8,0
40,Two year,Fiber optic,71.99,0
8,Month-to-month,DSL,42.73,1
66,Two year,Fiber optic,60.61,0
33,Month-to-month,Fiber optic,62.94,1
49,Month-to-month,Fiber optic,82.81,0
27,Two year,DSL,28.08,0
36,Month-to-month,No,5.01,0
35,Two year,DSL,50.6,0
20,Month-to-month,DSL,37.63,0
40,Month-to-month,Fiber optic,88.63,1
53,Month-to-month,DSL,43.15,1
1,One year,DSL,43.8,0
9,Two year,Fiber optic,79.44,0
61,Month-to-month,DSL,24.93,0
41,Month-to-month,Fiber optic,74.05,0
71,Month-to-month,Fiber optic,65.61,0
44,Month-to-month,Fiber optic,82.32,0
47,One year,DSL,37.24,0
65,One year,DSL,47.12,0
48,Month-to-month,Fiber optic,65.69,0
24,Month-to-month,No,29.95,0
38,One year,DSL,41.99,0
17,Month-to-month,DSL,48.15,1
24,Month-to-month,No,46.04,0
49,One year,DSL,41.57,0
10,Month-to-month,Fiber optic,74.83,0
49,Month-to-month,No,52.44,0
42,Month-to-month,Fiber optic,74.68,1
22,One year,Fiber optic,40.79,0
3,Month-to-month,Fiber optic,62.0,0
51,Two year,DSL,,0
60,Month-to-month,No,36.06,1
53,Month-to-month,Fiber optic,68.87,0
30,One year,DSL,57.76,0
47,Month-to-month,Fiber optic,77.34,0
30,Month-to-month,DSL,52.29,0
26,Month-to-month,Fiber optic,55.32,0
23,One year,DSL,51.06,0
15,Month-to-month,DSL,61.4,0
70,Two year,Fiber optic,52.63,0
48,Month-to-month,No,21.19,1
12,Month-to-month,No,29.25,1
63,Month-to-month,Fiber optic,71.18,0
11,Month-to-month,DSL,62.24,1
43,Two year,DSL,53.74,0
12,Month-to-month,Fiber optic,74.87,0
26,Two year,Fiber optic,79.81,0
48,Month-to-month,DSL,54.17,0
72,Month-to-month,DSL,45.49,0
72,Month-to-month,DSL,40.74,0
65,One year,DSL,56.88,0
17,Month-to-month,DSL,36.08,0
6,One year,Fiber optic,69.13,0
66,Two year,Fiber optic,56.12,0
67,One year,Fiber optic,78.78,1
20,Month-to-month,Fiber optic,84.79,0
1,One year,DSL,33.77,0
47,Month-to-month,DSL,43.15,0
5,Month-to-month,Fiber optic,64.24,1
2,Month-to-month,DSL,57.9,1
68,Two year,Fiber optic,87.0,0
36,Month-to-month,Fiber optic,64.25,0
8,One year,No,-12.09,0
47,One year,Fiber optic,83.83,0
26,Month-to-month,DSL,45.54,1
39,Month-to-month,Fiber optic,70.59,0
65,One year,Fiber optic,81.56,0
17,Month-to-month,DSL,40.63,0
47,Month-to-month,DSL,37.44,0
60,Month-to-month,DSL,40.73,0
30,Two year,DSL,50.87,0
70,Month-to-month,DSL,55.55,0
32,Month-to-month,DSL,64.6,0
33,Month-to-month,Fiber optic,74.84,0
64,Month-to-month,Fiber optic,68.26,1
46,Two year,DSL,55.63,0
63,Month-to-month,DSL,33.34,0
57,One year,Fiber optic,87.03,0
52,One year,Fiber optic,72.54,0
17,Month-to-month,Fiber optic,67.26,1
29,One year,Fiber optic,58.38,1
63,Two year,Fiber optic,77.52,0
44,One year,DSL,41.63,0
20,One year,DSL,43.87,1
23,Month-to-month,No,4.95,0
56,Two year,DSL,39.78,0
13,Month-to-month,Fiber optic,63.18,1
8,One year,DSL,50.02,0
55,Month-to-month,DSL,41.79,0
21,One year,DSL,13.21,1
55,Two year,DSL,40.02,0
38,One year,DSL,27.55,0
72,Month-to-month,Fiber optic,57.49,0
38,One year,Fiber optic,82.05,0
63,Two year,Fiber optic,49.73,0
62,One year,Fiber optic,73.54,0
15,Two year,DSL,38.91,1
72,Two year,Fiber optic,61.6,0
54,Two year,Fiber optic,58.25,0
7,Month-to-month,DSL,48.83,0
0,Month-to-month,DSL,50.18,0
19,Two year,DSL,24.3,0
1,Two year,Fiber optic,83.81,1
26,Month-to-month,Fiber optic,55.76,1
72,Month-to-month,DSL,49.66,0
34,Month-to-month,DSL,30.83,0
1,One year,Fiber optic,64.49,0
36,Two year,No,9.65,0
15,One year,DSL,38.66,0
62,Month-to-month,DSL,42.59,0
6,Month-to-month,Fiber optic,56.21,0
56,Two year,No,28.77,1
32,Month-to-month,DSL,50.35,0
1,Month-to-month,Fiber optic,102.47,1
49,Month-to-month,Fiber optic,81.14,1
33,Two year,Fiber optic,84.12,0
56,Month-to-month,Fiber optic,48.77,0
45,Month-to-month,Fiber optic,46.5,0
57,Month-to-month,Fiber optic,66.44,1
33,Two year,DSL,66.44,1
0,Month-to-month,DSL,74.69,1
9,Month-to-month,DSL,36.75,0
33,Month-to-month,DSL,37.97,0
29,Month-to-month,Fiber optic,76.53,0
57,Two year,Fiber optic,67.63,1
30,One year,DSL,42.94,1
62,Month-to-month,DSL,52.62,0
13,Two year,Fiber optic,102.59,0
28,Month-to-month,No,40.65,1
55,Two year,DSL,67.43,0
9,Month-to-month,DSL,22.87,1
23,Month-to-month,DSL,57.9,0
54,Two year,Fiber optic,58.6,0
42,Two year,No,45.12,0
56,One year,No,41.29,0
37,One year,DSL,52.25,0
62,Two year,DSL,36.09,0
64,One year,No,19.19,0
71,Month-to-month,DSL,40.17,0
8,Month-to-month,Fiber optic,79.15,1
43,One year,DSL,49.85,0
8,One year,DSL,62.04,0
16,Two year,DSL,64.33,0
21,Month-to-month,DSL,34.86,0
47,Month-to-month,DSL,50.7,0
31,Month-to-month,No,30.56,0
63,Two year,Fiber optic,68.86,0
21,Month-to-month,Fiber optic,81.3,0
45,Two year,DSL,50.89,0
55,Month-to-month,Fiber optic,63.11,0
71,Month-to-month,Fiber optic,68.29,0
17,Two year,DSL,40.81,0
53,Month-to-month,No,16.27,0
6,Two year,Fiber optic,68.98,0
39,Month-to-month,Fiber optic,54.44,1
30,Month-to-month,Fiber optic,,0
69,One year,DSL,61.85,0
56,Two year,Fiber optic,70.61,0
67,Month-to-month,Fiber optic,81.36,0
62,Month-to-month,DSL,46.86,0
29,One year,No,12.73,0
53,Two year,Fiber optic,94.08,0
2,Two year,DSL,15.93,0
40,Two year,DSL,45.12,0
3,Month-to-month,Fiber optic,60.78,0
52,One year,DSL,63.98,0
70,Two year,Fiber optic,72.59,0
49,Two year,Fiber optic,100.67,1
61,Two year,Fiber optic,70.43,0
17,Two year,Fiber optic,60.87,0
72,Two year,DSL,24.48,0
40,Month-to-month,DSL,58.28,0
49,Month-to-month,DSL,34.98,0
56,Two year,DSL,39.96,0
46,Month-to-month,Fiber optic,84.74,0
23,Month-to-month,No,37.64,0
44,Month-to-month,DSL,37.68,1
47,One year,Fiber optic,64.55,0
62,Two year,DSL,23.93,0
35,Two year,DSL,20.33,0
36,Month-to-month,DSL,54.16,0
36,Month-to-month,Fiber optic,80.49,0
8,Month-to-month,Fiber optic,74.29,0
6,Two year,No,27.25,1
1,Month-to-month,DSL,36.53,0
48,One year,DSL,62.62,0
30,One year,No,3.59,0
63,One year,Fiber optic,64.38,0
51,One year,No,26.93,0
10,One year,DSL,45.0,0
7,One year,DSL,44.98,0
26,Month-to-month,Fiber optic,63.77,0
67,Month-to-month,Fiber optic,76.49,0
3,Month-to-month,Fiber optic,55.42,1
13,Month-to-month,Fiber optic,68.27,0
2,One year,Fiber optic,75.18,1
30,Month-to-month,Fiber optic,66.01,0
72,Two year,DSL,45.06,0
49,Month-to-month,No,27.59,0
36,One year,Fiber optic,48.87,0
10,Month-to-month,Fiber optic,49.99,1
25,Month-to-month,DSL,46.61,1
38,Month-to-month,DSL,37.7,0
20,One year,DSL,38.42,1
51,Month-to-month,No,31.83,0
71,One year,Fiber optic,58.13,0
15,One year,DSL,16.04,0
18,Two year,No,44.88,0
9,One year,DSL,59.52,1
52,One year,DSL,59.37,0
33,Two year,No,11.55,0
20,Month-to-month,Fiber optic,69.07,1
16,One year,Fiber optic,54.78,0
5,Month-to-month,Fiber optic,69.28,1
34,One year,DSL,40.82,0
49,Month-to-month,DSL,32.06,0
17,Month-to-month,Fiber optic,76.04,0
0,One year,Fiber optic,66.9,0
34,Month-to-month,DSL,65.67,1
49,Month-to-month,Fiber optic,71.03,0
25,Month-to-month,DSL,14.43,0
18,Two year,Fiber optic,48.25,1
11,Month-to-month,DSL,70.15,1
54,Month-to-month,DSL,40.69,0
62,Two year,Fiber optic,72.88,0
56,Two year,DSL,45.12,0
37,Month-to-month,DSL,62.0,0
52,Month-to-month,Fiber optic,47.12,0
28,Month-to-month,Fiber optic,85.95,0
1,Two year,DSL,60.12,0
26,Month-to-month,DSL,45.07,0
51,Month-to-month,DSL,49.96,0
47,Month-to-month,Fiber optic,65.55,0
72,One year,DSL,24.78,0
72,Month-to-month,DSL,51.96,0
17,One year,Fiber optic,72.96,0
0,Month-to-month,Fiber optic,73.21,1
20,One year,Fiber optic,75.79,0
63,Two year,DSL,37.75,0
59,Month-to-month,Fiber optic,87.92,1
7,Month-to-month,DSL,45.1,0
11,Month-to-month,Fiber optic,76.5,1
41,One year,DSL,41.73,0
48,Month-to-month,Fiber optic,82.6,0
71,One year,DSL,46.25,0
55,Month-to-month,DSL,43.98,0
15,One year,DSL,59.49,0
2,One year,No,4.33,0
46,Month-to-month,Fiber optic,66.64,0
40,Month-to-month,Fiber optic,62.65,0
67,One year,Fiber optic,,0
42,Month-to-month,DSL,48.79,0
36,One year,DSL,44.86,0
22,Two year,Fiber optic,61.43,1
6,Month-to-month,DSL,44.71,0
63,Month-to-month,Fiber optic,73.88,0
60,Month-to-month,No,22.86,0
11,Month-to-month,Fiber optic,83.29,1
51,Two year,No,32.34,0
26,Two year,DSL,45.23,0
31,Month-to-month,No,-3.15,0
61,Two year,DSL,42.38,0
61,Month-to-month,Fiber optic,77.56,1
13,Two year,DSL,41.65,0
22,Two year,DSL,48.64,0
59,Month-to-month,Fiber optic,67.31,0
66,One year,Fiber optic,72.79,0
5,One year,DSL,61.81,0
60,Month-to-month,DSL,54.44,0
35,Month-to-month,Fiber optic,54.45,0
43,One year,DSL,25.1,0
5,Month-to-month,Fiber optic,75.31,0
49,Month-to-month,Fiber optic,84.01,1
49,Month-to-month,Fiber optic,50.07,0
48,One year,Fiber optic,67.48,0
57,Month-to-month,DSL,73.48,0
69,Month-to-month,Fiber optic,66.78,0
62,Month-to-month,Fiber optic,100.31,1
54,Month-to-month,Fiber optic,60.12,0
71,One year,DSL,37.24,0
49,Month-to-month,DSL,36.56,0
49,One year,DSL,29.65,0
39,Month-to-month,DSL,24.7,0
56,One year,Fiber optic,67.35,0
5,Month-to-month,DSL,46.74,1
36,Two year,Fiber optic,61.4,0
31,Month-to-month,Fiber optic,64.29,1
66,Two year,Fiber optic,87.35,0
5,Month-to-month,Fiber optic,81.66,1
46,Month-to-month,Fiber optic,66.9,1
13,One year,DSL,50.16,0
64,Month-to-month,Fiber optic,50.36,0
62,Month-to-month,Fiber optic,73.24,0
17,Two year,DSL,44.25,0
63,One year,DSL,40.51,0
36,One year,No,25.39,0
70,Two year,Fiber optic,68.45,1
53,Month-to-month,DSL,29.24,0
2,Month-to-month,DSL,65.16,1
14,Two year,DSL,56.41,0
29,Month-to-month,Fiber optic,65.35,1
15,Month-to-month,Fiber optic,48.87,1
9,Month-to-month,Fiber optic,40.52,0
71,Month-to-month,DSL,69.06,0
63,Month-to-month,DSL,42.92,0
31,Month-to-month,Fiber optic,79.16,1
15,One year,Fiber optic,58.62,0
13,One year,No,21.31,0
66,Two year,Fiber optic,66.92,0
24,Month-to-month,DSL,47.9,1
0,Month-to-month,No,26.08,0
29,One year,Fiber optic,58.93,0
33,Month-to-month,DSL,33.81,1
45,Month-to-month,DSL,44.02,1
24,One year,Fiber optic,48.95,0
67,One year,Fiber optic,60.12,0
46,Month-to-month,DSL,43.15,0
72,One year,Fiber optic,74.77,0
26,One year,Fiber optic,88.04,0
47,Two year,Fiber optic,64.28,0
26,Month-to-month,DSL,45.43,0
51,One year,Fiber optic,47.59,0
54,One year,Fiber optic,74.02,0
23,Month-to-month,Fiber optic,59.09,1
68,One year,Fiber optic,66.3,0
62,One year,DSL,50.71,1
65,Month-to-month,DSL,51.21,0
15,Month-to-month,Fiber optic,52.56,0
52,Month-to-month,DSL,54.62,0
7,One year,DSL,44.53,1
7,Month-to-month,DSL,60.21,0
71,Month-to-month,DSL,62.54,0
11,Month-to-month,Fiber optic,89.27,0
63,One year,DSL,27.91,0
31,One year,DSL,49.83,0
22,Month-to-month,DSL,26.07,0
5,Month-to-month,Fiber optic,85.62,1
49,Month-to-month,Fiber optic,87.33,0
52,Month-to-month,Fiber optic,81.74,0
34,One year,Fiber optic,64.9,0
59,Month-to-month,Fiber optic,76.53,0
23,One year,Fiber optic,63.37,0
40,One year,Fiber optic,70.17,0
20,Two year,Fiber optic,68.89,0
42,Month-to-month,No,1.02,0
9,Month-to-month,DSL,35.29,0
34,Month-to-month,Fiber optic,97.25,1
40,Two year,DSL,43.96,0
40,One year,Fiber optic,71.92,0
32,One year,Fiber optic,69.9,0
46,One year,DSL,40.07,0
37,Month-to-month,Fiber optic,70.43,0
20,One year,DSL,40.12,0
15,Two year,Fiber optic,42.6,0
47,Month-to-month,DSL,54.43,0
68,Two year,Fiber optic,89.35,0
54,Two year,Fiber optic,56.03,0
46,Two year,DSL,40.05,0
67,Two year,Fiber optic,88.0,0
65,Month-to-month,Fiber optic,60.74,0
36,One year,Fiber optic,74.65,0
7,Month-to-month,DSL,96.92,0
46,One year,DSL,52.59,0
45,Month-to-month,DSL,45.83,0
20,Two year,DSL,55.58,0
62,Month-to-month,No,34.32,1
63,Month-to-month,Fiber optic,62.05,0
24,Month-to-month,DSL,24.16,0
34,One year,Fiber optic,77.13,1
14,Month-to-month,Fiber optic,78.93,1
13,Month-to-month,DSL,41.43,0
19,Month-to-month,No,44.74,0
26,Month-to-month,DSL,62.34,0
19,Two year,Fiber optic,79.29,0
11,Month-to-month,DSL,41.66,1
32,Month-to-month,Fiber optic,44.91,1
45,Month-to-month,DSL,42.91,0
23,Month-to-month,Fiber optic,47.97,1
38,Month-to-month,Fiber optic,41.71,0
19,Month-to-month,Fiber optic,77.77,1
51,Month-to-month,No,39.07,0
47,Month-to-month,Fiber optic,46.59,0
70,Month-to-month,Fiber optic,66.92,0
3,One year,Fiber optic,69.79,0
62,Month-to-month,DSL,41.49,0
24,One year,Fiber optic,53.46,0
4,One year,DSL,60.97,0
50,Two year,Fiber optic,53.79,0
12,Month-to-month,Fiber optic,46.61,1
12,One year,Fiber optic,53.51,0
71,Two year,Fiber optic,75.78,0
16,Two year,DSL,41.79,1
39,Two year,Fiber optic,60.76,0
14,Month-to-month,DSL,51.33,0
9,Two year,Fiber optic,73.99,0
0,Two year,Fiber optic,42.31,0
1,Month-to-month,Fiber optic,76.21,0
34,Month-to-month,DSL,59.17,1
31,Two year,Fiber optic,68.52,0
2,Month-to-month,DSL,42.18,1
25,One year,DSL,67.73,0
19,Month-to-month,Fiber optic,61.48,1
41,One year,Fiber optic,68.01,0
72,Month-to-month,Fiber optic,73.97,0
50,One year,Fiber optic,70.58,0
67,Month-to-month,Fiber optic,66.73,1
14,Two year,DSL,46.07,0
15,Month-to-month,DSL,63.83,0
54,Month-to-month,DSL,54.69,0
22,Month-to-month,Fiber optic,69.1,1
61,Month-to-month,Fiber optic,59.63,0
33,Two year,DSL,36.23,1
14,Month-to-month,Fiber optic,81.4,1
61,Month-to-month,DSL,25.88,0
40,Two year,DSL,73.84,0
58,Month-to-month,Fiber optic,69.62,0
33,Month-to-month,Fiber optic,53.46,0
9,One year,DSL,47.18,0
49,Month-to-month,DSL,35.39,0
9,Two year,Fiber optic,64.97,0
48,One year,Fiber optic,51.87,0
30,Month-to-month,Fiber optic,67.14,0
57,One year,DSL,19.53,0
63,Two year,Fiber optic,62.8,0
29,Month-to-month,DSL,35.07,0
64,One year,No,18.97,0
8,Month-to-month,No,15.83,0
7,Month-to-month,Fiber optic,70.41,0
72,One year,DSL,55.66,0
41,Month-to-month,DSL,49.33,0
32,Month-to-month,DSL,60.59,0
11,Month-to-month,Fiber optic,64.02,0
21,One year,DSL,48.9,0
50,One year,DSL,49.37,0
59,Month-to-month,DSL,58.82,0
66,Month-to-month,No,16.23,0
29,Two year,No,34.47,0
33,Month-to-month,DSL,34.71,0
11,Month-to-month,Fiber optic,63.16,0
6,Month-to-month,DSL,40.7,0
31,One year,DSL,50.44,0
42,Month-to-month,DSL,31.96,0
7,Two year,Fiber optic,58.63,0
29,One year,DSL,37.26,0
46,Month-to-month,DSL,45.58,0
59,One year,No,13.77,0
68,Month-to-month,DSL,48.17,0
24,Month-to-month,Fiber optic,65.71,0
28,One year,DSL,52.89,0
63,Month-to-month,DSL,45.76,0
50,Two year,DSL,66.03,0
19,One year,Fiber optic,71.45,0
50,Month-to-month,DSL,30.38,0
11,Two year,DSL,42.45,0
32,Month-to-month,DSL,45.25,0
22,Month-to-month,No,14.1,0
72,Month-to-month,No,43.21,0
2,Two year,DSL,41.28,0
62,Month-to-month,No,17.26,0
20,Month-to-month,DSL,47.18,0
2,Month-to-month,No,14.13,0
48,Month-to-month,No,36.6,0
49,Month-to-month,DSL,54.18,0
10,One year,Fiber optic,71.57,0
2,Two year,Fiber optic,77.1,0
8,One year,Fiber optic,64.0,0
29,Month-to-month,DSL,26.97,0
9,Month-to-month,DSL,41.09,1
51,Month-to-month,DSL,38.98,0
5,Month-to-month,DSL,20.56,1
57,One year,Fiber optic,57.31,0
63,Month-to-month,Fiber optic,55.24,0
52,Two year,DSL,32.35,0
68,Month-to-month,Fiber optic,86.0,0
68,One year,No,31.14,0
3,Two year,DSL,56.58,0
24,One year,Fiber optic,76.12,0
55,Two year,DSL,58.0,1
24,Two year,DSL,45.32,0
53,One year,DSL,63.19,0
56,Month-to-month,DSL,30.22,0
72,Month-to-month,No,24.19,0
24,Two year,DSL,32.7,0
25,Month-to-month,Fiber optic,84.9,1
1,Two year,DSL,50.04,1
20,Month-to-month,DSL,59.24,0
20,One year,No,8.16,0
33,Month-to-month,Fiber optic,62.77,0
30,Two year,Fiber optic,48.59,0
62,Month-to-month,DSL,49.34,0
56,Month-to-month,DSL,39.86,0
53,Two year,DSL,54.07,0
0,Month-to-month,Fiber optic,70.38,1
34,Month-to-month,DSL,19.44,1
53,Two year,DSL,25.08,0
17,Two year,DSL,45.99,0
31,Month-to-month,DSL,50.59,0
53,One year,Fiber optic,43.4,0
58,Month-to-month,No,24.0,0
62,Month-to-month,Fiber optic,57.79,0
31,One year,No,11.68,0
29,Month-to-month,Fiber optic,62.14,0
27,Month-to-month,DSL,46.48,0
48,Month-to-month,Fiber optic,61.52,0
30,Two year,Fiber optic,46.17,0
29,One year,No,26.39,0
12,Month-to-month,Fiber optic,65.79,0
34,Two year,Fiber optic,58.74,0
17,Two year,DSL,41.31,1
38,Month-to-month,Fiber optic,65.83,1
64,Two year,DSL,45.53,0
56,Month-to-month,No,22.03,0
34,Month-to-month,DSL,46.98,0
71,Month-to-month,Fiber optic,69.42,0
71,Month-to-month,DSL,54.84,0
32,One year,DSL,64.02,0
55,One year,Fiber optic,69.82,0
24,Two year,DSL,37.54,1
64,Month-to-month,Fiber optic,52.76,1
27,Month-to-month,Fiber optic,77.76,0
18,Month-to-month,Fiber optic,59.17,1
9,Month-to-month,No,53.17,1
61,Two year,Fiber optic,103.35,0
21,One year,Fiber optic,,0
59,One year,No,5.02,0
6,One year,Fiber optic,77.85,0
36,Month-to-month,No,50.19,0
31,Month-to-month,DSL,29.25,0
32,Month-to-month,Fiber optic,92.78,1
12,Two year,Fiber optic,47.81,0
5,Month-to-month,Fiber optic,52.55,0
25,Month-to-month,Fiber optic,73.71,1
34,One year,Fiber optic,82.2,0
57,Month-to-month,Fiber optic,69.2,0
33,Month-to-month,Fiber optic,75.39,0
17,Month-to-month,DSL,58.25,0
19,Month-to-month,Fiber optic,84.64,0
44,Month-to-month,Fiber optic,62.53,1
31,Two year,Fiber optic,59.64,0
65,One year,Fiber optic,82.64,0
32,Month-to-month,DSL,50.45,1
41,One year,DSL,52.06,1
4,One year,Fiber optic,62.07,1
14,One year,DSL,52.66,0
62,Two year,Fiber optic,56.87,0
25,Two year,DSL,47.97,0
30,Month-to-month,Fiber optic,71.34,0
43,Month-to-month,DSL,46.42,0
4,Month-to-month,Fiber optic,79.37,0
36,Month-to-month,Fiber optic,57.76,1
25,Two year,DSL,53.12,0
10,One year,Fiber optic,70.25,1
30,Month-to-month,DSL,35.5,0
32,Two year,DSL,29.14,0
13,One year,Fiber optic,92.66,0
39,Month-to-month,No,24.17,0
54,Two year,Fiber optic,65.74,0
19,Month-to-month,DSL,31.28,0
70,Month-to-month,DSL,58.06,0
44,Month-to-month,Fiber optic,82.13,0
56,Two year,Fiber optic,79.82,0
5,Month-to-month,DSL,44.27,0
56,Month-to-month,DSL,54.02,0
24,One year,DSL,35.11,0
51,Two year,Fiber optic,72.61,0
58,Month-to-month,Fiber optic,69.35,0
18,Month-to-month,DSL,48.2,0
18,Two year,DSL,23.24,0
4,One year,Fiber optic,92.44,0
44,Month-to-month,DSL,64.42,1
56,Month-to-month,DSL,31.2,0
29,Month-to-month,DSL,51.93,0
11,One year,DSL,27.16,0
23,One year,Fiber optic,71.01,1
29,One year,Fiber optic,43.65,0
66,Month-to-month,DSL,41.49,0
9,Two year,No,19.15,0
25,Month-to-month,DSL,58.88,0
46,Two year,Fiber optic,90.02,0
17,Month-to-month,Fiber optic,90.29,0
64,Month-to-month,Fiber optic,83.9,1
66,Month-to-month,DSL,45.99,0
27,Month-to-month,Fiber optic,74.66,1
54,Month-to-month,Fiber optic,74.6,0
55,One year,DSL,30.84,0
49,Two year,Fiber optic,83.75,0
13,Month-to-month,Fiber optic,78.28,0
3,Month-to-month,DSL,53.84,0
25,Month-to-month,Fiber optic,42.62,0
9,Two year,Fiber optic,75.43,0
21,Month-to-month,Fiber optic,82.07,0
46,Month-to-month,Fiber optic,69.82,1
42,Month-to-month,No,18.99,0
15,Month-to-month,DSL,28.65,0
1,One year,Fiber optic,52.79,1
16,Month-to-month,Fiber optic,71.85,0
33,Month-to-month,Fiber optic,67.18,1
56,Two year,DSL,42.01,0
26,Month-to-month,DSL,63.35,1
20,One year,DSL,29.93,0
40,Month-to-month,Fiber optic,65.85,0
5,Two year,No,45.33,0
16,One year,DSL,41.25,0
2,Month-to-month,Fiber optic,70.8,1
38,Two year,Fiber optic,67.9,0
32,Month-to-month,Fiber optic,78.47,0
42,Month-to-month,DSL,20.34,0
45,One year,Fiber optic,67.56,0
28,One year,Fiber optic,70.65,1
63,Month-to-month,DSL,33.02,0
67,Month-to-month,DSL,49.12,0
8,Month-to-month,Fiber optic,79.44,1
67,One year,DSL,50.42,0
14,Two year,Fiber optic,91.35,0
18,Month-to-month,Fiber optic,64.8,0
38,Two year,DSL,50.98,0
2,Month-to-month,DSL,50.71,0
26,One year,No,22.17,0
14,Two year,DSL,58.6,0
35,One year,DSL,48.46,0
59,Month-to-month,Fiber optic,55.59,0
67,Month-to-month,Fiber optic,79.01,0
15,Month-to-month,No,19.01,0
39,One year,DSL,41.13,0
34,Two year,No,22.02,0
30,Month-to-month,DSL,53.82,0
46,Month-to-month,Fiber optic,82.95,1
72,Month-to-month,Fiber optic,68.09,0
29,One year,Fiber optic,67.4,1
4,One year,DSL,20.43,1
66,Month-to-month,No,16.48,0
68,One year,DSL,33.64,0
23,Month-to-month,DSL,48.73,1
36,One year,Fiber optic,68.72,0
62,Month-to-month,Fiber optic,59.09,0
36,Month-to-month,Fiber optic,71.83,1
35,One year,No,24.19,0
67,One year,DSL,14.51,0
60,Month-to-month,DSL,58.3,0
37,One year,DSL,57.13,0
11,Month-to-month,Fiber optic,67.14,0
32,Month-to-month,No,29.23,0
49,Two year,DSL,41.1,0
19,Two year,Fiber optic,50.75,0
39,Month-to-month,DSL,70.96,0
48,Two year,Fiber optic,79.0,1
6,One year,DSL,56.29,0
41,Month-to-month,Fiber optic,66.59,0
53,Month-to-month,Fiber optic,83.51,1
15,Month-to-month,DSL,28.56,0
40,One year,Fiber optic,67.05,0
51,Two year,Fiber optic,78.88,0
3,Month-to-month,DSL,37.48,0
47,Month-to-month,Fiber optic,80.93,1
18,Month-to-month,DSL,48.65,1
29,Month-to-month,DSL,47.52,0
47,Two year,Fiber optic,61.36,0
0,Month-to-month,No,29.85,0
1,One year,Fiber optic,93.19,1
32,Month-to-month,Fiber optic,72.1,1
69,One year,Fiber optic,76.67,0
0,One year,DSL,53.44,0
57,One year,Fiber optic,56.27,0
5,Month-to-month,Fiber optic,68.41,1
35,One year,DSL,43.04,0
31,One year,DSL,19.5,0
34,One year,Fiber optic,79.47,0
5,One year,Fiber optic,58.82,1
55,Two year,Fiber optic,78.16,0
20,Month-to-month,Fiber optic,60.9,0
56,Month-to-month,DSL,69.51,0
47,Two year,Fiber optic,66.66,0
40,Month-to-month,Fiber optic,93.05,1
22,Two year,Fiber optic,67.93,1
47,One year,DSL,44.36,0
72,Two year,DSL,63.8,0
67,One year,Fiber optic,58.99,0
66,Two year,DSL,45.6,0
16,One year,DSL,51.47,0
42,Month-to-month,Fiber optic,74.85,1
29,Month-to-month,Fiber optic,70.52,1
70,Month-to-month,Fiber optic,68.87,1
69,Month-to-month,DSL,55.16,0
63,Two year,Fiber optic,72.12,0
11,Month-to-month,Fiber optic,81.6,1
23,One year,DSL,49.7,0
51,Month-to-month,DSL,52.8,0
54,Month-to-month,DSL,58.6,0
25,Two year,Fiber optic,66.28,0
9,Month-to-month,Fiber optic,83.28,1
9,One year,DSL,43.12,0
49,Month-to-month,DSL,28.19,0
33,Month-to-month,No,21.05,0
35,Month-to-month,DSL,36.33,1
59,One year,DSL,49.5,0
1,Month-to-month,Fiber optic,66.57,1
55,Two year,No,26.53,0
20,One year,DSL,57.17,0
67,Month-to-month,Fiber optic,87.83,0
69,Month-to-month,Fiber optic,73.51,0
36,Month-to-month,DSL,58.03,0
23,One year,Fiber optic,67.87,1
17,Month-to-month,DSL,26.24,0
13,Month-to-month,DSL,30.85,0
72,Month-to-month,Fiber optic,67.65,0
13,Month-to-month,No,34.55,0
32,One year,No,22.69,0
34,Month-to-month,Fiber optic,84.23,1
49,Month-to-month,Fiber optic,91.98,0
61,Month-to-month,DSL,34.34,0
40,One year,Fiber optic,95.5,0
55,One year,No,5.38,0
41,Month-to-month,Fiber optic,92.19,0
31,Month-to-month,DSL,44.6,1
11,One year,DSL,42.21,0
15,Month-to-month,Fiber optic,69.9,1
31,One year,DSL,35.4,0
3,Month-to-month,Fiber optic,88.02,1
23,Month-to-month,Fiber optic,61.7,1
33,Month-to-month,Fiber optic,63.23,0
34,Month-to-month,Fiber optic,53.45,0
59,One year,Fiber optic,61.23,0
70,Month-to-month,Fiber optic,61.6,0
53,Month-to-month,Fiber optic,60.79,1
5,Month-to-month,Fiber optic,67.89,1
29,Month-to-month,Fiber optic,56.62,1
53,One year,DSL,64.13,0
43,One year,Fiber optic,68.17,0
33,Two year,DSL,49.49,0
31,Month-to-month,Fiber optic,80.34,1
29,Month-to-month,Fiber optic,94.3,1
42,Month-to-month,Fiber optic,80.92,0
13,Two year,Fiber optic,67.03,0
37,Month-to-month,DSL,32.13,0
15,Month-to-month,DSL,49.06,1
49,One year,Fiber optic,82.75,1
63,Month-to-month,Fiber optic,71.7,0
37,Month-to-month,DSL,45.78,0
28,Month-to-month,Fiber optic,72.56,0
68,One year,DSL,22.56,0
48,One year,DSL,46.76,0
31,Month-to-month,Fiber optic,78.79,0
2,One year,Fiber optic,69.45,0
1,Month-to-month,Fiber optic,83.48,1
16,Month-to-month,DSL,58.88,0
17,Two year,No,18.95,0
52,One year,Fiber optic,75.3,1
36,Two year,No,25.51,0
72,One year,Fiber optic,45.66,0
39,Month-to-month,Fiber optic,67.75,0
65,Month-to-month,DSL,32.63,0
40,Month-to-month,No,26.61,1
26,Month-to-month,DSL,53.19,0
52,Month-to-month,DSL,42.39,0
32,Month-to-month,Fiber optic,59.2,0
20,Month-to-month,DSL,47.81,0
34,Two year,DSL,74.32,0
48,Month-to-month,DSL,18.93,0
27,Month-to-month,DSL,47.79,0
51,One year,DSL,38.47,0
71,One year,No,19.89,0
30,Month-to-month,DSL,43.74,0
21,One year,Fiber optic,65.87,1
29,One year,DSL,52.22,0
61,Two year,DSL,42.1,0
13,Month-to-month,DSL,19.06,0
71,Month-to-month,DSL,60.36,0
30,One year,Fiber optic,83.55,0
61,Month-to-month,Fiber optic,62.72,0
57,One year,Fiber optic,70.6,0
57,One year,DSL,59.61,0
66,One year,DSL,57.4,0
13,Two year,DSL,61.29,1
43,One year,Fiber optic,74.49,0
7,Two year,No,34.23,1
21,One year,Fiber optic,86.91,0
2,Month-to-month,Fiber optic,65.88,0
49,One year,No,30.29,0
44,One year,DSL,19.24,0
54,Two year,No,6.04,0
12,Month-to-month,DSL,51.0,1
24,Month-to-month,Fiber optic,77.83,1
49,Two year,Fiber optic,65.35,0
60,Month-to-month,DSL,37.72,0
64,One year,DSL,40.73,0
5,Month-to-month,DSL,47.3,1
29,Month-to-month,Fiber optic,42.24,1
0,Month-to-month,Fiber optic,75.59,1
59,Two year,DSL,45.39,0
8,Month-to-month,No,27.97,0
60,One year,Fiber optic,68.52,0
11,One year,Fiber optic,53.4,1
1,One year,Fiber optic,56.82,0
64,Month-to-month,Fiber optic,,1
32,Month-to-month,DSL,37.29,0
31,Two year,Fiber optic,79.69,0
47,Month-to-month,Fiber optic,57.01,0
20,Month-to-month,DSL,44.82,0
50,Two year,DSL,39.71,0
31,Month-to-month,Fiber optic,66.55,1
19,Month-to-month,No,20.92,0
28,Two year,Fiber optic,87.33,0
0,Month-to-month,Fiber optic,93.13,1
22,Month-to-month,DSL,47.85,0
43,Month-to-month,Fiber optic,65.05,0
10,One year,No,9.05,0
8,Two year,DSL,28.22,0
47,One year,No,42.39,0
31,Two year,Fiber optic,52.38,0
9,Month-to-month,Fiber optic,64.72,0
54,One year,DSL,46.86,0
56,Month-to-month,DSL,13.78,0
2,Two year,DSL,29.99,0
14,Two year,Fiber optic,53.94,0
27,Month-to-month,DSL,37.01,0
53,Two year,Fiber optic,73.1,0
5,One year,Fiber optic,82.33,0
58,Month-to-month,DSL,37.04,0
23,One year,DSL,39.46,0
9,Two year,DSL,43.57,0
63,Month-to-month,Fiber optic,60.33,0
6,Month-to-month,DSL,50.01,0
9,Two year,No,30.38,0
69,Month-to-month,Fiber optic,37.34,0
37,Month-to-month,DSL,52.67,0
33,One year,DSL,46.53,0
50,One year,Fiber optic,73.11,0
46,Month-to-month,DSL,59.16,0
44,Month-to-month,No,3.56,0
1,Two year,DSL,29.93,0
40,Month-to-month,Fiber optic,69.16,0
20,One year,DSL,17.14,0
58,Two year,DSL,42.46,0
36,Month-to-month,DSL,55.15,0
9,Two year,Fiber optic,74.76,0
64,One year,Fiber optic,70.95,0
20,Two year,DSL,42.21,0
19,Month-to-month,DSL,39.87,0
68,Month-to-month,No,19.17,0
56,One year,Fiber optic,72.74,1
62,Two year,DSL,26.39,0
48,Two year,Fiber optic,87.56,1
66,Month-to-month,DSL,36.15,0
8,Month-to-month,DSL,51.69,1
43,Month-to-month,Fiber optic,70.96,1
21,One year,Fiber optic,56.16,0
29,Two year,No,40.51,0
17,One year,DSL,57.98,0
14,Month-to-month,DSL,26.15,0
32,Two year,Fiber optic,69.12,0
67,Month-to-month,No,27.49,0
46,Month-to-month,DSL,20.14,0
25,One year,Fiber optic,44.55,0
31,Month-to-month,DSL,35.0,0
38,One year,Fiber optic,54.24,0
17,One year,DSL,32.48,0
38,Month-to-month,DSL,29.24,0
50,Month-to-month,Fiber optic,68.53,1
17,Month-to-month,Fiber optic,59.29,0
42,One year,Fiber optic,83.37,0
51,Month-to-month,Fiber optic,72.16,0
37,Month-to-month,No,34.53,0
21,Month-to-month,DSL,24.74,0
40,One year,Fiber optic,62.46,0
57,Month-to-month,Fiber optic,71.63,0
16,Month-to-month,Fiber optic,75.44,1
41,Month-to-month,DSL,37.23,0
49,Month-to-month,Fiber optic,,0
23,Month-to-month,Fiber optic,65.3,0
28,Month-to-month,No,21.43,0
64,One year,DSL,70.97,0
26,Month-to-month,DSL,48.76,0
43,Month-to-month,Fiber optic,70.48,1
10,Two year,Fiber optic,,0
67,Month-to-month,DSL,30.18,0
43,Month-to-month,DSL,42.44,0
55,Month-to-month,DSL,58.56,0
43,Month-to-month,DSL,,0
25,Month-to-month,Fiber optic,68.12,0
24,Two year,DSL,36.07,0
51,Month-to-month,Fiber optic,49.1,0
62,One year,Fiber optic,75.24,0
9,Two year,DSL,41.95,0
61,Month-to-month,Fiber optic,75.35,1
60,One year,Fiber optic,71.86,0
7,Month-to-month,Fiber optic,58.43,0
7,Month-to-month,Fiber optic,72.7,0
50,Two year,DSL,29.51,0
61,Month-to-month,No,27.61,1
28,Two year,Fiber optic,69.25,0
46,One year,Fiber optic,88.49,0
72,Month-to-month,DSL,34.6,0
23,Month-to-month,Fiber optic,54.08,1
16,One year,DSL,40.04,0
72,Month-to-month,Fiber optic,77.31,0
20,Month-to-month,DSL,11.43,0
34,Month-to-month,Fiber optic,80.51,0
32,Month-to-month,DSL,42.5,1
38,Two year,DSL,31.3,0
19,Month-to-month,Fiber optic,65.59,0
49,Month-to-month,Fiber optic,61.11,0
50,One year,DSL,30.3,0
14,One year,No,1.74,0
35,Two year,DSL,53.77,0
4,Two year,Fiber optic,63.29,0
16,Month-to-month,DSL,40.3,0
72,Month-to-month,Fiber optic,80.14,0
36,One year,DSL,45.67,0
45,Month-to-month,DSL,26.29,0
64,One year,Fiber optic,78.07,0
52,Month-to-month,DSL,62.81,0
57,Two year,DSL,51.04,0
51,One year,Fiber optic,59.62,0
36,One year,DSL,27.33,0
46,Month-to-month,Fiber optic,59.18,0
21,Two year,DSL,46.24,0
65,One year,DSL,62.12,0
13,Two year,DSL,35.89,0
64,Two year,DSL,37.21,0
64,Month-to-month,Fiber optic,82.26,0
10,Month-to-month,DSL,39.79,1
51,Month-to-month,DSL,65.57,0
72,One year,DSL,,0
41,One year,Fiber optic,84.01,0
24,Month-to-month,DSL,49.59,0
64,Two year,Fiber optic,78.49,0
37,Month-to-month,Fiber optic,67.88,1
8,One year,Fiber optic,68.66,0
18,Month-to-month,DSL,50.03,0
49,Month-to-month,Fiber optic,79.58,0
33,Month-to-month,Fiber optic,76.31,1
15,One year,Fiber optic,48.79,0
58,One year,DSL,48.09,0
8,Month-to-month,No,17.12,0
15,Month-to-month,DSL,38.45,0
33,One year,No,30.49,0
2,Month-to-month,No,45.38,0
28,One year,Fiber optic,67.22,0
66,Month-to-month,Fiber optic,93.67,0
68,Two year,Fiber optic,56.84,0
63,One year,Fiber optic,84.78,0
23,Month-to-month,DSL,50.17,0
4,One year,DSL,47.5,0
59,Month-to-month,DSL,61.6,0
27,Two year,DSL,37.36,0
54,One year,DSL,60.33,0
8,Month-to-month,Fiber optic,67.5,0
48,One year,Fiber optic,62.29,0
42,Month-to-month,No,9.08,0
67,Two year,DSL,64.02,0
7,Two year,Fiber optic,83.7,0
29,One year,Fiber optic,64.26,0
72,Month-to-month,DSL,51.55,0
28,One year,DSL,46.52,0
48,Month-to-month,DSL,40.77,0
11,Month-to-month,No,36.58,0
53,Two year,Fiber optic,62.5,0
20,Month-to-month,No,-1.3,1
41,Month-to-month,DSL,48.12,0
64,Month-to-month,DSL,45.8,0
48,Two year,No,17.88,0
34,Two year,DSL,34.29,0
13,Month-to-month,Fiber optic,51.29,1
24,Month-to-month,DSL,40.65,1
61,Two year,DSL,34.5,0
15,Month-to-month,Fiber optic,81.57,0
47,Two year,DSL,51.2,0
35,Two year,DSL,39.19,0
23,One year,DSL,51.27,0
52,Month-to-month,Fiber optic,68.71,0
26,One year,Fiber optic,66.77,0
20,Two year,Fiber optic,69.34,1
38,Month-to-month,DSL,66.26,0
55,Two year,Fiber optic,77.73,0
63,Month-to-month,DSL,41.42,0
45,Two year,DSL,55.73,0
48,One year,Fiber optic,80.29,0
57,Month-to-month,Fiber optic,73.12,0
19,Month-to-month,Fiber optic,66.06,1
18,Month-to-month,DSL,40.26,0
35,Month-to-month,No,12.1,0
46,Two year,Fiber optic,72.17,0
47,Month-to-month,Fiber optic,62.68,0
11,Two year,DSL,39.76,0
56,Month-to-month,Fiber optic,77.49,0
26,One year,DSL,65.25,1
64,Two year,Fiber optic,74.49,0
52,One year,DSL,43.74,0
71,Two year,Fiber optic,69.77,0
46,Two year,DSL,58.66,0
38,One year,Fiber optic,74.65,0
13,One year,Fiber optic,72.32,0
29,Month-to-month,No,28.17,1
62,Month-to-month,Fiber optic,52.86,0
27,Month-to-month,Fiber optic,74.69,1
3,Two year,Fiber optic,59.5,1
17,One year,DSL,49.73,0
43,One year,DSL,36.18,0
45,Two year,DSL,52.09,0
71,Month-to-month,Fiber optic,68.16,0
68,Two year,Fiber optic,56.26,0
38,Month-to-month,Fiber optic,66.51,0
40,Month-to-month,Fiber optic,96.47,0
58,One year,Fiber optic,42.72,0
3,Month-to-month,DSL,47.0,0
43,One year,DSL,32.87,0
34,One year,DSL,61.52,0
57,Two year,DSL,54.8,0
58,Month-to-month,DSL,47.23,0
47,Month-to-month,Fiber optic,81.01,0
47,Month-to-month,DSL,,0
50,Month-to-month,Fiber optic,70.07,1
42,Month-to-month,DSL,37.81,1
16,Month-to-month,Fiber optic,65.67,1
20,Two year,DSL,39.43,0
54,Two year,DSL,45.12,0
45,Two year,Fiber optic,47.29,1
17,Month-to-month,Fiber optic,82.36,1
64,One year,DSL,68.36,0
71,Month-to-month,Fiber optic,64.81,0
45,Month-to-month,Fiber optic,84.1,0
16,Month-to-month,Fiber optic,68.39,1
68,Two year,Fiber optic,62.77,0
17,One year,DSL,40.42,0
31,Month-to-month,DSL,46.03,1
62,One year,DSL,36.34,0
38,Two year,DSL,52.27,0
17,Month-to-month,DSL,38.77,0
5,Two year,DSL,32.12,0
26,Month-to-month,Fiber optic,69.76,1
49,Month-to-month,DSL,36.67,0
52,Two year,Fiber optic,66.07,0
16,Month-to-month,Fiber optic,69.35,1
11,One year,DSL,28.92,0
51,Month-to-month,DSL,62.51,0
11,One year,DSL,54.75,0
4,One year,DSL,37.44,1
35,Two year,Fiber optic,69.77,0
41,Two year,Fiber optic,77.63,0
17,One year,Fiber optic,72.5,0
15,Month-to-month,Fiber optic,92.56,0
17,Month-to-month,DSL,42.14,0
25,One year,DSL,59.27,0
0,Month-to-month,Fiber optic,53.98,0
0,Month-to-month,Fiber optic,55.83,1
27,Two year,Fiber optic,90.21,1
1,Month-to-month,DSL,39.82,1
23,Month-to-month,Fiber optic,55.99,0
42,Two year,Fiber optic,69.43,0
2,One year,Fiber optic,85.17,0
45,One year,Fiber optic,60.84,0
45,Month-to-month,Fiber optic,69.5,0
41,Month-to-month,DSL,22.75,0
45,One year,Fiber optic,64.37,0
59,Month-to-month,Fiber optic,81.97,0
5,One year,Fiber optic,60.59,0
12,Month-to-month,Fiber optic,54.74,1
23,Month-to-month,No,15.69,0
50,Month-to-month,DSL,37.68,1
63,Month-to-month,Fiber optic,79.18,0
67,Month-to-month,DSL,49.56,0
42,One year,Fiber optic,76.88,0
29,One year,Fiber optic,70.34,0
30,Month-to-month,Fiber optic,62.56,0
4,One year,DSL,35.68,1
33,Month-to-month,DSL,50.19,0
37,Month-to-month,Fiber optic,89.07,0
15,Two year,DSL,33.71,1
56,One year,Fiber optic,57.78,0
59,One year,Fiber optic,56.37,0
22,Month-to-month,Fiber optic,79.98,0
66,Month-to-month,Fiber optic,69.49,0
7,One year,Fiber optic,76.66,1
66,One year,No,18.9,0
56,One year,Fiber optic,77.42,0
16,Two year,Fiber optic,66.55,0
47,Month-to-month,Fiber optic,51.46,0
22,Two year,Fiber optic,81.07,0
58,One year,Fiber optic,69.57,0
11,Month-to-month,Fiber optic,66.28,0
17,Month-to-month,Fiber optic,73.38,1
22,One year,Fiber optic,52.67,0
14,Month-to-month,Fiber optic,75.17,1
24,One year,DSL,37.85,0
43,One year,No,23.13,0
46,Month-to-month,Fiber optic,83.67,0
40,Month-to-month,DSL,52.71,0
13,One year,DSL,42.88,0
14,Month-to-month,DSL,43.79,0
67,Two year,DSL,14.27,0
18,Month-to-month,DSL,35.14,1
7,Two year,No,27.01,0
33,Month-to-month,Fiber optic,60.83,0
0,Month-to-month,Fiber optic,54.08,0
25,One year,DSL,50.76,0
62,Month-to-month,No,40.68,0
19,Month-to-month,DSL,36.34,0
51,Month-to-month,No,35.5,0
35,One year,DSL,53.7,0
25,One year,DSL,33.28,0
48,Month-to-month,DSL,36.27,0
43,Month-to-month,DSL,66.64,1
23,Month-to-month,DSL,31.6,0
16,Two year,DSL,37.69,0
66,Month-to-month,Fiber optic,93.59,0
12,One year,No,18.17,0
70,Month-to-month,DSL,61.24,0
34,One year,DSL,32.74,0
72,Two year,Fiber optic,71.66,0
25,Month-to-month,Fiber optic,83.03,0
41,One year,Fiber optic,64.39,0
44,Month-to-month,Fiber optic,71.2,1
24,One year,DSL,53.93,0
15,Month-to-month,DSL,34.18,0
37,Month-to-month,DSL,71.88,0
48,Month-to-month,Fiber optic,82.45,0
19,Month-to-month,No,20.71,0
55,Two year,DSL,42.18,0
46,One year,DSL,67.94,0
12,Month-to-month,Fiber optic,65.74,0
68,Month-to-month,DSL,39.33,0
3,One year,Fiber optic,83.75,0
47,Month-to-month,Fiber optic,53.19,0
32,Month-to-month,DSL,44.06,0
47,One year,DSL,46.01,0
56,Month-to-month,Fiber optic,61.56,0
50,Month-to-month,No,6.21,0
47,Month-to-month,DSL,45.83,0
61,Month-to-month,DSL,53.26,0
51,One year,Fiber optic,61.85,0
59,One year,Fiber optic,55.84,0
29,Two year,DSL,60.07,0
14,Month-to-month,DSL,51.34,0
17,One year,DSL,40.66,0
44,Two year,Fiber optic,81.05,0
38,One year,Fiber optic,72.9,0
5,Two year,Fiber optic,91.47,1
14,Two year,DSL,52.97,0
70,Two year,DSL,28.32,0
53,Two year,Fiber optic,62.1,0
55,One year,DSL,37.67,0
14,Month-to-month,DSL,48.71,0
4,Two year,Fiber optic,66.36,1
21,Two year,Fiber optic,56.47,0
62,Month-to-month,DSL,52.07,0
36,Month-to-month,No,37.0,0
57,Month-to-month,Fiber optic,68.77,0
35,Two year,Fiber optic,72.51,0
35,Month-to-month,DSL,33.39,0
43,Month-to-month,Fiber optic,63.73,0
70,Month-to-month,DSL,39.22,0
31,Month-to-month,DSL,51.7,0
43,Two year,Fiber optic,73.07,0
67,Month-to-month,DSL,41.04,0
27,Month-to-month,DSL,40.57,0
61,Month-to-month,DSL,21.39,0
39,One year,Fiber optic,89.27,0
64,One year,DSL,19.97,0
34,Month-to-month,DSL,50.06,0
45,Month-to-month,Fiber optic,70.45,0
23,Two year,Fiber optic,66.81,0
46,One year,No,24.9,0
23,One year,Fiber optic,62.04,0
44,Month-to-month,Fiber optic,77.83,0
57,Two year,Fiber optic,54.24,0
31,One year,DSL,48.93,0
31,Month-to-month,DSL,36.87,0
23,Two year,Fiber optic,64.88,0
53,Two year,Fiber optic,65.2,0
43,One year,DSL,43.02,0
37,One year,DSL,51.03,0
1,Month-to-month,Fiber optic,69.57,1
8,Month-to-month,Fiber optic,81.2,1
0,Month-to-month,DSL,57.54,0
62,One year,Fiber optic,73.71,0
62,Month-to-month,Fiber optic,78.19,0
4,Month-to-month,No,49.3,0
3,Two year,DSL,28.04,0
57,Month-to-month,Fiber optic,82.91,0
38,Two year,DSL,63.54,0
22,Month-to-month,DSL,50.2,0
44,Month-to-month,No,47.85,0
17,Month-to-month,No,46.29,0
14,Month-to-month,DSL,40.96,1
26,Month-to-month,Fiber optic,66.87,1
65,Month-to-month,Fiber optic,76.37,0
56,One year,DSL,37.51,0
13,Month-to-month,Fiber optic,102.53,1
41,Month-to-month,DSL,54.47,0
64,Month-to-month,Fiber optic,70.56,0
69,Month-to-month,DSL,28.08,0
55,Month-to-month,No,28.02,0
9,Month-to-month,Fiber optic,55.77,1
17,One year,DSL,54.12,0
15,One year,DSL,14.97,0
11,Two year,DSL,61.6,0
12,One year,No,19.91,0
23,Month-to-month,DSL,24.7,0
40,Month-to-month,Fiber optic,69.8,0
29,Month-to-month,Fiber optic,70.2,0
30,One year,DSL,44.23,0
17,Month-to-month,Fiber optic,86.56,1
11,Month-to-month,DSL,49.57,0
72,Two year,DSL,54.55,0
43,Month-to-month,Fiber optic,67.02,1
16,Month-to-month,Fiber optic,75.12,0
59,Two year,Fiber optic,54.3,0
60,Month-to-month,Fiber optic,73.1,0
70,Month-to-month,DSL,35.9,0
11,Month-to-month,Fiber optic,85.84,0
46,Month-to-month,DSL,45.91,0
71,Two year,No,32.95,0
58,One year,DSL,48.15,0
16,Month-to-month,DSL,66.68,0
65,Month-to-month,No,6.28,0
30,Month-to-month,Fiber optic,68.63,1
35,One year,Fiber optic,58.48,0
40,Month-to-month,Fiber optic,45.4,0
56,Month-to-month,Fiber optic,57.7,0
8,One year,Fiber optic,84.06,0
39,Two year,DSL,44.64,1
59,Two year,Fiber optic,67.36,0
40,Two year,Fiber optic,79.28,0
20,Month-to-month,Fiber optic,71.39,1
4,One year,Fiber optic,77.36,1
40,Two year,DSL,48.87,0
51,Month-to-month,Fiber optic,76.51,0
40,Month-to-month,Fiber optic,64.6,0
71,Month-to-month,Fiber optic,82.57,0
43,Two year,DSL,30.45,0
37,Two year,Fiber optic,68.97,0
4,Two year,DSL,58.16,0
40,Month-to-month,DSL,43.15,0
12,Two year,DSL,39.83,0
52,Month-to-month,Fiber optic,97.46,0
11,Month-to-month,DSL,62.02,0
66,One year,Fiber optic,71.7,0
22,One year,DSL,33.35,0
31,Two year,DSL,20.58,0
10,Month-to-month,Fiber optic,78.5,0
15,Month-to-month,Fiber optic,85.19,1
67,Month-to-month,DSL,49.75,0
20,Month-to-month,DSL,24.47,0
37,Two year,Fiber optic,71.92,0
71,Month-to-month,DSL,39.16,0
45,Month-to-month,Fiber optic,71.94,1
3,Month-to-month,DSL,68.32,1
26,One year,DSL,54.47,0
28,Two year,Fiber optic,76.91,0
20,Month-to-month,Fiber optic,69.46,1
17,Month-to-month,Fiber optic,74.97,0
36,Two year,DSL,36.32,0
27,One year,Fiber optic,76.66,0
21,Month-to-month,Fiber optic,67.68,0
30,Month-to-month,DSL,35.13,1
25,Two year,Fiber optic,79.78,0
16,One year,Fiber optic,43.22,0
33,Month-to-month,DSL,38.46,0
68,Month-to-month,DSL,52.36,0
36,Month-to-month,DSL,59.7,1
43,Month-to-month,Fiber optic,75.66,0
71,Month-to-month,DSL,36.93,0
44,Month-to-month,DSL,44.39,0
16,Month-to-month,Fiber optic,73.5,1
29,Month-to-month,No,43.73,0
35,Month-to-month,Fiber optic,81.05,0
34,Month-to-month,Fiber optic,81.14,1
10,Two year,DSL,45.79,0
7,Month-to-month,Fiber optic,57.15,1
25,Two year,No,8.13,0
66,Two year,Fiber optic,66.38,0
52,Two year,Fiber optic,78.39,0
61,Month-to-month,Fiber optic,63.98,0
12,Month-to-month,Fiber optic,76.87,1
30,One year,No,15.46,0
42,Month-to-month,No,17.31,0
31,Month-to-month,DSL,61.9,0
30,Month-to-month,Fiber optic,79.2,0
26,One year,Fiber optic,66.32,0
3,Two year,Fiber optic,60.03,1
62,Month-to-month,Fiber optic,81.39,0
68,Two year,Fiber optic,80.52,0
5,One year,Fiber optic,77.67,0
30,Month-to-month,Fiber optic,67.87,0
37,Month-to-month,DSL,31.86,0
57,Month-to-month,Fiber optic,69.82,0
72,Two year,Fiber optic,86.89,0
30,One year,Fiber optic,59.09,0
54,One year,DSL,45.57,0
68,One year,DSL,64.63,0
60,Month-to-month,Fiber optic,66.35,0
21,Two year,DSL,43.47,0
59,Two year,DSL,28.8,0
30,One year,Fiber optic,77.48,0
1,Month-to-month,Fiber optic,61.11,1
55,Month-to-month,No,6.34,0
60,Month-to-month,Fiber optic,58.56,0
25,Month-to-month,Fiber optic,72.5,0
32,One year,DSL,26.04,1
26,One year,Fiber optic,53.37,0
8,Two year,DSL,51.71,0
72,Month-to-month,DSL,44.13,0
1,Month-to-month,DSL,34.03,0
40,Month-to-month,DSL,41.14,0
1,Two year,DSL,65.86,0
50,One year,Fiber optic,85.38,0
65,Month-to-month,DSL,43.71,0
46,One year,Fiber optic,79.79,0
44,One year,Fiber optic,71.45,0
60,Month-to-month,No,3.71,0
71,Month-to-month,No,1.56,0
62,Month-to-month,DSL,34.09,1
16,Month-to-month,DSL,26.09,0
41,One year,Fiber optic,73.26,0
59,Month-to-month,DSL,38.4,0
21,One year,Fiber optic,75.1,1
49,One year,Fiber optic,75.29,0
1,Month-to-month,Fiber optic,78.28,1
64,Two year,DSL,33.83,0
44,Month-to-month,No,31.19,0
54,One year,No,13.53,0
60,Month-to-month,DSL,53.54,0
15,One year,Fiber optic,84.67,0
32,Month-to-month,Fiber optic,78.68,0
62,Month-to-month,Fiber optic,67.88,0
12,Month-to-month,Fiber optic,76.8,0
60,One year,DSL,26.6,0
21,One year,Fiber optic,48.9,0
42,One year,DSL,50.6,1
37,Month-to-month,Fiber optic,85.69,0
50,One year,Fiber optic,55.22,0
61,One year,DSL,45.18,0
25,Month-to-month,DSL,50.27,0
12,Month-to-month,Fiber optic,62.63,0
30,Month-to-month,DSL,40.93,0
44,Two year,DSL,52.36,0
54,Month-to-month,Fiber optic,71.3,0
54,Month-to-month,Fiber optic,71.35,0
24,Two year,No,13.21,0
68,Two year,Fiber optic,69.63,0
6,Month-to-month,Fiber optic,65.23,0
8,Two year,Fiber optic,65.87,0
1,Month-to-month,DSL,38.5,1
67,Two year,No,24.67,0
13,Month-to-month,Fiber optic,59.58,1
43,Month-to-month,DSL,45.15,0
59,Two year,DSL,40.62,0
55,Month-to-month,Fiber optic,58.81,0
69,Two year,DSL,21.62,0
3,Month-to-month,No,36.37,0
29,Month-to-month,No,33.96,0
36,Two year,DSL,35.34,0
50,Month-to-month,Fiber optic,78.18,0
45,Two year,Fiber optic,57.7,1
40,Two year,Fiber optic,66.31,0
22,Month-to-month,DSL,38.64,0
7,Month-to-month,Fiber optic,66.67,1
31,Month-to-month,DSL,52.75,1
18,Month-to-month,DSL,40.18,0
40,Month-to-month,Fiber optic,65.92,1
58,Month-to-month,No,33.92,0
40,Two year,Fiber optic,70.74,0
42,Month-to-month,Fiber optic,62.9,0
3,One year,DSL,47.89,0
47,Month-to-month,Fiber optic,81.91,1
32,Month-to-month,Fiber optic,82.67,0
9,Month-to-month,No,9.1,1
15,Month-to-month,No,9.71,0
56,One year,DSL,56.99,0
66,Month-to-month,Fiber optic,66.55,1
37,Two year,Fiber optic,43.6,0
71,Two year,Fiber optic,61.24,0
13,Month-to-month,Fiber optic,64.73,0
21,Two year,No,21.25,0
67,Two year,Fiber optic,79.18,0
12,Month-to-month,DSL,33.85,1
48,Two year,Fiber optic,81.23,0
16,Month-to-month,DSL,48.42,1
24,One year,Fiber optic,54.56,0
34,Month-to-month,Fiber optic,66.17,1
26,Two year,Fiber optic,75.94,0
63,Two year,No,25.47,0
71,Two year,DSL,49.55,0
36,Two year,DSL,37.95,0
38,Month-to-month,Fiber optic,76.66,1
4,One year,DSL,40.22,0
17,Month-to-month,DSL,75.55,0
2,Month-to-month,Fiber optic,54.17,0
62,Month-to-month,DSL,77.38,0
16,Two year,DSL,33.59,0
24,One year,No,40.25,0
61,Month-to-month,No,34.93,0
52,Two year,DSL,34.09,0
45,Two year,Fiber optic,,0
2,Month-to-month,Fiber optic,64.05,0
41,Month-to-month,Fiber optic,73.3,0
40,One year,Fiber optic,71.77,0
23,One year,Fiber optic,65.81,0
54,Month-to-month,DSL,39.81,1
67,Month-to-month,DSL,49.09,0
18,Month-to-month,DSL,34.15,1
24,Month-to-month,No,14.61,0
23,Month-to-month,Fiber optic,,1
60,Month-to-month,Fiber optic,75.14,0
5,Month-to-month,DSL,29.32,0
65,One year,DSL,32.96,0
56,Month-to-month,DSL,19.36,0
35,Month-to-month,DSL,55.92,1
42,Month-to-month,Fiber optic,78.26,0
65,Two year,DSL,31.93,0
56,Month-to-month,No,32.8,0
20,Month-to-month,Fiber optic,93.83,1
3,Month-to-month,DSL,26.53,0
48,One year,Fiber optic,62.62,1
10,Month-to-month,Fiber optic,51.27,1
6,Month-to-month,Fiber optic,81.38,0
71,Two year,DSL,43.85,0
34,One year,DSL,40.22,0
47,Month-to-month,No,27.73,0
15,Month-to-month,DSL,38.32,0
7,Two year,Fiber optic,65.18,1
4,Two year,DSL,48.3,0
25,One year,Fiber optic,62.68,0
0,One year,DSL,39.37,0
30,Two year,Fiber optic,68.12,0
23,Two year,DSL,46.1,0
38,Month-to-month,No,32.22,0
43,Two year,Fiber optic,77.0,0
22,One year,DSL,27.0,1
33,One year,DSL,61.9,0
5,Month-to-month,Fiber optic,70.71,0
22,Month-to-month,Fiber optic,66.02,1
71,Two year,DSL,34.16,0
72,One year,Fiber optic,93.87,0
35,Month-to-month,Fiber optic,98.32,0
68,One year,DSL,67.39,0
36,Month-to-month,DSL,46.46,0
9,Month-to-month,Fiber optic,74.13,0
63,One year,No,42.89,0
30,One year,DSL,42.11,0
44,Month-to-month,No,31.5,0
47,Month-to-month,DSL,47.73,0
22,Month-to-month,Fiber optic,93.03,0
53,One year,Fiber optic,87.24,0
36,Two year,No,23.34,0
26,One year,DSL,63.3,0
21,One year,DSL,44.95,0
54,Month-to-month,DSL,38.45,0
18,Month-to-month,Fiber optic,66.58,0
9,Two year,DSL,46.77,1
64,Month-to-month,Fiber optic,60.58,0
24,Month-to-month,DSL,38.79,0
46,Month-to-month,DSL,27.68,0
52,One year,DSL,35.13,0
61,Month-to-month,Fiber optic,72.81,0
45,Month-to-month,DSL,57.51,0
51,One year,Fiber optic,80.97,0
61,Month-to-month,Fiber optic,75.16,0
68,Month-to-month,Fiber optic,51.65,1
3,Two year,Fiber optic,59.67,1
54,Two year,Fiber optic,67.63,1
12,Month-to-month,Fiber optic,81.55,1
65,Month-to-month,Fiber optic,63.32,0
3,Month-to-month,Fiber optic,55.36,1
18,Month-to-month,DSL,62.38,0
14,Two year,DSL,36.18,0
44,One year,Fiber optic,56.47,0
0,Month-to-month,Fiber optic,72.73,1
1,One year,Fiber optic,69.4,0
36,Month-to-month,Fiber optic,64.0,0
70,Month-to-month,DSL,45.0,0
38,Two year,DSL,33.89,0
32,Month-to-month,Fiber optic,63.86,1
48,Month-to-month,Fiber optic,69.57,0
40,Two year,Fiber optic,45.57,0
28,Month-to-month,Fiber optic,81.46,1
42,Month-to-month,DSL,28.53,0
0,Month-to-month,DSL,33.73,0
17,Month-to-month,DSL,57.0,1
49,Month-to-month,DSL,51.83,0
24,Month-to-month,DSL,46.05,0
3,Month-to-month,Fiber optic,49.5,0
9,Month-to-month,DSL,37.73,0
63,One year,DSL,42.41,0
24,Two year,Fiber optic,68.28,0
1,One year,DSL,58.7,0
53,One year,DSL,68.93,0
38,Two year,Fiber optic,77.38,0
32,Month-to-month,DSL,38.59,0
65,Month-to-month,Fiber optic,84.57,0
22,Month-to-month,Fiber optic,62.93,0
41,Month-to-month,Fiber optic,38.52,0
54,Two year,DSL,30.01,0
44,Month-to-month,DSL,16.54,0
15,Two year,DSL,40.39,0
49,Month-to-month,DSL,42.86,0
54,Month-to-month,Fiber optic,50.89,0
8,Month-to-month,DSL,34.75,0
12,Month-to-month,Fiber optic,52.88,0
49,Month-to-month,Fiber optic,68.48,0
8,One year,DSL,34.76,0
64,Month-to-month,Fiber optic,82.12,1
7,Two year,No,27.04,0
71,Two year,Fiber optic,89.26,0
49,Month-to-month,DSL,39.54,0
32,Two year,Fiber optic,95.73,0
19,Month-to-month,DSL,45.03,1
25,Month-to-month,DSL,38.66,0
54,Month-to-month,Fiber optic,98.9,1
54,One year,No,3.06,0
15,Month-to-month,DSL,38.37,1
39,One year,Fiber optic,50.02,0
72,Two year,DSL,22.94,0
18,Month-to-month,Fiber optic,45.19,0
50,Two year,DSL,52.4,0
12,One year,Fiber optic,54.05,0
60,Month-to-month,DSL,41.94,0
12,Month-to-month,Fiber optic,80.7,0
21,Month-to-month,DSL,50.56,0
33,Month-to-month,No,29.97,0
27,One year,No,39.57,0
12,Month-to-month,DSL,64.31,0
46,Month-to-month,DSL,29.98,0
1,One year,DSL,50.8,1
71,One year,Fiber optic,66.73,0
3,Two year,DSL,43.24,0
24,Month-to-month,DSL,26.86,0
67,One year,Fiber optic,63.62,0
11,Month-to-month,DSL,39.93,1
5,One year,Fiber optic,87.16,0
54,Month-to-month,DSL,31.14,0
5,Month-to-month,Fiber optic,41.37,1
65,Two year,DSL,44.93,0
32,One year,Fiber optic,54.92,0
63,One year,Fiber optic,68.33,0
17,Month-to-month,DSL,52.93,0
10,One year,Fiber optic,68.8,1
70,Month-to-month,Fiber optic,64.83,0
55,Month-to-month,DSL,43.12,0
66,Month-to-month,No,35.17,0
23,Month-to-month,DSL,31.14,0
29,Month-to-month,Fiber optic,78.74,1
42,One year,Fiber optic,57.95,1
32,Month-to-month,DSL,52.22,1
17,Two year,DSL,26.48,0
27,Two year,No,31.51,0
44,Month-to-month,Fiber optic,68.78,0
2,One year,DSL,46.16,0
24,Month-to-month,No,36.51,0
21,Two year,Fiber optic,60.15,0
5,Month-to-month,No,24.7,0
8,Month-to-month,Fiber optic,73.64,1
36,Month-to-month,DSL,41.41,0
7,Two year,Fiber optic,78.6,1
25,Month-to-month,DSL,48.96,0
40,Two year,No,18.04,0
63,Month-to-month,Fiber optic,85.13,1
7,One year,DSL,51.74,0
31,Month-to-month,Fiber optic,59.89,0
7,Month-to-month,Fiber optic,59.77,1
31,Month-to-month,DSL,42.37,0
35,Month-to-month,DSL,50.37,0
58,One year,Fiber optic,43.44,0
32,One year,Fiber optic,60.39,0
68,Month-to-month,Fiber optic,63.07,0
10,Month-to-month,Fiber optic,52.75,0
3,Month-to-month,Fiber optic,57.74,1
0,One year,Fiber optic,71.65,1
26,One year,DSL,39.13,0
14,Two year,Fiber optic,65.08,0
6,Two year,No,8.46,0
17,Month-to-month,Fiber optic,67.44,1
71,Month-to-month,DSL,26.95,0
58,Two year,Fiber optic,87.51,0
1,Month-to-month,Fiber optic,90.92,1
66,Month-to-month,DSL,39.32,1
14,Month-to-month,Fiber optic,56.53,1
29,One year,Fiber optic,80.26,0
23,One year,Fiber optic,77.11,0
29,Two year,DSL,67.5,0
55,Month-to-month,Fiber optic,95.69,1
52,Month-to-month,Fiber optic,45.68,0
43,Month-to-month,Fiber optic,83.9,0
45,One year,DSL,42.33,0
53,Month-to-month,No,31.59,0
13,Two year,Fiber optic,79.33,1
28,Month-to-month,Fiber optic,78.83,0
7,One year,DSL,57.0,0
51,Two year,No,18.28,0
31,Month-to-month,Fiber optic,58.57,1
46,One year,DSL,59.24,0
41,Month-to-month,DSL,34.54,0
19,Two year,Fiber optic,92.34,0
10,Two year,DSL,35.83,0
71,One year,DSL,40.43,0
21,Month-to-month,Fiber optic,67.72,1
7,Two year,Fiber optic,51.51,1
22,Two year,Fiber optic,51.54,0
65,One year,Fiber optic,80.94,0
19,Two year,DSL,24.36,0
72,Month-to-month,DSL,75.24,0
33,Month-to-month,DSL,43.87,0
62,Month-to-month,DSL,32.65,0
47,Month-to-month,Fiber optic,75.04,1
3,Month-to-month,Fiber optic,40.46,1
37,One year,DSL,41.0,0
30,Month-to-month,Fiber optic,67.54,0
14,Month-to-month,Fiber optic,54.81,1
40,One year,DSL,37.42,0
7,One year,DSL,63.31,1
50,Two year,Fiber optic,72.2,0
59,Month-to-month,DSL,49.79,0
6,Two year,Fiber optic,60.56,1
34,Month-to-month,DSL,29.12,0
47,Month-to-month,DSL,42.11,0
4,One year,DSL,15.51,0
28,Month-to-month,Fiber optic,56.84,0
18,One year,DSL,,1
2,Month-to-month,Fiber optic,45.53,0
58,Month-to-month,DSL,52.79,0
32,Month-to-month,No,23.43,0
54,Month-to-month,Fiber optic,62.56,0
42,Month-to-month,DSL,53.05,1
63,Month-to-month,Fiber optic,50.27,0
72,Month-to-month,DSL,28.88,0
43,One year,DSL,58.41,0
25,Month-to-month,Fiber optic,97.38,0
30,One year,DSL,53.21,0
60,One year,No,30.66,0
31,Month-to-month,DSL,38.02,0
37,Month-to-month,No,18.29,0
14,One year,Fiber optic,72.73,1
72,Two year,No,41.47,0
47,Month-to-month,Fiber optic,75.12,0
24,Two year,Fiber optic,81.5,0
42,Month-to-month,Fiber optic,59.01,1
29,Month-to-month,Fiber optic,77.4,0
11,Month-to-month,DSL,36.94,0
63,Month-to-month,Fiber optic,71.68,0
64,Month-to-month,DSL,52.39,0
60,Month-to-month,Fiber optic,63.63,0
26,Month-to-month,Fiber optic,57.8,1
18,One year,DSL,49.35,1
3,Month-to-month,DSL,43.38,1
53,Two year,Fiber optic,71.63,0
23,Two year,DSL,52.89,0
65,Month-to-month,DSL,60.69,0
63,Month-to-month,Fiber optic,77.96,0
9,Month-to-month,Fiber optic,76.38,0
66,Two year,No,19.0,0
10,Month-to-month,Fiber optic,65.84,0
35,Month-to-month,Fiber optic,75.45,1
34,Two year,Fiber optic,65.64,0
69,Month-to-month,Fiber optic,75.4,0
47,Month-to-month,No,15.21,0
63,Two year,No,48.15,0
43,Two year,DSL,47.32,0
60,Month-to-month,DSL,46.54,0
62,Month-to-month,DSL,39.21,1
62,Month-to-month,DSL,67.96,1
30,Month-to-month,DSL,29.96,0
27,Month-to-month,No,16.56,1
71,Month-to-month,Fiber optic,80.24,1
55,One year,Fiber optic,72.88,0
66,One year,DSL,38.08,0
42,Two year,DSL,38.42,1
67,Two year,Fiber optic,66.51,0
52,Month-to-month,Fiber optic,71.23,1
54,Month-to-month,DSL,63.64,0
12,Month-to-month,DSL,52.26,0
41,Month-to-month,DSL,57.28,0
53,Month-to-month,DSL,39.79,0
55,One year,DSL,51.19,0
69,Month-to-month,DSL,26.34,0
23,Month-to-month,DSL,47.19,0
22,Month-to-month,Fiber optic,71.42,1
70,Two year,Fiber optic,91.86,0
71,One year,Fiber optic,88.69,0
13,Month-to-month,DSL,41.9,1
27,Month-to-month,DSL,35.19,1
69,Two year,Fiber optic,60.52,0
14,Month-to-month,DSL,41.46,0
57,One year,DSL,60.62,0
8,One year,Fiber optic,74.98,1
13,One year,Fiber optic,76.22,1
57,Month-to-month,DSL,54.73,0
44,Two year,Fiber optic,58.07,0
40,Month-to-month,DSL,36.49,0
62,Month-to-month,DSL,51.24,0
22,Month-to-month,DSL,35.65,1
36,Month-to-month,DSL,26.68,0
44,Month-to-month,DSL,32.01,0
54,One year,No,37.65,0
24,Two year,Fiber optic,65.51,1
46,Month-to-month,Fiber optic,72.71,1
32,Two year,Fiber optic,57.61,0
39,Two year,DSL,49.55,0
62,Month-to-month,Fiber optic,66.76,0
28,One year,DSL,50.35,0
48,Two year,Fiber optic,64.27,0
68,One year,DSL,51.05,0
55,Month-to-month,DSL,38.68,0
72,Two year,DSL,44.04,0
42,One year,DSL,41.74,0
20,Month-to-month,DSL,45.31,0
72,Month-to-month,DSL,48.35,0
47,Month-to-month,Fiber optic,64.06,0
17,Month-to-month,DSL,43.56,0
23,Month-to-month,Fiber optic,72.24,1
19,Month-to-month,Fiber optic,76.09,0
60,Two year,Fiber optic,69.09,0
6,One year,Fiber optic,59.36,1
54,Month-to-month,Fiber optic,71.04,0
40,Month-to-month,DSL,53.04,0
5,Month-to-month,DSL,29.0,0
44,Month-to-month,Fiber optic,54.14,1
54,One year,Fiber optic,62.05,0
52,Month-to-month,DSL,42.69,0
38,Two year,DSL,18.64,0
24,Month-to-month,DSL,51.89,0
11,Month-to-month,DSL,42.81,0
0,Two year,DSL,16.79,0
26,Month-to-month,Fiber optic,56.64,1
46,Month-to-month,DSL,41.39,0
2,Month-to-month,Fiber optic,48.73,1
72,One year,Fiber optic,81.65,0
42,Month-to-month,No,27.24,0
21,Two year,DSL,53.14,0
70,One year,Fiber optic,57.65,0
13,Two year,Fiber optic,74.94,0
69,One year,DSL,37.07,0
20,One year,Fiber optic,67.69,0
27,One year,No,29.23,0
31,Month-to-month,Fiber optic,69.16,0
72,One year,Fiber optic,79.7,0
18,One year,Fiber optic,71.67,0
71,Month-to-month,DSL,39.44,0
25,One year,Fiber optic,80.11,0
20,Month-to-month,Fiber optic,82.64,0
46,Month-to-month,No,26.05,0
50,Month-to-month,Fiber optic,86.03,0
25,Month-to-month,DSL,42.17,0
9,Month-to-month,Fiber optic,68.46,0
28,Month-to-month,DSL,45.05,0
39,Month-to-month,Fiber optic,68.44,0
2,Month-to-month,DSL,41.27,1
5,One year,DSL,36.42,0
67,Month-to-month,DSL,33.07,0
2,Two year,No,26.33,0
29,Two year,Fiber optic,84.38,0
55,Month-to-month,Fiber optic,79.77,0
23,Month-to-month,Fiber optic,74.66,0
36,Month-to-month,DSL,59.99,0
6,Month-to-month,Fiber optic,70.23,0
57,Month-to-month,DSL,33.13,0
46,One year,No,20.81,0
62,One year,Fiber optic,69.27,0
63,Month-to-month,Fiber optic,63.85,0
25,One year,DSL,52.32,0
3,Month-to-month,Fiber optic,81.23,1
25,Two year,Fiber optic,49.21,0
10,Two year,Fiber optic,68.25,0
38,Month-to-month,DSL,10.16,0
10,One year,DSL,43.9,0
67,Two year,Fiber optic,68.77,0
43,Month-to-month,Fiber optic,91.31,0
18,Month-to-month,DSL,62.72,0
67,One year,Fiber optic,81.19,0
56,Month-to-month,DSL,33.48,0
31,Month-to-month,DSL,32.79,0
10,One year,No,11.85,0
25,Month-to-month,DSL,63.32,1
42,Month-to-month,DSL,34.07,1
55,Two year,DSL,40.37,0
19,Month-to-month,DSL,34.2,1
54,Month-to-month,Fiber optic,54.9,0
20,One year,DSL,48.99,0
18,Month-to-month,DSL,46.84,0
32,One year,Fiber optic,43.31,0
11,One year,DSL,29.38,0
29,Month-to-month,Fiber optic,73.06,1
26,Month-to-month,Fiber optic,69.13,0
20,Two year,Fiber optic,65.19,0
56,Two year,Fiber optic,77.27,0
24,Month-to-month,Fiber optic,52.68,1
50,Month-to-month,DSL,37.86,0
52,Month-to-month,DSL,51.22,0
48,Two year,No,,0
19,Two year,No,28.75,0
60,Month-to-month,Fiber optic,56.25,0
17,Two year,DSL,35.11,1
20,Month-to-month,Fiber optic,48.61,0
63,Month-to-month,DSL,20.31,0
24,One year,DSL,39.29,0
50,Month-to-month,Fiber optic,75.4,1
3,One year,Fiber optic,68.62,0
44,Month-to-month,DSL,58.92,0
63,One year,Fiber optic,65.29,0
51,Two year,Fiber optic,44.56,0
42,Month-to-month,DSL,49.13,1
61,Month-to-month,Fiber optic,57.06,0
21,One year,DSL,46.51,0
27,Month-to-month,DSL,17.57,0
5,One year,Fiber optic,66.7,0
50,One year,Fiber optic,78.43,0
52,Month-to-month,Fiber optic,76.97,1
54,Two year,No,21.99,0
54,Month-to-month,DSL,44.38,0
9,Month-to-month,Fiber optic,64.03,1
48,Month-to-month,DSL,41.42,1
55,One year,Fiber optic,77.52,0
14,Two year,Fiber optic,61.0,0
34,Month-to-month,Fiber optic,62.18,1
66,Month-to-month,DSL,26.05,0
30,Month-to-month,Fiber optic,77.76,0
54,One year,DSL,41.16,0
38,Month-to-month,Fiber optic,54.84,0
48,Month-to-month,DSL,54.87,0
45,Month-to-month,DSL,43.79,0
47,Month-to-month,Fiber optic,60.44,1
56,One year,Fiber optic,80.06,0
66,Month-to-month,DSL,40.25,0
21,Month-to-month,Fiber optic,50.51,0
67,Month-to-month,Fiber optic,80.85,0
45,Month-to-month,DSL,34.27,0
43,Month-to-month,DSL,80.59,0
23,Month-to-month,DSL,39.0,0
30,Month-to-month,Fiber optic,45.16,0
47,Month-to-month,Fiber optic,90.4,0
26,Month-to-month,DSL,43.67,0
20,One year,DSL,47.42,0
59,Month-to-month,Fiber optic,73.93,0
30,Month-to-month,Fiber optic,53.02,0
47,One year,Fiber optic,43.35,0
2,Month-to-month,Fiber optic,92.79,1
5,Month-to-month,No,5.59,0
61,Two year,Fiber optic,89.0,0
10,Month-to-month,DSL,50.67,1
58,Two year,Fiber optic,71.45,0
65,Month-to-month,Fiber optic,63.73,0
35,Two year,DSL,72.06,0
64,Two year,DSL,36.04,0
31,Month-to-month,Fiber optic,61.37,0
69,Month-to-month,Fiber optic,77.43,0
17,One year,Fiber optic,61.28,0
31,Month-to-month,Fiber optic,57.21,0
28,Month-to-month,DSL,43.66,0
57,Two year,Fiber optic,77.61,0
3,One year,Fiber optic,91.92,0
60,Two year,DSL,69.37,0
1,Two year,DSL,22.88,1
23,Two year,Fiber optic,81.88,0
43,One year,DSL,32.56,0
10,One year,Fiber optic,58.16,0
35,Two year,Fiber optic,62.9,0
72,One year,Fiber optic,62.13,0
60,Month-to-month,DSL,31.53,0
2,One year,Fiber optic,41.47,0
43,Month-to-month,No,41.74,1
43,Two year,Fiber optic,80.16,0
4,One year,DSL,44.19,0
47,One year,Fiber optic,57.77,0
38,Month-to-month,Fiber optic,84.21,0
49,Month-to-month,DSL,43.62,0
21,Month-to-month,Fiber optic,62.48,0
18,One year,DSL,24.66,0
53,One year,DSL,50.85,1
52,Month-to-month,DSL,40.38,0
11,Month-to-month,DSL,47.52,0
15,Month-to-month,Fiber optic,71.41,0
42,Month-to-month,DSL,52.02,0
60,Two year,DSL,47.0,0
14,Two year,DSL,40.73,0
15,One year,DSL,51.05,0
58,Month-to-month,DSL,55.8,0
50,Month-to-month,DSL,62.95,0
65,Two year,Fiber optic,55.95,0
57,Two year,Fiber optic,82.74,0
69,Month-to-month,Fiber optic,50.34,0
13,One year,Fiber optic,81.57,0
19,Month-to-month,DSL,,0
17,Month-to-month,Fiber optic,79.5,0
4,Two year,Fiber optic,87.31,0
56,Two year,No,27.15,0
48,Two year,No,24.43,0
6,Month-to-month,DSL,43.82,0
14,Month-to-month,Fiber optic,64.35,1
13,Two year,Fiber optic,83.49,0
29,One year,Fiber optic,68.71,1
33,Month-to-month,Fiber optic,43.9,0
21,Month-to-month,Fiber optic,80.61,0
67,Month-to-month,DSL,54.98,1
15,One year,Fiber optic,70.52,0
41,Two year,Fiber optic,60.54,0
31,Month-to-month,DSL,31.08,0
28,Month-to-month,Fiber optic,60.58,0
60,Month-to-month,Fiber optic,72.39,0
71,One year,Fiber optic,47.88,0
0,Month-to-month,Fiber optic,75.09,1
33,Month-to-month,DSL,45.87,0
8,One year,Fiber optic,85.45,0
31,Month-to-month,Fiber optic,78.41,1
45,One year,DSL,36.32,0
30,One year,DSL,24.71,0
22,Month-to-month,DSL,35.15,1
22,One year,DSL,61.57,0
21,One year,DSL,48.53,0
23,One year,Fiber optic,77.17,0
27,One year,DSL,37.45,0
50,Month-to-month,Fiber optic,75.82,0
7,Month-to-month,Fiber optic,51.76,1
2,Month-to-month,No,36.22,0
37,Month-to-month,Fiber optic,56.13,0
49,Month-to-month,Fiber optic,46.31,0
18,Month-to-month,Fiber optic,97.15,1
14,One year,DSL,46.62,0
45,Month-to-month,Fiber optic,71.29,1
28,Two year,No,2.56,0
53,One year,Fiber optic,77.47,0
10,Month-to-month,DSL,55.63,0
8,One year,Fiber optic,67.61,0
40,Month-to-month,Fiber optic,80.68,1
28,Two year,Fiber optic,84.05,0
53,Two year,Fiber optic,76.31,1
36,Two year,Fiber optic,44.01,0
25,One year,Fiber optic,56.18,0
11,Two year,DSL,65.24,0
11,One year,DSL,45.99,0
55,Two year,Fiber optic,71.04,0
16,Month-to-month,DSL,35.02,0
36,Two year,DSL,37.35,0
59,One year,No,39.31,0
65,Month-to-month,Fiber optic,87.98,0
19,Two year,Fiber optic,79.57,1
8,One year,No,31.62,0
56,Two year,No,,0
50,Month-to-month,No,24.16,0
24,One year,DSL,30.56,0
43,One year,DSL,27.96,0
13,Month-to-month,No,40.78,0
51,One year,Fiber optic,69.6,0
53,One year,Fiber optic,75.72,0
21,Month-to-month,No,27.53,0
34,One year,DSL,48.14,0
24,Month-to-month,Fiber optic,74.14,0
2,Two year,Fiber optic,78.37,1
9,Two year,DSL,35.79,0
70,Month-to-month,Fiber optic,84.19,0
33,Month-to-month,DSL,36.15,1
10,Month-to-month,Fiber optic,72.87,0
3,Month-to-month,Fiber optic,55.8,1
25,Two year,DSL,43.0,0
71,Month-to-month,No,17.08,0
28,Month-to-month,DSL,45.29,1
72,Month-to-month,Fiber optic,78.82,1
35,One year,Fiber optic,70.91,0
55,Two year,Fiber optic,93.53,0
57,Month-to-month,No,34.55,0
2,Month-to-month,Fiber optic,67.26,1
0,Month-to-month,No,23.97,0
67,Month-to-month,DSL,49.53,0
68,Month-to-month,Fiber optic,78.45,1
9,One year,Fiber optic,55.19,0
47,Month-to-month,No,32.64,0
67,Month-to-month,Fiber optic,55.5,0
69,One year,DSL,51.48,0
21,One year,Fiber optic,83.2,1
59,Month-to-month,Fiber optic,73.6,0
47,Month-to-month,Fiber optic,42.09,0
67,One year,Fiber optic,48.61,1
10,Month-to-month,DSL,51.75,0
43,Two year,DSL,15.55,0
1,Two year,Fiber optic,77.32,1
26,Two year,DSL,56.82,0
0,Month-to-month,Fiber optic,83.62,1
32,Month-to-month,No,22.1,0
59,Two year,DSL,50.26,0
48,Month-to-month,DSL,47.51,0
23,Month-to-month,No,7.33,0
31,One year,Fiber optic,78.94,0
26,Month-to-month,Fiber optic,86.69,0
53,One year,Fiber optic,78.27,0
19,Two year,DSL,38.97,0
6,One year,Fiber optic,78.88,1
36,Month-to-month,DSL,60.57,1
60,Two year,Fiber optic,83.99,0
34,One year,Fiber optic,82.32,0
14,Month-to-month,DSL,25.9,0
3,One year,DSL,49.78,0
68,Month-to-month,Fiber optic,77.75,0
55,Month-to-month,DSL,57.46,0
11,One year,DSL,51.19,0
5,Month-to-month,Fiber optic,88.62,0
9,Month-to-month,DSL,23.07,0
27,One year,Fiber optic,76.7,1
59,Month-to-month,DSL,50.75,1
11,Month-to-month,Fiber optic,80.83,1
59,Month-to-month,DSL,63.51,1
0,One year,Fiber optic,59.34,0
53,Two year,Fiber optic,88.1,0
20,Month-to-month,DSL,54.78,0
70,One year,Fiber optic,67.75,0
34,Month-to-month,DSL,34.09,0
19,Month-to-month,DSL,47.36,1
17,Month-to-month,Fiber optic,73.43,1
60,Month-to-month,Fiber optic,74.09,0
29,Month-to-month,DSL,37.48,0
25,One year,Fiber optic,77.31,0
53,One year,Fiber optic,65.13,0
39,Two year,Fiber optic,84.6,0
48,Two year,Fiber optic,90.52,1
32,Month-to-month,DSL,35.25,0
4,Month-to-month,DSL,45.72,0
0,Month-to-month,DSL,56.67,0
2,Month-to-month,DSL,48.31,0
41,Two year,Fiber optic,53.77,0
37,Month-to-month,DSL,55.38,0
54,Month-to-month,DSL,37.73,0
65,Month-to-month,Fiber optic,72.41,0
12,Two year,DSL,33.07,0
69,Month-to-month,Fiber optic,79.54,0
68,One year,Fiber optic,64.95,0
44,Month-to-month,Fiber optic,80.81,1
38,Month-to-month,Fiber optic,67.42,0
12,Month-to-month,Fiber optic,64.23,0
13,One year,Fiber optic,74.95,1
1,One year,Fiber optic,57.11,1
47,Month-to-month,Fiber optic,91.58,1
31,Month-to-month,Fiber optic,72.23,1
14,Month-to-month,Fiber optic,63.2,0
9,Month-to-month,DSL,40.21,0
4,Month-to-month,DSL,45.21,0
46,Month-to-month,Fiber optic,81.95,1
50,One year,Fiber optic,59.27,0
46,Two year,Fiber optic,65.57,0
8,One year,Fiber optic,69.41,0
3,One year,Fiber optic,88.51,0
7,Two year,Fiber optic,81.99,1
54,Two year,DSL,64.08,0
54,Month-to-month,DSL,45.37,0
21,Month-to-month,Fiber optic,87.19,0
4,Month-to-month,Fiber optic,85.21,1
23,Two year,Fiber optic,78.36,1
59,Month-to-month,DSL,54.32,0
10,Month-to-month,DSL,37.87,0
58,Month-to-month,DSL,66.94,0
33,One year,No,22.06,0
10,One year,DSL,51.72,1
68,One year,Fiber optic,78.12,0
37,One year,DSL,28.54,1
49,Two year,Fiber optic,69.39,0
7,Month-to-month,DSL,47.44,0
27,Two year,Fiber optic,68.64,0
46,One year,Fiber optic,69.53,0
47,Month-to-month,Fiber optic,87.91,0
4,Two year,Fiber optic,60.07,0
44,Two year,DSL,29.77,0
68,Two year,Fiber optic,62.96,0
57,Two year,Fiber optic,78.93,0
15,Month-to-month,Fiber optic,80.1,1
66,Month-to-month,DSL,52.27,0
49,Month-to-month,DSL,55.94,0
4,Two year,DSL,48.07,1
9,Two year,Fiber optic,63.78,0
67,Two year,Fiber optic,58.66,0
15,Two year,Fiber optic,54.85,0
7,One year,Fiber optic,67.27,1
32,Month-to-month,Fiber optic,79.46,0
38,Month-to-month,DSL,47.84,0
41,Month-to-month,DSL,45.28,0
48,One year,Fiber optic,57.34,0
72,Month-to-month,DSL,75.95,0
55,Two year,Fiber optic,60.09,0
1,One year,Fiber optic,71.45,1
6,Month-to-month,DSL,57.04,0
0,Two year,DSL,45.51,0
28,One year,DSL,35.32,1
25,One year,DSL,54.7,0
68,Month-to-month,Fiber optic,53.93,0
26,Month-to-month,DSL,65.9,0
2,Month-to-month,DSL,48.39,0
64,Month-to-month,Fiber optic,66.96,0
18,One year,DSL,28.0,0
66,Two year,No,11.18,0
56,Two year,DSL,44.37,0
64,Month-to-month,Fiber optic,92.71,0
59,Two year,Fiber optic,72.8,0
10,Month-to-month,DSL,49.16,0
45,Month-to-month,DSL,49.63,0
30,One year,Fiber optic,98.37,0
45,Two year,Fiber optic,64.7,0
54,Two year,Fiber optic,88.79,0
36,Two year,Fiber optic,65.22,1
22,Month-to-month,DSL,36.56,0
66,Month-to-month,DSL,44.04,1
48,Month-to-month,DSL,43.99,0
64,One year,DSL,51.74,1
17,Month-to-month,DSL,17.11,0
61,Month-to-month,DSL,46.77,0
23,Month-to-month,Fiber optic,62.82,0
33,One year,Fiber optic,61.31,0
62,One year,DSL,29.45,0
25,Month-to-month,Fiber optic,65.62,0
18,Month-to-month,Fiber optic,63.8,1
66,One year,Fiber optic,64.88,0
70,One year,DSL,25.34,0
22,Month-to-month,Fiber optic,71.18,1
22,Month-to-month,DSL,35.5,0
16,Two year,Fiber optic,50.38,1
1,One year,DSL,38.42,0
40,Month-to-month,DSL,35.71,0
18,One year,DSL,45.49,0
61,One year,DSL,38.26,0
12,Month-to-month,DSL,27.61,1
46,Month-to-month,Fiber optic,59.34,0
36,Two year,Fiber optic,49.28,0
44,Month-to-month,DSL,58.65,0
8,Month-to-month,DSL,60.57,0
34,One year,DSL,62.03,0
45,Month-to-month,No,17.92,0
24,One year,DSL,60.57,0
63,Month-to-month,DSL,49.88,0
38,Month-to-month,DSL,35.13,1
26,Month-to-month,Fiber optic,62.46,1
2,Two year,DSL,42.94,0
12,One year,DSL,46.23,0
34,Two year,DSL,49.35,1
29,Month-to-month,Fiber optic,69.98,0
63,One year,DSL,40.82,0
57,Month-to-month,No,41.23,0
11,One year,Fiber optic,68.63,0
43,Month-to-month,Fiber optic,67.95,1
33,One year,DSL,42.39,0
7,Month-to-month,DSL,43.64,0
48,Month-to-month,DSL,28.65,0
39,One year,DSL,32.96,0
6,Month-to-month,Fiber optic,99.35,1
34,Month-to-month,Fiber optic,50.19,1
53,Two year,DSL,48.26,0
23,Month-to-month,Fiber optic,74.11,0
26,One year,Fiber optic,82.15,0
8,Two year,Fiber optic,74.4,1
14,One year,Fiber optic,92.69,0
71,Month-to-month,Fiber optic,72.88,0
45,One year,DSL,61.17,0
12,Month-to-month,Fiber optic,82.48,0
35,Month-to-month,DSL,63.5,0
14,One year,Fiber optic,70.3,0
32,Two year,DSL,49.77,0
10,Month-to-month,Fiber optic,65.57,1
45,Month-to-month,Fiber optic,71.92,0
41,One year,Fiber optic,72.58,0
46,Month-to-month,No,0.07,0
32,One year,DSL,43.28,0
20,Month-to-month,DSL,55.68,0
18,Month-to-month,Fiber optic,53.8,0
15,One year,Fiber optic,58.16,0
31,Two year,No,38.87,0
32,Month-to-month,Fiber optic,86.12,0
49,Two year,DSL,37.55,0
3,Month-to-month,DSL,47.09,0
20,Month-to-month,DSL,44.06,0
62,Month-to-month,Fiber optic,84.12,0
66,Month-to-month,Fiber optic,63.6,0
67,One year,Fiber optic,65.46,0
22,Month-to-month,No,41.09,1
10,Month-to-month,DSL,32.96,1
14,Month-to-month,Fiber optic,64.02,1
9,Two year,DSL,46.59,0
69,Two year,Fiber optic,88.29,0
64,Month-to-month,Fiber optic,55.68,1
59,Month-to-month,Fiber optic,61.47,0
53,Two year,DSL,52.11,0
25,Month-to-month,Fiber optic,78.96,0
34,Two year,Fiber optic,72.54,0
61,One year,Fiber optic,68.6,0
59,Two year,Fiber optic,71.56,0
37,Month-to-month,DSL,26.91,0
61,Month-to-month,Fiber optic,71.22,0
25,Month-to-month,DSL,62.79,1
30,Month-to-month,No,9.16,0
61,Month-to-month,Fiber optic,60.59,0
27,Two year,No,20.24,0
54,Month-to-month,DSL,40.99,0
33,Month-to-month,DSL,67.1,0
21,Month-to-month,Fiber optic,58.82,0
15,Month-to-month,DSL,31.42,0
44,Month-to-month,DSL,54.25,0
35,Month-to-month,Fiber optic,62.24,1
26,One year,DSL,54.45,0
54,Two year,Fiber optic,67.64,0
0,Month-to-month,DSL,50.51,1
6,One year,DSL,26.19,0
70,Month-to-month,DSL,50.47,0
48,Month-to-month,Fiber optic,72.61,1
40,Two year,DSL,41.94,0
1,Two year,Fiber optic,55.21,0
43,Month-to-month,DSL,47.6,0
31,Month-to-month,DSL,53.69,0
43,Month-to-month,Fiber optic,63.63,1
2,Month-to-month,DSL,38.86,1
40,One year,No,34.53,0
42,Month-to-month,No,,1
21,Two year,Fiber optic,81.28,0
3,One year,Fiber optic,72.75,1
70,Month-to-month,Fiber optic,67.08,0
51,Two year,DSL,44.67,0
45,One year,Fiber optic,54.09,0
55,Month-to-month,Fiber optic,68.15,1
48,Month-to-month,Fiber optic,83.44,1
9,Two year,No,25.48,0
33,Two year,Fiber optic,62.49,0
64,Month-to-month,DSL,36.38,0
21,One year,Fiber optic,69.62,0
70,Two year,DSL,30.18,0
4,Two year,DSL,34.1,0
24,Month-to-month,No,43.39,1
25,Month-to-month,DSL,32.57,0
45,Two year,Fiber optic,60.38,0
12,Month-to-month,Fiber optic,73.5,1
16,Month-to-month,Fiber optic,64.7,1
48,One year,Fiber optic,71.06,0
20,Month-to-month,No,35.35,0
64,One year,Fiber optic,51.44,0
63,Month-to-month,DSL,54.05,0
22,One year,Fiber optic,63.01,0
40,Month-to-month,DSL,41.57,0
24,Two year,DSL,68.07,1
25,Month-to-month,DSL,28.17,0
48,Month-to-month,Fiber optic,77.09,0
21,Two year,DSL,58.54,0
10,One year,DSL,36.8,0
18,Month-to-month,Fiber optic,61.99,0
67,Month-to-month,No,20.58,0
18,One year,DSL,36.73,0
26,Two year,Fiber optic,70.8,0
45,Month-to-month,Fiber optic,80.71,0
7,Two year,Fiber optic,65.64,0
19,Month-to-month,DSL,56.14,0
12,One year,DSL,61.81,0
67,Month-to-month,DSL,50.17,0
68,Month-to-month,Fiber optic,76.31,0
55,Two year,DSL,37.87,0
18,Month-to-month,DSL,13.52,1
44,Two year,Fiber optic,77.03,0
48,Month-to-month,DSL,54.56,0
63,Month-to-month,DSL,47.91,0
11,Two year,Fiber optic,80.92,0
53,One year,Fiber optic,63.42,0
14,Month-to-month,DSL,51.22,0
41,One year,Fiber optic,87.67,0
64,Month-to-month,Fiber optic,77.99,0
4,Two year,No,41.11,0
10,Month-to-month,DSL,61.19,0
59,Month-to-month,DSL,30.34,0
1,Month-to-month,Fiber optic,78.63,0
50,One year,DSL,37.42,0
36,Two year,DSL,31.71,0
25,Two year,Fiber optic,66.57,0
62,Month-to-month,Fiber optic,91.05,0
61,Month-to-month,Fiber optic,63.47,0
23,Month-to-month,DSL,23.9,0
0,Two year,No,7.66,0
9,Month-to-month,DSL,50.74,1
7,One year,Fiber optic,60.89,0
71,Month-to-month,Fiber optic,45.48,1
43,Two year,DSL,28.14,0
49,Month-to-month,Fiber optic,72.0,0
16,Month-to-month,Fiber optic,79.35,1
62,Two year,No,19.65,0
52,Two year,No,32.79,0
54,One year,No,35.98,0
34,One year,Fiber optic,60.6,0
50,One year,DSL,43.55,0
39,Month-to-month,DSL,37.79,0
28,Month-to-month,DSL,51.47,0
43,One year,Fiber optic,62.65,1
23,One year,Fiber optic,55.44,0
69,Month-to-month,Fiber optic,70.63,0
52,Month-to-month,DSL,58.32,0
53,One year,DSL,51.13,0
52,Month-to-month,No,37.08,1
32,One year,DSL,56.03,0
69,One year,Fiber optic,70.51,0
15,Month-to-month,Fiber optic,62.83,1
41,Month-to-month,Fiber optic,59.56,1
5,Month-to-month,No,5.96,1
21,Month-to-month,Fiber optic,84.27,1
41,One year,Fiber optic,66.03,0
35,One year,DSL,24.54,0
68,Two year,DSL,59.81,0
44,Month-to-month,DSL,46.13,0
30,One year,Fiber optic,81.61,0
31,Month-to-month,DSL,41.86,1
44,Two year,Fiber optic,60.48,0
57,Month-to-month,DSL,50.35,0
20,One year,DSL,51.34,1
42,Month-to-month,Fiber optic,66.64,0
41,Month-to-month,Fiber optic,85.76,1
0,Two year,Fiber optic,81.35,0
66,Month-to-month,Fiber optic,76.78,0
41,Month-to-month,DSL,31.68,0
17,One year,Fiber optic,54.99,0
46,Month-to-month,Fiber optic,84.39,0
49,Month-to-month,DSL,18.74,0
66,Month-to-month,DSL,43.91,0
2,Month-to-month,DSL,46.76,1
30,Two year,DSL,39.12,0
13,One year,DSL,44.58,0
41,Month-to-month,Fiber optic,75.04,0
36,Month-to-month,DSL,37.95,0
34,Two year,DSL,55.58,0
71,Two year,Fiber optic,76.99,0
38,Month-to-month,No,22.84,0
30,One year,DSL,35.08,0
4,Month-to-month,Fiber optic,68.91,1
21,Month-to-month,DSL,70.33,1
65,Two year,Fiber optic,60.91,0
32,Two year,No,43.37,0
66,Month-to-month,Fiber optic,48.94,0
38,Two year,DSL,34.67,0
40,One year,DSL,38.49,0
31,One year,Fiber optic,81.39,0
40,One year,DSL,45.66,0
4,Month-to-month,Fiber optic,85.72,1
4,Two year,Fiber optic,66.01,1
34,Month-to-month,Fiber optic,69.35,0
43,Month-to-month,DSL,41.06,0
40,Month-to-month,DSL,69.32,0
31,Two year,Fiber optic,56.56,0
21,Month-to-month,DSL,38.9,0
51,Month-to-month,DSL,33.26,0
44,One year,Fiber optic,76.88,0
3,Month-to-month,No,11.31,0
33,Month-to-month,Fiber optic,91.87,0
51,Month-to-month,DSL,45.97,1
57,One year,DSL,49.95,0
20,Month-to-month,No,30.56,0
67,Month-to-month,Fiber optic,69.76,0
47,Month-to-month,Fiber optic,71.46,0
31,Two year,DSL,46.02,0
45,One year,DSL,51.23,0
63,Month-to-month,DSL,35.13,0
16,Two year,DSL,33.1,0
10,Two year,DSL,54.85,0
32,One year,Fiber optic,69.98,0
6,Month-to-month,Fiber optic,45.92,0
61,Month-to-month,Fiber optic,64.3,0
70,One year,Fiber optic,88.36,0
44,Month-to-month,DSL,43.08,1
71,Month-to-month,Fiber optic,63.63,0
5,Month-to-month,DSL,27.06,1
46,Month-to-month,Fiber optic,63.19,0
32,One year,DSL,31.03,0
20,Month-to-month,Fiber optic,75.15,1
22,One year,Fiber optic,70.59,1
39,Two year,DSL,40.64,0
46,Month-to-month,Fiber optic,60.85,0
11,Month-to-month,DSL,63.32,0
44,Month-to-month,Fiber optic,61.54,0
67,Month-to-month,DSL,36.58,0
0,Two year,Fiber optic,67.08,0
64,One year,Fiber optic,68.76,0
44,Two year,DSL,50.78,0
24,Two year,DSL,56.17,0
53,Month-to-month,DSL,55.27,0
45,One year,Fiber optic,99.16,0
56,Month-to-month,DSL,24.69,0
5,Month-to-month,Fiber optic,72.77,1
4,Month-to-month,DSL,38.75,0
46,Month-to-month,No,49.12,0
22,One year,Fiber optic,72.11,0
17,One year,Fiber optic,45.64,0
30,Month-to-month,DSL,50.21,0
52,Month-to-month,DSL,48.2,1
13,One year,DSL,54.09,0
71,One year,Fiber optic,61.32,0
30,One year,DSL,48.93,0
10,Month-to-month,Fiber optic,66.75,1
5,Month-to-month,No,16.94,0
62,One year,DSL,49.11,0
8,One year,DSL,46.83,0
30,Month-to-month,DSL,57.6,1
48,Month-to-month,No,25.32,0
37,Month-to-month,Fiber optic,77.25,1
19,One year,No,10.51,0
7,Month-to-month,Fiber optic,86.73,1
51,One year,Fiber optic,60.67,0
35,Two year,Fiber optic,80.84,1
3,Month-to-month,Fiber optic,73.16,0
13,Month-to-month,Fiber optic,71.64,1
41,Month-to-month,DSL,54.12,0
12,Month-to-month,Fiber optic,44.32,1
28,Two year,Fiber optic,63.12,0
9,Two year,Fiber optic,78.95,1
58,Month-to-month,DSL,68.07,0
46,Two year,DSL,44.71,0
57,Month-to-month,DSL,15.75,0
3,One year,DSL,41.19,0
27,One year,DSL,44.28,1
19,Month-to-month,Fiber optic,83.31,1
45,Month-to-month,DSL,45.58,0
59,One year,Fiber optic,54.68,0
16,Month-to-month,Fiber optic,81.56,1
56,Two year,DSL,51.82,0
42,Month-to-month,Fiber optic,61.61,0
60,Month-to-month,No,33.64,0
5,Two year,Fiber optic,63.44,0
72,Month-to-month,DSL,41.42,0
31,Month-to-month,Fiber optic,63.64,0
20,Month-to-month,No,21.28,0
13,Month-to-month,DSL,55.88,0
71,Month-to-month,Fiber optic,48.57,1
64,Month-to-month,Fiber optic,83.25,0
9,Month-to-month,DSL,47.12,0
32,Month-to-month,Fiber optic,65.32,1
53,Two year,Fiber optic,70.25,0
43,Two year,No,14.09,0
13,Month-to-month,DSL,25.42,0
26,Two year,Fiber optic,59.43,1
26,Two year,DSL,22.25,0
21,Two year,Fiber optic,53.77,0
70,One year,DSL,25.53,0
14,Month-to-month,Fiber optic,84.69,1
51,Month-to-month,Fiber optic,54.59,0
66,Two year,Fiber optic,69.51,0
58,Month-to-month,No,38.4,0
58,Two year,Fiber optic,80.2,1
11,One year,DSL,41.46,1
9,Month-to-month,Fiber optic,66.51,0
57,Month-to-month,DSL,47.16,0
54,Two year,Fiber optic,95.35,0
54,Month-to-month,DSL,49.96,0
30,One year,No,33.02,0
38,Two year,Fiber optic,97.2,0
1,Month-to-month,Fiber optic,73.33,1
21,Month-to-month,No,38.77,0
38,Month-to-month,Fiber optic,75.73,1
9,Two year,DSL,50.56,1
9,Month-to-month,DSL,33.44,0
3,Month-to-month,Fiber optic,56.45,0
15,Month-to-month,Fiber optic,63.85,1
72,Month-to-month,Fiber optic,80.58,0
50,Month-to-month,DSL,55.01,0
69,Month-to-month,DSL,61.0,0
18,Two year,DSL,44.87,0
43,Month-to-month,DSL,51.45,0
65,Two year,DSL,51.5,0
25,Two year,Fiber optic,68.71,1
47,One year,Fiber optic,66.14,0
50,One year,Fiber optic,52.18,0
60,Month-to-month,Fiber optic,68.17,0
70,One year,Fiber optic,68.75,0
44,Month-to-month,No,38.61,0
42,Month-to-month,Fiber optic,84.8,0
63,One year,Fiber optic,71.75,0
49,Month-to-month,DSL,69.76,1
26,Month-to-month,DSL,47.28,0
46,One year,DSL,57.4,0
40,Month-to-month,Fiber optic,68.8,0
16,Month-to-month,Fiber optic,56.32,1
37,Month-to-month,Fiber optic,64.9,0
45,Month-to-month,Fiber optic,87.69,0
65,Month-to-month,Fiber optic,66.83,0
42,Month-to-month,DSL,39.4,0
12,Month-to-month,DSL,44.95,0
72,One year,Fiber optic,65.33,0
42,Two year,Fiber optic,84.33,0
20,One year,DSL,67.63,0
55,Month-to-month,DSL,45.07,0
28,One year,DSL,51.49,0
27,Two year,DSL,56.66,1
61,Two year,DSL,46.3,0
63,Month-to-month,DSL,34.47,0
38,Month-to-month,Fiber optic,65.09,0
27,Month-to-month,No,29.94,0
63,One year,DSL,49.73,0
12,Month-to-month,Fiber optic,48.49,0
54,Two year,DSL,39.76,0
42,Month-to-month,Fiber optic,61.16,0
62,One year,DSL,55.59,0
30,Month-to-month,Fiber optic,61.62,0
60,Month-to-month,DSL,39.47,0
1,Month-to-month,Fiber optic,64.05,1
55,One year,DSL,54.5,0
5,Month-to-month,DSL,56.63,0
46,Month-to-month,Fiber optic,75.92,0
14,One year,Fiber optic,83.28,0
70,Two year,DSL,59.82,0
56,One year,DSL,23.28,0
7,One year,No,32.1,0
65,Month-to-month,Fiber optic,65.56,0
18,Two year,DSL,29.92,0
39,Month-to-month,No,21.16,0
6,Two year,DSL,53.77,1
7,Two year,Fiber optic,87.46,0
17,Month-to-month,Fiber optic,53.86,1
39,Month-to-month,DSL,52.42,1
39,One year,Fiber optic,93.59,0
62,One year,Fiber optic,91.97,0
12,One year,DSL,3.56,0
54,Two year,Fiber optic,96.15,0
0,Month-to-month,DSL,56.53,1
21,Month-to-month,No,-2.69,0
12,One year,No,15.81,0
9,Month-to-month,DSL,60.09,0
42,One year,DSL,49.32,0
65,Two year,DSL,38.11,0
48,Month-to-month,No,25.8,0
62,Two year,DSL,51.55,0
43,Two year,DSL,38.05,0
3,Month-to-month,Fiber optic,68.47,0
25,Two year,Fiber optic,80.76,0
60,One year,Fiber optic,61.59,0
3,Month-to-month,DSL,28.72,1
7,Month-to-month,No,17.35,0
60,Month-to-month,No,14.33,0
4,One year,DSL,37.74,1
70,Month-to-month,DSL,24.27,0
55,Month-to-month,DSL,47.83,0
48,Two year,Fiber optic,80.41,0
39,One year,DSL,35.26,0
6,One year,Fiber optic,62.18,1
30,Two year,DSL,42.75,0
58,Month-to-month,DSL,34.06,0
65,Month-to-month,Fiber optic,81.81,0
32,One year,DSL,34.34,0
61,Month-to-month,DSL,38.69,0
56,Month-to-month,DSL,35.84,1
4,One year,DSL,57.09,0
45,Month-to-month,Fiber optic,67.23,1
44,Month-to-month,DSL,68.92,0
39,One year,Fiber optic,74.25,1
56,One year,Fiber optic,83.9,0
64,Month-to-month,DSL,41.11,0
40,Month-to-month,DSL,33.69,0
23,Two year,No,24.6,0
71,Two year,Fiber optic,61.85,0
70,Month-to-month,DSL,21.02,0
50,Month-to-month,DSL,57.16,0
46,One year,No,25.39,0
7,Month-to-month,Fiber optic,61.6,0
29,Month-to-month,Fiber optic,74.52,0
14,Month-to-month,DSL,45.56,0
37,Month-to-month,No,41.92,0
60,Month-to-month,Fiber optic,75.19,0
16,Month-to-month,DSL,43.12,0
72,Two year,No,33.32,0
9,Month-to-month,Fiber optic,69.57,1
7,Month-to-month,DSL,47.21,0
71,Month-to-month,No,39.71,0
7,Two year,Fiber optic,55.98,1
53,Month-to-month,Fiber optic,59.64,0
55,Month-to-month,Fiber optic,64.97,0
24,One year,DSL,41.72,1
4,One year,Fiber optic,83.88,0
22,Two year,Fiber optic,53.02,1
5,Month-to-month,Fiber optic,69.65,1
49,Month-to-month,DSL,38.39,0
64,Month-to-month,DSL,65.41,0
72,One year,DSL,55.61,0
58,Month-to-month,DSL,47.86,0
56,Month-to-month,No,36.63,0
64,Month-to-month,DSL,29.17,0
56,Two year,DSL,69.33,0
47,Month-to-month,Fiber optic,59.9,0
72,Month-to-month,Fiber optic,85.08,1
23,Two year,Fiber optic,76.62,0
30,One year,DSL,48.17,0
66,One year,No,39.58,0
22,One year,Fiber optic,81.96,0
21,Month-to-month,Fiber optic,71.29,1
11,Two year,DSL,39.94,0
20,Month-to-month,No,26.48,0
43,Two year,DSL,43.77,0
64,Month-to-month,Fiber optic,74.25,0
9,One year,DSL,57.25,1
49,Month-to-month,Fiber optic,75.62,0
55,Month-to-month,DSL,47.22,0
65,Month-to-month,DSL,37.15,0
54,One year,DSL,48.9,0
11,Month-to-month,Fiber optic,49.65,1
35,Two year,No,15.43,0
69,Month-to-month,Fiber optic,77.27,0
66,One year,Fiber optic,80.62,0
44,One year,DSL,44.75,0
70,Month-to-month,Fiber optic,72.41,0
48,One year,DSL,49.44,0
4,One year,Fiber optic,78.18,0
66,One year,Fiber optic,67.58,0
12,One year,Fiber optic,58.2,0
27,One year,DSL,49.65,0
17,Month-to-month,Fiber optic,93.5,1
52,Month-to-month,No,13.93,0
2,Month-to-month,DSL,43.48,0
46,One year,DSL,40.37,0
63,Two year,DSL,73.96,0
57,Month-to-month,DSL,33.47,0
22,Month-to-month,Fiber optic,68.07,0
65,Month-to-month,No,20.62,0
26,One year,Fiber optic,54.95,1
49,One year,Fiber optic,54.3,0
36,One year,DSL,51.82,0
4,One year,Fiber optic,78.5,1
0,One year,DSL,38.29,0
13,Month-to-month,No,41.91,1
68,Month-to-month,DSL,17.99,0
69,Month-to-month,Fiber optic,54.9,0
29,Two year,Fiber optic,60.1,0
70,One year,Fiber optic,69.89,0
3,Month-to-month,Fiber optic,64.59,1
70,Month-to-month,DSL,42.59,0
16,Month-to-month,DSL,50.82,1
2,Two year,DSL,62.48,0
55,Month-to-month,DSL,54.63,0
27,One year,Fiber optic,,0
21,Month-to-month,Fiber optic,69.04,1
55,One year,DSL,58.22,0
24,One year,Fiber optic,92.61,1
54,Month-to-month,Fiber optic,77.66,0
14,One year,DSL,39.12,0
6,Month-to-month,Fiber optic,73.11,1
23,Two year,Fiber optic,76.96,0
44,Month-to-month,DSL,38.34,0
16,One year,Fiber optic,80.39,0
10,Month-to-month,DSL,48.17,0
54,One year,Fiber optic,83.98,0
36,Month-to-month,DSL,33.28,0
31,One year,Fiber optic,49.1,1
17,Month-to-month,Fiber optic,65.29,0
1,Month-to-month,Fiber optic,70.28,1
3,Two year,No,3.39,0
49,Month-to-month,DSL,37.7,1
5,Month-to-month,DSL,60.4,0
18,One year,DSL,51.4,0
66,Month-to-month,Fiber optic,71.66,0
25,Two year,DSL,32.33,0
54,Month-to-month,DSL,60.0,0
25,Two year,DSL,39.99,0
68,Two year,Fiber optic,71.14,0
59,Month-to-month,No,29.89,0
34,Month-to-month,DSL,47.06,0
49,One year,DSL,62.9,0
30,One year,Fiber optic,76.9,0
68,Month-to-month,Fiber optic,74.06,0
26,Month-to-month,Fiber optic,68.96,0
61,Month-to-month,No,30.18,0
44,One year,Fiber optic,67.48,0
46,One year,DSL,47.27,0
25,Month-to-month,Fiber optic,65.9,0
60,Month-to-month,Fiber optic,64.01,0
54,One year,Fiber optic,59.01,0
59,Two year,DSL,41.75,0
58,Month-to-month,Fiber optic,65.96,0
11,Month-to-month,DSL,66.95,1
63,Month-to-month,DSL,56.91,0
61,One year,No,23.39,0
17,Month-to-month,DSL,39.92,1
71,Month-to-month,DSL,52.38,0
38,One year,DSL,68.31,0
23,Month-to-month,Fiber optic,79.56,1
16,Month-to-month,DSL,24.36,0
26,Month-to-month,DSL,55.36,0
2,Month-to-month,Fiber optic,82.48,1
50,Month-to-month,Fiber optic,96.39,0
51,Month-to-month,DSL,42.02,0
48,Month-to-month,DSL,46.66,0
40,Month-to-month,Fiber optic,75.4,0
26,Two year,DSL,35.83,0
52,Two year,Fiber optic,59.75,0
63,Month-to-month,Fiber optic,74.79,0
6,One year,No,6.48,0
27,Month-to-month,Fiber optic,54.2,1
72,Two year,DSL,54.79,0
62,Two year,No,30.97,0
72,One year,Fiber optic,85.0,1
13,One year,Fiber optic,75.56,1
33,Month-to-month,No,25.13,0
9,Month-to-month,DSL,60.47,0
63,Month-to-month,No,19.93,0
37,Month-to-month,DSL,41.0,0
17,One year,DSL,44.23,0
6,Month-to-month,Fiber optic,75.41,0
53,Month-to-month,DSL,44.2,0
59,One year,Fiber optic,52.18,0
64,One year,Fiber optic,66.8,0
70,One year,DSL,44.62,0
59,Month-to-month,No,26.38,0
57,Two year,No,19.61,0
59,Month-to-month,No,31.07,0
72,One year,Fiber optic,50.67,0
33,Month-to-month,DSL,49.99,0
55,Month-to-month,Fiber optic,91.51,1
59,Two year,DSL,37.72,0
8,Month-to-month,No,25.69,0
50,Month-to-month,DSL,42.04,1
24,Month-to-month,DSL,42.24,0
9,Two year,Fiber optic,57.66,0
12,Two year,DSL,68.9,0
8,Month-to-month,Fiber optic,74.63,1
65,One year,DSL,36.95,0
56,Month-to-month,Fiber optic,60.58,0
7,One year,DSL,45.74,0
45,Month-to-month,Fiber optic,43.99,0
48,Month-to-month,DSL,57.63,0
37,One year,DSL,38.83,0
44,Two year,Fiber optic,74.67,0
66,Month-to-month,DSL,50.23,0
37,Month-to-month,DSL,56.58,0
48,Two year,No,30.91,0
41,Month-to-month,Fiber optic,78.92,1
28,Month-to-month,DSL,57.23,0
65,Month-to-month,Fiber optic,66.04,1
30,Month-to-month,Fiber optic,95.82,1
58,Month-to-month,Fiber optic,74.23,1
44,Month-to-month,DSL,44.66,0
50,Month-to-month,Fiber optic,59.91,1
55,Month-to-month,DSL,42.52,0
53,Two year,Fiber optic,74.82,0
41,Month-to-month,Fiber optic,71.14,0
44,One year,DSL,66.93,0
37,Month-to-month,Fiber optic,65.32,0
24,Month-to-month,Fiber optic,78.15,0
53,Month-to-month,Fiber optic,56.49,0
64,Month-to-month,Fiber optic,96.2,1
51,One year,DSL,30.68,0
56,Month-to-month,DSL,69.89,0
60,One year,DSL,43.37,0
26,Two year,Fiber optic,43.19,1
4,Month-to-month,Fiber optic,86.22,1
24,Two year,DSL,45.99,0
55,Month-to-month,Fiber optic,64.56,1
59,Month-to-month,Fiber optic,77.7,1
37,Month-to-month,Fiber optic,77.97,0
56,Two year,DSL,49.98,0
5,One year,DSL,58.62,1
47,Two year,Fiber optic,73.03,0
49,One year,Fiber optic,77.8,0
37,Month-to-month,DSL,38.74,0
52,Two year,Fiber optic,79.19,0
35,Two year,Fiber optic,63.79,0
38,One year,DSL,31.51,0
44,One year,Fiber optic,67.52,0
57,Two year,Fiber optic,66.69,0
18,Month-to-month,DSL,56.13,0
21,Two year,DSL,27.56,0
30,Two year,Fiber optic,83.12,1
14,One year,Fiber optic,62.52,1
24,Month-to-month,Fiber optic,40.42,1
25,Month-to-month,DSL,30.51,0
22,Two year,Fiber optic,66.31,0
29,Two year,Fiber optic,75.33,0
36,One year,Fiber optic,68.4,0
50,Two year,Fiber optic,55.49,1
22,Month-to-month,Fiber optic,60.66,0
61,Two year,DSL,30.69,0
34,Month-to-month,DSL,48.11,1
52,Month-to-month,No,23.91,0
8,Month-to-month,DSL,52.37,1
12,Month-to-month,DSL,23.76,1
33,Month-to-month,Fiber optic,63.59,1
26,One year,DSL,69.35,0
36,Month-to-month,DSL,52.69,1
11,One year,DSL,41.45,0
34,Month-to-month,No,13.15,0
50,Two year,Fiber optic,83.29,1
53,Month-to-month,No,43.39,0
18,One year,DSL,31.22,1
25,One year,DSL,32.35,0
38,Month-to-month,Fiber optic,73.35,0
37,Month-to-month,Fiber optic,74.47,1
57,Month-to-month,DSL,50.79,0
28,Month-to-month,Fiber optic,92.12,1
48,Month-to-month,DSL,33.34,0
64,Month-to-month,Fiber optic,70.48,0
21,One year,Fiber optic,78.65,1
60,Month-to-month,DSL,53.53,0
24,Month-to-month,DSL,37.23,0
24,Month-to-month,DSL,37.7,0
47,Month-to-month,DSL,39.49,0
45,Month-to-month,DSL,65.44,0
40,One year,No,13.26,0
16,One year,DSL,41.11,0
7,Month-to-month,DSL,54.31,0
66,Month-to-month,DSL,31.93,0
63,Month-to-month,DSL,48.1,0
64,One year,DSL,22.21,0
37,Month-to-month,DSL,47.31,0
64,Two year,DSL,45.63,0
34,One year,DSL,46.96,0
5,One year,DSL,34.57,0
14,Month-to-month,DSL,47.73,1
19,Two year,Fiber optic,69.53,0
27,Month-to-month,Fiber optic,85.59,0
68,Month-to-month,DSL,52.65,0
24,Two year,Fiber optic,52.61,0
44,One year,Fiber optic,60.01,0
19,Month-to-month,Fiber optic,62.6,0
46,Month-to-month,Fiber optic,72.16,1
41,Month-to-month,DSL,42.97,0
10,Two year,DSL,42.92,0
33,Month-to-month,DSL,78.81,0
7,Month-to-month,Fiber optic,63.85,1
64,Month-to-month,Fiber optic,86.69,1
51,Two year,Fiber optic,68.23,1
68,One year,Fiber optic,43.86,0
63,Month-to-month,Fiber optic,72.3,0
16,Two year,DSL,58.43,0
51,Month-to-month,Fiber optic,77.6,0
7,One year,DSL,48.07,0
70,One year,DSL,45.28,0
57,Month-to-month,Fiber optic,64.06,0
49,One year,DSL,55.75,0
72,Two year,DSL,39.79,0
61,Month-to-month,Fiber optic,62.32,0
63,Month-to-month,DSL,49.93,0
7,Two year,DSL,41.4,0
1,Month-to-month,DSL,60.37,1
70,Month-to-month,No,30.61,0
18,Month-to-month,Fiber optic,60.66,0
31,Two year,Fiber optic,56.26,0
3,One year,DSL,38.12,1
45,Two year,DSL,73.06,0
59,Month-to-month,No,22.15,0
61,Two year,DSL,54.1,0
42,Month-to-month,DSL,29.33,1
48,One year,DSL,32.0,0
37,One year,Fiber optic,67.74,0
32,Month-to-month,Fiber optic,90.41,1
40,One year,Fiber optic,54.51,0
68,Month-to-month,Fiber optic,62.44,0
18,Month-to-month,DSL,55.82,0
34,One year,DSL,64.11,0
43,Month-to-month,No,30.25,0
41,One year,Fiber optic,78.11,0
2,Month-to-month,Fiber optic,59.24,0
20,Month-to-month,Fiber optic,54.12,0
47,One year,DSL,31.25,0
50,Month-to-month,Fiber optic,59.52,1
53,Two year,DSL,47.71,0
72,Two year,DSL,30.36,0
49,Month-to-month,Fiber optic,73.0,0
42,Month-to-month,DSL,41.22,0
24,Month-to-month,Fiber optic,63.25,1
27,One year,Fiber optic,80.62,1
60,Month-to-month,No,13.49,0
34,Two year,Fiber optic,87.23,0
52,Two year,Fiber optic,79.97,0
9,Month-to-month,No,13.12,1
9,One year,Fiber optic,84.43,0
15,Month-to-month,Fiber optic,56.7,0
14,Month-to-month,Fiber optic,85.52,0
44,Month-to-month,DSL,49.0,0
46,One year,DSL,26.05,0
40,Month-to-month,DSL,29.46,0
21,Two year,No,20.14,0
42,Month-to-month,Fiber optic,80.41,0
8,One year,DSL,42.95,0
34,Two year,No,22.65,0
11,One year,Fiber optic,70.48,0
5,Month-to-month,No,1.06,0
12,Month-to-month,No,34.89,0
8,Month-to-month,No,41.08,0
34,Month-to-month,Fiber optic,79.47,0
39,Two year,DSL,39.92,0
44,Month-to-month,DSL,34.38,0
32,Month-to-month,Fiber optic,57.02,0
12,One year,DSL,31.4,0
1,Month-to-month,Fiber optic,97.17,1
52,Two year,Fiber optic,69.05,0
71,Month-to-month,DSL,55.86,0
20,Month-to-month,No,35.2,0
14,One year,Fiber optic,71.71,0
22,Month-to-month,Fiber optic,58.82,1
15,Two year,DSL,51.22,0
16,Month-to-month,Fiber optic,57.01,1
36,Month-to-month,DSL,52.23,0
57,Month-to-month,DSL,32.56,1
51,Month-to-month,Fiber optic,64.77,0
70,One year,DSL,39.75,0
26,Month-to-month,Fiber optic,86.79,1
35,One year,Fiber optic,40.79,0
27,Two year,DSL,72.97,1
3,Month-to-month,Fiber optic,60.33,1
28,One year,Fiber optic,68.52,0
19,Month-to-month,DSL,49.96,0
34,Two year,Fiber optic,73.93,0
11,Month-to-month,DSL,55.12,0
54,One year,DSL,52.32,0
61,Month-to-month,Fiber optic,94.44,0
70,Month-to-month,Fiber optic,78.78,0
6,Month-to-month,Fiber optic,68.59,1
8,Month-to-month,DSL,38.36,1
70,Two year,Fiber optic,63.05,0
61,Month-to-month,DSL,60.52,0
42,Two year,Fiber optic,91.06,0
23,Month-to-month,DSL,57.05,0
37,Month-to-month,DSL,7.03,0
39,Month-to-month,DSL,18.03,0
61,Month-to-month,DSL,44.91,0
38,Two year,Fiber optic,68.0,0
2,Month-to-month,Fiber optic,70.24,0
51,Two year,Fiber optic,85.02,0
56,Month-to-month,Fiber optic,84.42,0
21,Month-to-month,DSL,47.1,0
8,Month-to-month,DSL,26.71,0
10,One year,Fiber optic,55.25,1
61,Month-to-month,No,25.81,0
32,Two year,DSL,50.0,0
38,Month-to-month,Fiber optic,55.39,0
70,Month-to-month,Fiber optic,77.93,0
4,One year,DSL,23.97,0
15,One year,Fiber optic,38.04,0
60,Two year,Fiber optic,59.5,0
39,Month-to-month,DSL,61.48,1
1,One year,DSL,63.27,1
51,Month-to-month,Fiber optic,50.86,1
10,Two year,Fiber optic,51.78,0
57,Month-to-month,Fiber optic,79.13,0
58,Two year,Fiber optic,64.71,0
60,Month-to-month,Fiber optic,86.4,0
33,One year,DSL,53.94,0
19,Two year,DSL,56.0,0
64,Two year,Fiber optic,60.14,0
40,Month-to-month,No,30.33,1
46,Month-to-month,DSL,69.2,0
9,Two year,Fiber optic,71.71,0
45,One year,DSL,44.46,0
42,One year,DSL,39.77,0
21,Month-to-month,DSL,25.78,0
55,Month-to-month,Fiber optic,56.81,0
9,Month-to-month,DSL,34.3,0
52,One year,Fiber optic,50.27,0
70,Month-to-month,Fiber optic,51.48,0
41,Month-to-month,DSL,15.62,0
7,Two year,DSL,35.61,0
40,Month-to-month,DSL,53.1,1
38,Two year,Fiber optic,66.2,1
40,Month-to-month,Fiber optic,66.26,0
19,Month-to-month,DSL,54.2,0
45,Month-to-month,DSL,65.27,0
19,Month-to-month,DSL,72.28,1
40,One year,Fiber optic,71.73,0
43,Month-to-month,No,21.62,0
47,Month-to-month,Fiber optic,65.04,0
58,Month-to-month,Fiber optic,77.09,0
64,One year,DSL,43.12,0
56,Two year,Fiber optic,68.17,0
58,Month-to-month,DSL,43.96,0
63,Month-to-month,DSL,33.69,0
17,Month-to-month,DSL,17.01,0
21,One year,Fiber optic,61.97,0
38,Month-to-month,Fiber optic,87.49,0
33,Month-to-month,DSL,61.93,0
51,One year,DSL,56.28,0
0,Month-to-month,No,19.08,0
10,One year,Fiber optic,60.51,1
54,Month-to-month,DSL,64.5,0
60,Two year,Fiber optic,57.0,0
22,Month-to-month,Fiber optic,70.47,1
22,Month-to-month,Fiber optic,90.27,0
40,Month-to-month,Fiber optic,71.49,0
34,Month-to-month,Fiber optic,66.48,1
12,One year,Fiber optic,83.92,0
36,Month-to-month,Fiber optic,70.86,0
59,Month-to-month,DSL,47.35,0
53,One year,Fiber optic,88.18,0
59,Month-to-month,DSL,14.46,0
46,One year,DSL,49.31,0
64,One year,Fiber optic,60.8,0
18,Month-to-month,DSL,42.51,0
3,One year,Fiber optic,71.36,1
8,Two year,Fiber optic,61.89,0
72,Two year,DSL,47.74,0
46,Month-to-month,DSL,49.62,1
18,Month-to-month,Fiber optic,72.44,1
62,Two year,DSL,46.34,0
22,One year,DSL,43.59,0
43,Month-to-month,Fiber optic,68.82,1
18,Month-to-month,Fiber optic,70.95,1
6,One year,DSL,33.69,0
19,One year,No,40.24,0
16,Two year,DSL,43.91,0
40,Two year,DSL,40.16,0
1,Month-to-month,DSL,49.75,0
17,One year,Fiber optic,68.62,0
41,Month-to-month,No,39.91,0
28,Month-to-month,DSL,55.74,0
46,Month-to-month,DSL,46.12,0
47,Two year,DSL,56.27,0
70,Month-to-month,DSL,47.82,0
61,Month-to-month,Fiber optic,56.15,0
16,Month-to-month,DSL,55.68,0
50,Month-to-month,Fiber optic,47.19,0
45,Month-to-month,Fiber optic,27.8,0
43,Month-to-month,Fiber optic,78.38,0
58,Month-to-month,Fiber optic,75.32,0
10,Month-to-month,No,29.52,0
27,Two year,Fiber optic,86.67,1
59,One year,Fiber optic,69.7,0
65,Two year,DSL,40.46,0
2,Month-to-month,DSL,54.56,0
34,Month-to-month,DSL,36.43,0
19,Month-to-month,No,22.14,0
12,Two year,DSL,48.03,0
4,Month-to-month,DSL,,0
39,Month-to-month,Fiber optic,66.0,0
48,Two year,Fiber optic,64.11,0
38,Two year,Fiber optic,56.56,0
26,Month-to-month,DSL,35.55,0
56,One year,DSL,66.83,0
47,Month-to-month,DSL,41.81,1
66,Month-to-month,DSL,47.27,0
25,Month-to-month,DSL,27.1,0
17,Two year,Fiber optic,100.76,1
33,Month-to-month,Fiber optic,59.66,0
37,One year,DSL,30.9,0
33,Month-to-month,Fiber optic,69.27,0
60,One year,No,14.29,0
3,One year,Fiber optic,74.38,1
38,One year,Fiber optic,51.86,0
31,Two year,DSL,58.64,0
15,One year,Fiber optic,81.28,0
46,One year,DSL,43.58,0
58,Month-to-month,Fiber optic,50.13,0
39,Two year,Fiber optic,60.25,0
6,Month-to-month,DSL,45.75,0
5,Month-to-month,Fiber optic,55.47,1
30,Month-to-month,DSL,32.43,0
48,Month-to-month,Fiber optic,82.59,1
22,One year,DSL,46.86,1
22,Month-to-month,Fiber optic,71.48,1
62,Month-to-month,Fiber optic,76.33,0
1,Two year,DSL,43.03,0
5,Two year,DSL,44.29,0
11,Month-to-month,No,30.47,0
71,Two year,DSL,54.71,0
36,Month-to-month,DSL,50.98,1
11,Month-to-month,Fiber optic,87.52,1
22,Two year,DSL,45.3,0
70,One year,DSL,28.83,0
50,One year,DSL,58.06,0
16,Month-to-month,DSL,42.06,0
17,Month-to-month,Fiber optic,60.78,1
5,Month-to-month,DSL,53.55,0
56,Two year,DSL,49.45,0
10,Month-to-month,Fiber optic,54.66,1
20,Month-to-month,DSL,53.05,0
25,Month-to-month,DSL,67.49,0
45,One year,DSL,48.88,0
44,Month-to-month,DSL,41.93,0
58,One year,Fiber optic,49.97,0
21,Month-to-month,Fiber optic,94.61,1
28,Month-to-month,Fiber optic,63.8,1
28,Month-to-month,No,8.1,0
3,Month-to-month,Fiber optic,71.33,1
53,One year,DSL,57.1,0
39,Two year,DSL,59.83,0
34,Month-to-month,DSL,36.93,0
72,Month-to-month,Fiber optic,68.82,0
13,Month-to-month,Fiber optic,70.0,1
70,Two year,No,36.72,0
49,Two year,DSL,52.11,0
16,One year,Fiber optic,73.25,0
49,Month-to-month,Fiber optic,80.98,0
55,Month-to-month,DSL,28.66,0
26,Two year,No,30.05,1
25,Month-to-month,DSL,47.66,0
60,One year,Fiber optic,69.4,0
11,Two year,DSL,42.0,0
0,One year,Fiber optic,71.61,1
48,One year,DSL,38.16,0
66,Month-to-month,Fiber optic,102.73,0
36,Two year,Fiber optic,86.31,0
9,Month-to-month,Fiber optic,83.11,0
39,Two year,Fiber optic,63.64,0
18,Month-to-month,Fiber optic,58.51,1
60,One year,DSL,42.46,0
44,Two year,DSL,46.37,0
24,One year,DSL,27.62,0
45,Month-to-month,Fiber optic,75.76,1
48,Month-to-month,Fiber optic,82.99,0
49,Two year,DSL,18.17,0
26,One year,DSL,34.2,0
41,Month-to-month,Fiber optic,84.73,0
3,Two year,DSL,49.49,0
29,Two year,Fiber optic,59.6,0
27,Two year,Fiber optic,78.82,0
39,One year,Fiber optic,62.87,0
69,Two year,DSL,42.17,0
69,Two year,Fiber optic,56.33,0
35,Month-to-month,Fiber optic,70.2,0
47,Two year,Fiber optic,82.22,0
7,Month-to-month,Fiber optic,64.27,1
35,Two year,Fiber optic,77.75,0
50,One year,DSL,44.4,1
49,One year,DSL,57.95,0
70,Month-to-month,Fiber optic,64.44,0
34,Month-to-month,Fiber optic,88.66,0
66,Month-to-month,Fiber optic,78.18,0
71,One year,No,27.93,0
41,Two year,DSL,48.37,0
6,Month-to-month,Fiber optic,64.42,1
27,Month-to-month,No,18.65,0
55,One year,Fiber optic,73.15,0
42,Month-to-month,Fiber optic,55.62,0
68,Month-to-month,No,17.78,1
59,Month-to-month,DSL,33.75,0
4,One year,DSL,51.86,0
62,One year,DSL,52.04,0
26,Two year,No,40.21,0
59,Month-to-month,Fiber optic,65.98,0
